r,l,t,success,full_task_success,freeze_attempted,d_m,alpha_deg,flag,true_is_iugr,cum_timesteps,d_mm
-31.697075,121,13.189114,True,False,True,0.0272367392332203,82.8491417917731,,False,121,27.2367392332203
-29.910381,122,15.65967,True,False,True,0.0555300509405362,88.75083270731629,,True,243,55.5300509405362
-30.69491,123,18.053823,True,False,True,0.0015098962715908,88.93287252468528,,False,366,1.5098962715908
-19.47429,142,21.326035,True,False,True,0.0820181711957854,74.60724938957198,,True,508,82.0181711957854
-28.93206,123,27.579462,True,False,True,0.0130473012592479,82.86194922606137,,True,631,13.0473012592479
-25.436959,126,30.118634,True,False,True,0.0628646840745685,86.56293767354191,,False,757,62.864684074568494
-22.725725,145,35.195339,True,False,True,0.0594688360544256,64.29794452360139,,False,902,59.4688360544256
-32.752986,147,38.430273,True,False,True,0.0368189785786364,77.31305447969382,,False,1049,36.8189785786364
-26.684639,139,44.213387,True,False,True,0.098718290986665,86.75167974691296,,False,1188,98.718290986665
-26.00871,134,47.455713,True,False,True,0.0560925692542674,89.10283779379084,,False,1322,56.0925692542674
-24.363899,121,50.11134,True,False,True,0.0476566038758956,88.71941277240701,,False,1443,47.6566038758956
-38.977011,180,53.139592,False,False,True,0.0927530810305864,77.10285167408908,,False,1623,92.7530810305864
-23.950166,127,58.575817,True,False,True,0.1004997038618801,83.66667458027925,,False,1750,100.4997038618801
-23.102946,123,63.331416,True,False,True,0.030088956149844,85.72178968078201,,False,1873,30.088956149843998
-19.454337,134,66.401428,True,False,True,0.0385474867509336,88.66332239966839,,True,2007,38.5474867509336
-34.053539,127,69.273121,True,False,True,0.0893819976391155,77.30577470335696,,False,2134,89.3819976391155
-28.725854,136,75.477086,True,False,True,0.0460004275196504,85.02607650477896,,True,2270,46.0004275196504
-23.328568,170,78.553854,True,False,True,0.0320661468927088,73.60045935273459,,False,2440,32.0661468927088
-22.24133,126,81.016528,True,False,True,0.1267763184535348,86.15443139578684,,False,2566,126.7763184535348
-23.639566,140,83.478746,True,False,True,0.0533989399992284,75.8092498629992,,False,2706,53.3989399992284
-19.273787,123,91.257751,True,False,True,0.0023660478580963,80.44769038459971,,False,2829,2.3660478580963002
-19.458446,125,94.574067,True,False,True,0.0873131505654848,83.89516012251659,,False,2954,87.3131505654848
-40.536659,131,97.348974,True,False,True,0.102271330970257,73.83428755709492,,False,3085,102.271330970257
-27.283638,135,100.035881,True,False,True,0.0154340666623168,87.06314683421624,,False,3220,15.4340666623168
-17.873893,129,106.884318,True,False,True,0.0306305292866989,85.58007700618856,,False,3349,30.630529286698902
-41.382394,180,110.06573,False,False,True,0.0341266816290293,88.7432620330902,,False,3529,34.1266816290293
-25.833548,154,112.723247,True,False,True,0.0104707428119489,83.80329340892426,,False,3683,10.4707428119489
-31.677036,180,115.937742,False,False,True,0.0635498602522698,83.33671847693175,,True,3863,63.5498602522698
-23.611962,145,123.694614,True,False,True,0.0668114416716941,80.5745608655758,,False,4008,66.8114416716941
-23.652655,139,126.727922,True,False,True,0.0926048574277789,82.90343508336737,,False,4147,92.6048574277789
-41.5969,180,130.899424,False,False,True,0.0907914994174704,87.60471697054167,,True,4327,90.7914994174704
-38.673912,180,134.078593,False,False,True,0.1175651445116666,78.64817532836246,,False,4507,117.56514451166659
-20.277658,132,138.932204,True,False,True,0.0847001469831204,72.02351658250971,,False,4639,84.70014698312039
-19.803398,160,141.845753,True,False,True,0.0072387868350021,85.65206981456011,,False,4799,7.2387868350021005
-15.194414,150,148.553504,True,False,True,0.0945150267552678,86.97582290246632,,False,4949,94.5150267552678
-31.521451,180,151.43394,False,False,True,0.0571109086857333,83.82947243407067,,False,5129,57.1109086857333
-19.764562,123,154.927896,True,False,True,0.0244089881001593,81.12331196757961,,False,5252,24.408988100159302
-10.5661,122,157.648537,True,False,True,0.0230313496541005,80.1310771267474,,False,5374,23.0313496541005
-12.989609,147,163.928303,True,False,True,0.0255262438770401,89.1707832812938,,False,5521,25.526243877040102
-16.466761,122,166.776014,True,False,True,0.0759680902831218,84.03117142677604,,False,5643,75.96809028312181
-39.080092,180,169.62158,False,False,True,0.1189570111966171,86.1566836265243,,True,5823,118.9570111966171
-38.293658,180,175.31963,False,False,True,0.098028957834246,84.70752647383895,,False,6003,98.028957834246
-13.386713,133,180.506227,True,False,True,0.0180725430287406,69.27824574134405,,True,6136,18.0725430287406
-7.677087,122,180.593039,True,False,True,0.1046371537942405,76.54595724760557,,True,6258,104.6371537942405
-13.228232,135,188.348547,True,False,True,0.0267050621557408,75.84461516607819,,False,6393,26.7050621557408
-27.816769,180,194.164951,False,False,True,0.0933162636412391,82.25899184570936,,False,6573,93.3162636412391
-13.082367,121,205.76414,True,False,True,0.0809627790688045,89.3723902313282,,True,6694,80.96277906880451
-15.28681,131,212.853395,True,False,True,0.0780115825858039,87.1260476467321,,False,6825,78.01158258580391
-11.937957,128,227.09386,True,False,True,0.0525997635577536,87.14285927363764,,False,6953,52.599763557753604
-18.715767,142,232.912688,True,False,True,0.0419037194269084,80.25203893492336,,False,7095,41.9037194269084
-11.986351,124,238.650939,True,False,True,0.0195944982354671,83.50644434576175,,False,7219,19.5944982354671
-10.94849,124,243.768993,True,False,True,0.0435536631064651,88.64548347260654,,False,7343,43.5536631064651
-10.383402,129,251.009466,True,False,True,0.0115887774495718,88.13490275225233,,False,7472,11.5887774495718
-17.201018,131,255.410091,True,False,True,0.0620288536400414,89.8108487139232,,False,7603,62.0288536400414
-10.814728,129,261.081481,True,False,True,0.0686466831764768,67.0514890814472,,False,7732,68.6466831764768
-14.497675,171,267.509233,True,False,True,0.0373578308871919,66.61579155625112,,False,7903,37.357830887191895
-13.162789,121,274.230425,True,False,True,0.0261743031999397,52.82151832737137,,False,8024,26.1743031999397
-8.010805,123,278.44032,True,False,True,0.042548002629449,73.3639421488261,,True,8147,42.548002629449
-18.321376,136,284.176538,True,False,True,0.0493099801402716,88.8848518729869,,False,8283,49.309980140271605
-11.655022,127,289.177557,True,False,True,0.0690518239655055,73.94585238085342,,False,8410,69.05182396550549
-13.975406,130,292.992183,True,False,True,0.1401039249279808,59.03455591326466,,False,8540,140.10392492798078
-13.764915,130,296.280901,True,False,True,0.0939163993490554,84.24150732022107,,False,8670,93.9163993490554
-17.354476,124,301.474796,True,False,True,0.0940079947267486,78.04375977999526,,False,8794,94.0079947267486
-13.35548,133,306.465144,True,False,True,0.0676392506117112,86.28885597796976,,True,8927,67.63925061171119
-11.320919,133,312.514235,True,False,True,0.05651562764724,82.14621207364247,,True,9060,56.515627647239995
-13.358261,139,316.168829,True,False,True,0.0998193512863043,78.96879871452033,,True,9199,99.8193512863043
-11.155342,126,320.450683,True,False,True,0.028198002758408,70.8560899927267,,False,9325,28.198002758408
-16.641201,132,325.918831,True,False,True,0.0168069186818536,83.52269522534151,,False,9457,16.8069186818536
-15.347847,131,329.801537,True,False,True,0.037514475571159,80.21971550865783,,True,9588,37.514475571159004
-15.729333,124,333.129029,True,False,True,0.0850994619961326,83.66975731433509,,False,9712,85.09946199613259
-16.04842,130,337.775964,True,False,True,0.0295410663730474,87.64482631365286,,False,9842,29.5410663730474
-9.822902,132,347.023037,True,False,True,0.1110039431724253,87.07264742155036,,False,9974,111.00394317242531
-7.850217,121,350.738458,True,False,True,0.0597730439972698,78.59048550227172,,False,10095,59.7730439972698
-12.602089,138,354.861745,True,False,True,0.1041468846724927,83.33794836655574,,False,10233,104.14688467249269
-11.319603,127,358.547691,True,False,True,0.097201799101795,85.1622174612132,,False,10360,97.20179910179499
-10.309585,123,363.711834,True,False,True,0.0664402895744906,86.38778565391121,,False,10483,66.44028957449059
-11.6514,131,367.084477,True,False,True,0.0245692261055876,74.70719223410894,,False,10614,24.5692261055876
-9.79899,126,370.644305,True,False,True,0.0279260699949193,72.31864893911266,,True,10740,27.926069994919303
-9.119785,125,374.500977,True,False,True,0.043984752598521,71.29287917598334,,True,10865,43.984752598521
-11.981455,123,379.150993,True,False,True,0.091751463391966,88.70093936068588,,False,10988,91.75146339196601
-8.072441,130,385.385144,True,False,True,0.0424036386988662,69.6294043238644,,False,11118,42.4036386988662
-12.631357,125,389.011634,True,False,True,0.0012848291646398,88.26438836607757,,False,11243,1.2848291646398
-10.190293,122,392.787791,True,False,True,0.0134432910121299,77.50989391603278,,False,11365,13.443291012129901
-12.32825,121,397.620622,True,False,True,0.0482409750167396,80.8989281705315,,False,11486,48.240975016739604
-10.090169,127,401.672323,True,False,True,0.0471103319918139,56.34596780493363,,False,11613,47.1103319918139
-7.176015,121,404.877554,True,False,True,0.0448453595487448,57.52756947246262,,True,11734,44.8453595487448
-10.158807,130,408.884405,True,False,True,0.0510658244393229,55.99586651319514,,False,11864,51.0658244393229
-9.819546,128,413.648585,True,False,True,0.0499337314648762,88.67402626935349,,False,11992,49.9337314648762
-9.658218,123,419.953916,True,False,True,0.0737750592452354,84.40792778774193,,False,12115,73.77505924523541
-13.595492,134,424.39152,True,False,True,0.0688604887567936,83.47994508863334,,False,12249,68.8604887567936
-32.539801,180,427.009194,False,False,True,0.0759411416329079,52.94460887213484,,False,12429,75.9411416329079
-8.961884,123,431.630177,True,False,True,0.0655041068733749,76.68848866412382,,False,12552,65.50410687337491
-13.598187,124,436.05259,True,False,True,0.0494879523900529,79.64675561140992,,False,12676,49.487952390052904
-10.03656,125,440.754793,True,False,True,0.0043287890159103,72.23038191797704,,False,12801,4.3287890159103
-14.518348,128,443.522728,True,False,True,0.0361126184837007,88.75163498026471,,False,12929,36.11261848370069
-7.607709,126,447.668672,True,False,True,0.094250744702138,83.41126279307396,,False,13055,94.250744702138
-8.637663,128,454.190951,True,False,True,0.0318149024908435,62.82032616108391,,False,13183,31.814902490843497
-10.640108,121,459.453434,True,False,True,0.0096379431900741,77.96327141360528,,False,13304,9.6379431900741
-14.28873,128,462.981233,True,False,True,0.1249050305155499,85.88057346858668,,False,13432,124.9050305155499
-11.962985,123,467.150373,True,False,True,0.0016707117981246,85.1652414486904,,False,13555,1.6707117981245998
-7.167984,126,471.536053,True,False,True,0.079612936410155,79.14306447464232,,False,13681,79.612936410155
-6.543844,121,475.346143,True,False,True,0.0830651027209974,80.97117331942262,,False,13802,83.0651027209974
-6.592039,121,477.967113,True,False,True,0.0635234867556885,63.84648384016633,,False,13923,63.5234867556885
-11.485905,123,481.703503,True,False,True,0.0952692464947139,85.64989422904154,,False,14046,95.2692464947139
-8.696905,125,487.574289,True,False,True,0.095885005683934,89.04357545476775,,False,14171,95.885005683934
-12.44105,127,491.478499,True,False,True,0.0969534886529941,81.2936092562768,,False,14298,96.9534886529941
-6.372079,121,494.099643,True,False,True,0.0388972471011293,73.4199342978768,,False,14419,38.8972471011293
-6.791285,122,497.956147,True,False,True,0.061003487660117,87.17454677503396,,False,14541,61.003487660116996
-8.847835,122,502.248904,True,False,True,0.0359578363163008,69.49391574524057,,False,14663,35.9578363163008
-7.791131,121,506.469705,True,False,True,0.087978192241412,77.89938591939918,,False,14784,87.978192241412
-19.821893,148,510.542541,True,False,True,0.0394579479991966,82.09436738657732,,False,14932,39.4579479991966
-7.157772,121,515.332181,True,False,True,0.0475174607178737,78.89909437675433,,True,15053,47.5174607178737
-12.782229,124,524.329219,True,False,True,0.0598700531484427,79.05610809350401,,False,15177,59.8700531484427
-6.594097,121,529.057653,True,False,True,0.0914813508494179,80.52721006664,,False,15298,91.4813508494179
-8.532311,123,533.4601,True,False,True,0.0319565937019023,83.30668745249389,,False,15421,31.9565937019023
-12.469461,123,536.856781,True,False,True,0.0930613353239715,77.27820802346,,False,15544,93.06133532397149
-6.606772,126,542.872909,True,False,True,0.0209085224609655,85.97019976303088,,False,15670,20.9085224609655
-6.862468,121,547.824355,True,False,True,0.01989207582648,74.98040666321495,,False,15791,19.892075826480003
-8.863606,124,554.517549,True,False,True,0.0137300068659224,84.1463352794165,,False,15915,13.7300068659224
-6.573935,121,557.823734,True,False,True,0.0410825480675649,79.70063613131775,,False,16036,41.0825480675649
-12.611158,121,563.246634,True,False,True,0.0903574497244209,81.66817347411273,,False,16157,90.3574497244209
-9.339885,121,569.789218,True,False,True,0.0128936077093287,86.47644268740967,,False,16278,12.8936077093287
-11.990481,125,574.066573,True,False,True,0.0994082940636645,75.37600542832182,,False,16403,99.4082940636645
-9.779906,125,577.278618,True,False,True,0.1155064171330295,89.39822948152654,,False,16528,115.5064171330295
-8.845851,130,582.693025,True,False,True,0.0791797590390903,82.05464814038497,,False,16658,79.1797590390903
-7.822921,123,586.855864,True,False,True,0.0795416664265904,87.70960574755061,,False,16781,79.5416664265904
-9.080245,127,591.292522,True,False,True,0.0348541886075848,74.9789106815459,,False,16908,34.8541886075848
-10.884896,128,594.596313,True,False,True,0.0530115783952847,83.29623358960211,,True,17036,53.0115783952847
-9.470751,121,599.820494,True,False,True,0.000663184646048,79.19207737854023,,False,17157,0.663184646048
-6.938956,121,605.821695,True,False,True,0.067701528438652,88.22926346405568,,False,17278,67.701528438652
-8.043616,125,610.82798,True,False,True,0.0013342248655653,86.4345381873287,,False,17403,1.3342248655653
-9.373928,127,614.083577,True,False,True,0.0827427109285484,77.18741381372055,,False,17530,82.7427109285484
-7.669408,122,618.763061,True,False,True,0.0750808120011744,85.83657162629545,,False,17652,75.08081200117441
-12.98072,121,622.394119,True,False,True,0.0740077549790123,82.5814380126279,,False,17773,74.00775497901229
-6.927073,121,627.093855,True,False,True,0.0582061435584062,73.76023127208104,,False,17894,58.2061435584062
-7.806621,127,630.561117,True,False,True,0.0373959670885866,88.70689491404842,,True,18021,37.3959670885866
-8.90682,122,635.241385,True,False,True,0.0092181710412798,89.23218067814932,,False,18143,9.218171041279799
-10.253975,121,638.943741,True,False,True,0.0159828453248019,88.34890091746723,,False,18264,15.9828453248019
-8.439174,125,645.914057,True,False,True,0.0418900445664139,80.02445047219402,,False,18389,41.890044566413906
-9.343904,121,649.209779,True,False,True,0.1141078695631445,86.88891960364846,,False,18510,114.1078695631445
-7.946758,128,653.920254,True,False,True,0.0068402061073654,78.8116665756638,,False,18638,6.8402061073654
-9.957767,126,657.267314,True,False,True,0.0502826673074371,79.52714444908955,,False,18764,50.2826673074371
-7.548622,121,661.148851,True,False,True,0.0636854324401203,85.96729853409322,,False,18885,63.6854324401203
-7.474361,127,664.161322,True,False,True,0.0162597963055431,67.40500728398999,,True,19012,16.2597963055431
-10.196004,121,668.139562,True,False,True,0.0905393130684774,69.19316835284879,,True,19133,90.5393130684774
-6.588653,124,671.052582,True,False,True,0.0756964462785049,77.57433875411525,,False,19257,75.6964462785049
-6.463542,121,676.557956,True,False,True,0.1049372864268473,77.06679201038138,,True,19378,104.9372864268473
-7.204398,122,679.76284,True,False,True,0.0875189205926462,83.16691358409734,,True,19500,87.5189205926462
-10.945077,121,683.637457,True,False,True,0.0652440689518618,78.20726305886042,,False,19621,65.2440689518618
-8.376897,126,687.308718,True,False,True,0.0720664669282406,85.21130945082662,,False,19747,72.0664669282406
-7.38407,121,690.800481,True,False,True,0.0302606241736782,78.21205751333477,,False,19868,30.2606241736782
-6.817506,121,693.877494,True,False,True,0.0267647302054665,85.06152842408547,,False,19989,26.7647302054665
-10.482553,121,697.850254,True,False,True,0.007311783713726,86.78606011261398,,True,20110,7.311783713726
-9.52449,121,701.01967,True,False,True,0.0453121818212126,76.98839240857079,,False,20231,45.3121818212126
-6.903194,122,706.227388,True,False,True,0.0814865170096258,72.94312275580576,,False,20353,81.4865170096258
-6.503582,121,709.289604,True,False,True,0.0672403252790439,87.483704849568,,False,20474,67.2403252790439
-8.706928,122,713.204077,True,False,True,0.0189354961554891,81.98207522687211,,False,20596,18.9354961554891
-10.858719,125,716.819705,True,False,True,0.0428819569806013,74.79528969099685,,False,20721,42.8819569806013
-8.614831,125,720.511467,True,False,True,0.1117577224512747,82.18673079807121,,False,20846,111.7577224512747
-8.10764,130,723.734532,True,False,True,0.0807339090063998,89.54219095452021,,False,20976,80.7339090063998
-10.114324,121,727.245728,True,False,True,0.0740591542765814,86.3352534493667,,False,21097,74.0591542765814
-8.764457,121,730.566093,True,False,True,0.0982774698274498,89.92568634220258,,False,21218,98.27746982744979
-11.75043,123,735.841201,True,False,True,0.0674563301486001,88.21305342175432,,False,21341,67.4563301486001
-12.067699,126,739.175718,True,False,True,0.0006834125583514,89.11679126046727,,False,21467,0.6834125583514
-8.67959,122,742.548306,True,False,True,0.0498560583380385,88.90831058665476,,False,21589,49.8560583380385
-7.251348,123,746.066068,True,False,True,0.0898408060165265,84.5502682266734,,False,21712,89.8408060165265
-8.813416,121,749.606111,True,False,True,0.0852329989595063,68.55747699376226,,False,21833,85.2329989595063
-7.641548,123,752.925076,True,False,True,0.0170848445765271,76.55441434992198,,False,21956,17.0848445765271
-6.701855,123,756.374254,True,False,True,0.0275933904269533,78.02572335330534,,False,22079,27.593390426953302
-7.745194,132,760.140385,True,False,True,0.0811478994339818,80.33061750764672,,False,22211,81.1478994339818
-7.073986,121,763.170149,True,False,True,0.0806288949980875,78.84860765299334,,False,22332,80.62889499808749
-8.297633,121,768.128673,True,False,True,0.0980034439099674,74.12880791971017,,False,22453,98.0034439099674
-8.413167,124,771.56784,True,False,True,0.0998814669471193,73.65514220067794,,False,22577,99.8814669471193
-7.537921,123,775.291894,True,False,True,0.0418654960879538,77.89139610501583,,False,22700,41.8654960879538
-7.810414,123,778.421159,True,False,True,0.0642605630585501,78.57184227950198,,False,22823,64.2605630585501
-9.651459,124,781.812514,True,False,True,0.1035992285853933,76.08155372238747,,False,22947,103.5992285853933
-6.704348,126,785.412193,True,False,True,0.0093438882278418,89.62913534806016,,False,23073,9.3438882278418
-7.25211,121,788.9634,True,False,True,0.0680197356600706,74.7661901502992,,False,23194,68.0197356600706
-6.490823,121,792.123351,True,False,True,0.0142852243669649,80.97746745921155,,False,23315,14.2852243669649
-9.500665,122,797.139302,True,False,True,0.0430744325768379,85.37792473331572,,False,23437,43.0744325768379
-6.698362,122,801.045694,True,False,True,0.0758025213748863,83.75189932741495,,False,23559,75.8025213748863
-8.724757,122,804.74352,True,False,True,0.0462769062624507,89.03041054719242,,True,23681,46.2769062624507
-6.742533,124,808.200623,True,False,True,0.0412572882751588,82.45339140458745,,False,23805,41.2572882751588
-6.913476,122,811.467,True,False,True,0.0533987580334238,64.70087361073901,,False,23927,53.3987580334238
-11.016785,129,816.657439,True,False,True,0.0463934632620718,87.84504023987505,,False,24056,46.3934632620718
-8.56551,121,819.46782,True,False,True,0.0208795864014788,84.98089486636586,,False,24177,20.8795864014788
-55.269772,180,821.918171,False,False,True,0.0756810965583857,86.54501991885436,,False,24357,75.6810965583857
-10.822352,134,827.340259,True,False,True,0.0675131419128393,84.62237604190078,,False,24491,67.5131419128393
-10.182443,123,832.211212,True,False,True,0.0107615508275185,80.93061712355012,,False,24614,10.7615508275185
-8.320278,122,835.129065,True,False,True,0.0516862107609911,81.83390926789698,,False,24736,51.6862107609911
-9.792331,121,839.570048,True,False,True,0.0830009566848682,88.48349453545089,,False,24857,83.0009566848682
-35.985353,180,842.871088,False,False,True,0.0626539181099167,75.44698681960375,,False,25037,62.6539181099167
-6.614859,121,847.224033,True,False,True,0.0378228046063779,89.42107740858964,,True,25158,37.8228046063779
-6.672378,121,850.299296,True,False,True,0.0705182068404219,62.85473229725998,,False,25279,70.5182068404219
-8.433765,121,856.153347,True,False,True,0.1036995402522728,80.4759688733904,,False,25400,103.69954025227281
-7.553575,121,859.612362,True,False,True,0.0990563312567973,78.85176289507551,,False,25521,99.05633125679731
-8.114941,124,864.44303,True,False,True,0.1061278481130824,88.12687393578032,,False,25645,106.12784811308241
-9.27413,123,867.793495,True,False,True,0.0739380153861325,69.37514314734426,,True,25768,73.93801538613249
-5.991722,124,872.374645,True,False,True,0.0583768501619385,86.78650870223305,,False,25892,58.3768501619385
-46.939648,180,876.025586,False,False,True,0.1280594747080541,77.80583388886053,,False,26072,128.0594747080541
-7.054381,124,878.812713,True,False,True,0.0712085598132023,70.08013771395373,,False,26196,71.2085598132023
-9.408814,136,882.036946,True,False,True,0.0389447527473505,89.64502861462975,,False,26332,38.9447527473505
-9.654063,124,887.811255,True,False,True,0.0153237713335112,86.728522570003,,False,26456,15.3237713335112
-8.685787,124,891.434546,True,False,True,0.023321969525345,84.13752039957153,,False,26580,23.321969525345
-12.024843,122,894.078043,True,False,True,0.0115125718434866,89.91459727124887,,False,26702,11.5125718434866
-9.64282,132,897.932014,True,False,True,0.0855876049926065,88.66632875367496,,False,26834,85.5876049926065
-7.888745,121,901.565472,True,False,True,0.0301055269652017,86.5371468841783,,False,26955,30.1055269652017
-10.846875,123,905.294942,True,False,True,0.011658838784073,85.9379966117016,,False,27078,11.658838784073
-8.551026,122,908.010401,True,False,True,0.0537455190783109,71.34095073208836,,False,27200,53.7455190783109
-6.914267,124,911.828193,True,False,True,0.0303419491834689,80.21560253470518,,False,27324,30.3419491834689
-9.241994,127,917.207466,True,False,True,0.0221670280128818,69.5251767999811,,False,27451,22.1670280128818
-7.524631,123,920.839738,True,False,True,0.0537450839691697,78.34961532755057,,False,27574,53.7450839691697
-7.306696,121,923.357178,True,False,True,0.0691564667219042,82.37820806960504,,False,27695,69.15646672190421
-6.572594,122,927.229868,True,False,True,0.0258798853807954,81.44454847244214,,False,27817,25.8798853807954
-7.085391,121,931.03924,True,False,True,0.0826143376979383,85.73593570706807,,False,27938,82.6143376979383
-6.621447,122,934.63185,True,False,True,0.064086296505719,74.88729272369595,,False,28060,64.08629650571899
-8.577341,122,937.197863,True,False,True,0.03487549061128,88.88710496747696,,False,28182,34.87549061128
-10.722052,123,940.994185,True,False,True,0.0496734673037265,78.92462470419721,,True,28305,49.673467303726504
-6.636632,121,944.64003,True,False,True,0.0897035707207677,79.47026406299216,,False,28426,89.7035707207677
-11.0772,124,950.089456,True,False,True,0.0997619679210785,66.93659268649921,,True,28550,99.7619679210785
-7.524801,124,952.867356,True,False,True,0.1242740207822007,86.05513539858347,,True,28674,124.27402078220071
-11.413608,123,958.261197,True,False,True,0.0696653113256611,88.94148272492762,,False,28797,69.66531132566111
-66.353064,180,961.427278,False,False,True,0.0013478997654987,72.16774273262496,,True,28977,1.3478997654987002
-6.346248,121,964.165054,True,False,True,0.0383417432991114,68.58097563564802,,False,29098,38.3417432991114
-8.70907,121,966.679249,True,False,True,0.0585162091648947,81.11691706378745,,True,29219,58.516209164894704
-13.029967,129,972.238413,True,False,True,0.0550591140099246,80.88962544125457,,False,29348,55.0591140099246
-7.437244,121,974.92177,True,False,True,0.0356360304442997,77.67821132722084,,False,29469,35.6360304442997
-11.832423,126,979.58575,True,False,True,0.0495237014413722,74.55365277275045,,False,29595,49.5237014413722
-10.06776,121,982.001777,True,False,True,0.0661044533245873,82.90884909512292,,False,29716,66.1044533245873
-8.703472,121,987.520915,True,False,True,0.0887906906690865,61.23891545257428,,False,29837,88.7906906690865
-7.762518,121,990.206213,True,False,True,0.018072027664375,72.37126325114279,,False,29958,18.072027664375
-6.838026,122,993.641619,True,False,True,0.0991969645731981,83.01114734073369,,False,30080,99.1969645731981
-10.432597,127,996.071265,True,False,True,0.0504910408326407,87.98268866921461,,True,30207,50.4910408326407
-12.468016,129,1001.79264,True,False,True,0.0385585077205301,89.91143605694997,,False,30336,38.5585077205301
-12.083579,126,1004.39035,True,False,True,0.0807646319630217,76.95945903773443,,False,30462,80.7646319630217
-7.326559,121,1009.171513,True,False,True,0.0051657000030758,81.85960632929131,,False,30583,5.165700003075799
-7.392587,126,1011.52365,True,False,True,0.0450160069149344,86.35767662010537,,False,30709,45.0160069149344
-9.696844,121,1017.070143,True,False,True,0.0515415827602339,66.94944636500327,,False,30830,51.5415827602339
-6.678465,122,1019.753943,True,False,True,0.0101287394048067,83.31545271639041,,False,30952,10.1287394048067
-8.72784,122,1022.847229,True,False,True,0.0535692755759097,74.19301716353262,,False,31074,53.5692755759097
-9.245339,124,1025.225312,True,False,True,0.0381738543859112,85.11282027256853,,False,31198,38.1738543859112
-10.458244,124,1030.869778,True,False,True,0.0907943384299108,78.60210332226474,,False,31322,90.79433842991081
-10.412845,121,1033.286475,True,False,True,0.0178316917448628,80.56121384445946,,False,31443,17.831691744862802
-7.463285,121,1038.372362,True,False,True,0.0914455550697359,88.05523334951432,,False,31564,91.44555506973589
-7.330109,128,1040.835239,True,False,True,0.0547381245027649,87.34017670910464,,False,31692,54.7381245027649
-7.262195,121,1046.38352,True,False,True,0.0330248186126225,88.26162045814766,,False,31813,33.0248186126225
-8.620701,121,1048.928772,True,False,True,0.0801274376533225,82.03552868719748,,False,31934,80.1274376533225
-7.389141,123,1052.424668,True,False,True,0.0556640068453056,80.98668615515082,,False,32057,55.6640068453056
-9.513379,121,1054.652848,True,False,True,0.0916198858918237,82.10008938877189,,False,32178,91.6198858918237
-9.096071,121,1060.036062,True,False,True,0.0682075519848307,68.51587674446752,,True,32299,68.2075519848307
-8.901885,121,1062.580703,True,False,True,0.104898642584377,69.75841069536462,,False,32420,104.898642584377
-8.646185,121,1066.059353,True,False,True,0.0827303471347809,66.93171204927125,,False,32541,82.7303471347809
-9.633621,124,1068.390807,True,False,True,0.094334098940906,89.11732762216705,,False,32665,94.334098940906
-7.911837,121,1075.3043,True,False,True,0.1056694727517966,80.67717148747799,,False,32786,105.6694727517966
-6.410828,121,1077.949155,True,False,True,0.0888601363482921,63.0840358462352,,True,32907,88.8601363482921
-7.340662,121,1081.411525,True,False,True,0.0815939434794496,64.49366206643565,,True,33028,81.59394347944959
-10.100209,121,1083.874837,True,False,True,0.0624902929490348,73.89148586575124,,False,33149,62.490292949034796
-9.867281,121,1089.178382,True,False,True,0.0778532819417902,71.34951254244186,,False,33270,77.8532819417902
-8.176674,127,1092.000578,True,False,True,0.0160856793715714,87.78860157029816,,False,33397,16.085679371571402
-10.873459,121,1095.05643,True,False,True,0.0238282413577426,68.96105914636911,,False,33518,23.8282413577426
-8.913231,121,1097.498369,True,False,True,0.0936919833791279,58.574098209138114,,False,33639,93.6919833791279
-11.797726,121,1104.391532,True,False,True,0.1077289136694527,84.24772362137959,,False,33760,107.7289136694527
-8.844429,121,1107.084274,True,False,True,0.0908234211711828,87.30904329016789,,False,33881,90.8234211711828
-8.541781,121,1110.354491,True,False,True,0.0270957893356003,84.95652514826067,,False,34002,27.0957893356003
-10.482312,121,1112.830237,True,False,True,0.0359474526253046,59.53125424878078,,False,34123,35.9474526253046
-7.338918,121,1118.111641,True,False,True,0.0801579025468026,83.6869769508702,,False,34244,80.1579025468026
-8.85973,121,1120.763586,True,False,True,0.0527915485944767,33.180681485505986,,True,34365,52.791548594476694
-9.302064,122,1124.050227,True,False,True,0.0294543539569729,72.21598154832523,,False,34487,29.4543539569729
-11.018626,127,1126.616419,True,False,True,0.0452699311021532,81.72566354225734,,False,34614,45.2699311021532
-7.653125,121,1133.47733,True,False,True,0.0816016566708589,73.03598124689792,,False,34735,81.6016566708589
-8.936838,122,1136.276458,True,False,True,0.0635340514486181,77.18442062320223,,False,34857,63.534051448618094
-7.766802,121,1139.558185,True,False,True,0.0390746502326885,69.15637648930691,,False,34978,39.074650232688505
-9.183805,124,1142.343366,True,False,True,0.0316021866488199,84.02448934156739,,False,35102,31.6021866488199
-8.339437,121,1147.401499,True,False,True,0.0587431204169321,68.99279530340151,,True,35223,58.7431204169321
-7.401725,125,1150.239784,True,False,True,0.0802448845996657,80.85281908750278,,False,35348,80.2448845996657
-11.625547,121,1153.241263,True,False,True,0.0935709630048834,82.66670643138661,,False,35469,93.57096300488341
-10.309019,122,1156.077536,True,False,True,0.1012803746968672,85.73156148082704,,False,35591,101.2803746968672
-10.811356,122,1162.702276,True,False,True,0.0366304962012486,75.46591105735081,,False,35713,36.6304962012486
-9.392123,121,1165.565192,True,False,True,0.0510364676843469,75.08317304593781,,False,35834,51.0364676843469
-6.474878,121,1168.623895,True,False,True,0.0762944481296361,84.44097780066906,,False,35955,76.2944481296361
-9.093484,125,1171.683722,True,False,True,0.0630108133038489,87.12342436030487,,False,36080,63.010813303848906
-8.707368,121,1176.476424,True,False,True,0.0301580714774448,60.741657986677474,,False,36201,30.1580714774448
-6.832419,121,1179.352486,True,False,True,0.0700177924950024,69.84936145452711,,False,36322,70.0177924950024
-8.383664,122,1182.428404,True,False,True,0.091039991135267,85.24399475999587,,True,36444,91.039991135267
-9.186739,121,1185.243549,True,False,True,0.0750959698639707,74.97012154558325,,False,36565,75.0959698639707
-8.875676,124,1191.937085,True,False,True,0.0878474251772797,83.8737428838646,,False,36689,87.8474251772797
-9.442913,124,1194.769114,True,False,True,0.100065384870799,70.62898250480286,,False,36813,100.065384870799
-7.236041,122,1197.795226,True,False,True,0.1119922730969776,83.93286026481267,,False,36935,111.9922730969776
-7.376478,122,1200.836503,True,False,True,0.0128730969224448,64.76034033175135,,False,37057,12.8730969224448
-7.618627,122,1205.81828,True,False,True,0.0672932343585742,86.63243808653242,,True,37179,67.29323435857421
-6.741112,122,1208.657452,True,False,True,0.0013800496815053,80.82333914464428,,False,37301,1.3800496815053
-8.464572,123,1211.621905,True,False,True,0.0482699750731469,74.95682005706463,,False,37424,48.269975073146895
-9.097342,122,1214.531287,True,False,True,0.0340185387082657,74.04827186292665,,False,37546,34.018538708265694
-7.68698,121,1221.005835,True,False,True,0.0040924222869573,68.80518646606934,,False,37667,4.0924222869573
-12.054995,121,1224.018447,True,False,True,0.0653473457066571,77.63763002023462,,False,37788,65.3473457066571
-8.17423,123,1227.209694,True,False,True,0.0914142111518536,84.08676788462643,,False,37911,91.41421115185359
-8.026869,124,1230.128519,True,False,True,0.0103932237178833,80.09569631612106,,False,38035,10.3932237178833
-8.580449,121,1235.012474,True,False,True,0.039937701558943,76.92137320681098,,False,38156,39.937701558943004
-8.436396,121,1237.95414,True,False,True,0.0706463869103315,82.31519169561966,,False,38277,70.6463869103315
-10.173825,121,1241.141227,True,False,True,0.046878716541946,80.46105033184305,,False,38398,46.878716541946005
-8.416865,124,1244.129817,True,False,True,0.123789776954305,79.384663961605,,False,38522,123.789776954305
-9.13315,121,1248.791407,True,False,True,0.0815073230412062,80.44052485802449,,True,38643,81.50732304120619
-8.859485,123,1253.376302,True,False,True,0.020347753782736,75.88102667108163,,False,38766,20.347753782736
-7.946489,121,1256.360634,True,False,True,0.0174580956200392,87.4837957469586,,True,38887,17.4580956200392
-6.401728,121,1259.568984,True,False,True,0.0665064250102062,71.7615964216834,,False,39008,66.5064250102062
-9.805466,122,1264.325396,True,False,True,0.0060731099251212,45.82922686436531,,False,39130,6.073109925121201
-9.141362,122,1267.277638,True,False,True,0.0626111277927688,67.33851722116545,,False,39252,62.6111277927688
-9.601811,121,1270.236689,True,False,True,0.0344129932021781,70.52475409829438,,False,39373,34.41299320217809
-10.435145,122,1273.429024,True,False,True,0.0695246167412938,88.9762896554416,,False,39495,69.5246167412938
-8.461284,121,1278.025755,True,False,True,0.0518283207224179,84.03649426877627,,False,39616,51.8283207224179
-10.269974,122,1282.593096,True,False,True,0.0315420167114563,73.8768650458168,,False,39738,31.542016711456302
-6.628413,121,1285.525506,True,False,True,0.0454739011895761,61.87658373655642,,False,39859,45.473901189576104
-7.690036,122,1288.659856,True,False,True,0.020481664280636,67.26506727045623,,False,39981,20.481664280636
-9.170102,121,1293.430033,True,False,True,0.0272984507174137,80.34476188904647,,False,40102,27.2984507174137
-7.871005,121,1296.390659,True,False,True,0.0513594231260757,76.97369591070634,,False,40223,51.3594231260757
-9.382782,122,1299.419551,True,False,True,0.0948964399717441,87.96131385607303,,False,40345,94.8964399717441
-9.528469,123,1302.471177,True,False,True,0.0803911143239756,69.79293699654431,,False,40468,80.3911143239756
-8.396061,121,1307.091743,True,False,True,0.0496390159661204,74.92037276010976,,False,40589,49.639015966120404
-13.111902,121,1310.153803,True,False,True,0.0252548662778105,79.91586476539591,,False,40710,25.2548662778105
