r,l,t,cum_timesteps,success_proxy
-6.733313,60,10.146467,60,False
-6.868105,60,10.160042,120,False
-6.185972,60,10.167067,180,False
-6.350746,60,10.171066,240,False
-6.107558,60,13.489037,300,False
-6.101816,60,13.499623,360,False
-7.105946,60,13.500622,420,False
-6.584427,60,13.501622,480,False
-6.633712,60,17.981349,540,False
-6.443964,60,17.984936,600,False
-6.587822,60,17.984936,660,False
-6.244124,60,17.996044,720,False
-6.558802,60,21.367985,780,False
-6.770446,60,21.378571,840,False
-7.289255,60,21.384573,900,False
-7.227859,60,21.389579,960,False
-6.099422,60,25.756772,1020,False
-6.371467,60,25.76436,1080,False
-6.151684,60,25.76436,1140,False
-6.607864,60,25.768357,1200,False
-6.082229,60,29.040997,1260,False
-6.742206,60,29.054574,1320,False
-6.324564,60,29.057583,1380,False
-7.085921,60,29.064602,1440,False
-6.265833,60,33.372892,1500,False
-6.37516,60,33.38446,1560,False
-7.0478,60,33.388834,1620,False
-7.234015,60,33.390831,1680,False
-6.20029,60,36.621768,1740,False
-6.765801,60,36.627338,1800,False
-6.09539,60,36.629335,1860,False
-6.213379,60,36.640266,1920,False
-6.057094,60,41.083912,1980,False
-7.211044,60,41.088497,2040,False
-6.26124,60,41.088497,2100,False
-6.641138,60,41.097495,2160,False
-6.139692,60,44.363767,2220,False
-6.268328,60,44.373352,2280,False
-7.183243,60,44.377349,2340,False
-6.076623,60,44.380357,2400,False
-6.43708,60,48.710261,2460,False
-6.440995,60,48.720847,2520,False
-6.420961,60,48.720847,2580,False
-6.638571,60,48.722846,2640,False
-6.114565,60,52.232331,2700,False
-6.263393,60,52.237907,2760,False
-6.522867,60,52.244913,2820,False
-7.211723,60,52.246876,2880,False
-6.304378,60,56.644511,2940,False
-6.885654,60,56.65409,3000,False
-6.110487,60,56.65409,3060,False
-6.071254,60,56.655097,3120,False
-6.893932,60,60.05394,3180,False
-6.735119,60,60.064525,3240,False
-6.346077,60,60.070637,3300,False
-6.134272,60,60.070637,3360,False
-6.591597,60,64.3379,3420,False
-7.304419,60,64.349489,3480,False
-6.363559,60,64.351484,3540,False
-6.145072,60,64.351484,3600,False
-6.662198,60,67.636206,3660,False
-6.115209,60,67.639821,3720,False
-6.146293,60,67.639821,3780,False
-6.435504,60,67.646791,3840,False
-6.330213,60,70.886376,3900,False
-6.284713,60,70.890358,3960,False
-6.799641,60,70.892312,4020,False
-6.327681,60,70.89634,4080,False
-6.1417,60,75.193035,4140,False
-6.557355,60,75.203621,4200,False
-6.329507,60,75.205627,4260,False
-6.971814,60,75.208622,4320,False
-6.201251,60,78.485476,4380,False
-6.646905,60,78.496062,4440,False
-6.636279,60,78.497062,4500,False
-6.076131,60,78.498056,4560,False
-7.034793,60,82.936725,4620,False
-6.43751,60,82.940308,4680,False
-7.252895,60,82.942314,4740,False
-6.541113,60,82.944314,4800,False
-6.055179,60,86.174942,4860,False
-6.065582,60,86.190857,4920,False
-7.12488,60,86.192044,4980,False
-6.113311,60,86.196144,5040,False
-6.910651,60,90.628501,5100,False
-6.845415,60,90.640092,5160,False
-6.117005,60,90.641085,5220,False
-6.664959,60,90.642016,5280,False
-6.101114,60,93.840208,5340,False
-6.383728,60,93.846069,5400,False
-6.616266,60,93.846069,5460,False
-6.061392,60,93.848061,5520,False
-6.209551,60,98.180411,5580,False
-6.194266,60,98.187176,5640,False
-6.449083,60,98.193832,5700,False
-7.49649,60,98.196108,5760,False
-6.267861,60,101.505551,5820,False
-6.842929,60,101.510131,5880,False
-6.566435,60,101.514128,5940,False
-6.415985,60,101.517225,6000,False
-6.256186,60,105.946376,6060,False
-6.426695,60,105.953962,6120,False
-6.513381,60,105.957962,6180,False
-6.2552,60,105.966957,6240,False
-6.397517,60,109.390633,6300,False
-6.416575,60,109.401219,6360,False
-6.041793,60,109.4022,6420,False
-6.710126,60,109.4022,6480,False
-6.669306,60,113.688147,6540,False
-6.483622,60,113.688554,6600,False
-6.602173,60,113.689141,6660,False
-6.16994,60,113.69414,6720,False
-6.54845,60,117.102941,6780,False
-6.387443,60,117.116565,6840,False
-6.322967,60,117.117556,6900,False
-6.536081,60,117.118536,6960,False
-6.525737,60,121.373033,7020,False
-6.040087,60,121.382654,7080,False
-7.573081,60,121.38466,7140,False
-6.263566,60,121.386618,7200,False
-6.167747,60,124.635355,7260,False
-6.755052,60,124.644938,7320,False
-6.19985,60,124.647938,7380,False
-6.312142,60,124.648887,7440,False
-6.70936,60,127.767591,7500,False
-5.862443,60,127.779172,7560,False
-6.507791,60,127.780176,7620,False
-6.151653,60,127.782172,7680,False
-5.873852,60,132.126433,7740,False
-6.237965,60,132.131578,7800,False
-6.794559,60,132.132582,7860,False
-6.20282,60,132.136026,7920,False
-6.290937,60,135.371816,7980,False
-7.086336,60,135.380405,8040,False
-6.128013,60,135.384398,8100,False
-6.689937,60,135.385397,8160,False
-6.032691,60,139.73256,8220,False
-5.987451,60,139.735982,8280,False
-5.997872,60,139.738566,8340,False
-7.084232,60,139.739564,8400,False
-5.939307,60,143.003267,8460,False
-5.948563,60,143.008851,8520,False
-5.867682,60,143.011857,8580,False
-5.952803,60,143.020852,8640,False
-7.396874,60,147.344631,8700,False
-7.250194,60,147.355217,8760,False
-6.383905,60,147.361357,8820,False
-6.066031,60,147.36236,8880,False
-6.442167,60,150.61149,8940,False
-7.030101,60,150.626083,9000,False
-6.469462,60,150.627077,9060,False
-6.767129,60,150.634024,9120,False
-6.065859,60,154.997588,9180,False
-5.976028,60,155.005174,9240,False
-5.883422,60,155.007171,9300,False
-5.713225,60,155.015202,9360,False
-6.64626,60,158.475458,9420,False
-7.35423,60,158.478121,9480,False
-6.153674,60,158.480087,9540,False
-6.000948,60,158.483584,9600,False
-6.076403,60,163.621587,9660,False
-5.971145,60,163.624174,9720,False
-6.006177,60,163.626175,9780,False
-7.203236,60,163.631171,9840,False
-6.737121,60,166.889506,9900,False
-6.26595,60,166.892125,9960,False
-6.202454,60,166.894094,10020,False
-6.099187,60,166.896093,10080,False
-5.532204,60,171.189551,10140,False
-5.943882,60,171.192092,10200,False
-5.805205,60,171.197135,10260,False
-6.026738,60,171.197135,10320,False
-6.146298,60,174.505547,10380,False
-7.262233,60,174.509659,10440,False
-6.466528,60,174.510659,10500,False
-6.196048,60,174.514251,10560,False
-5.856098,60,179.456327,10620,False
-6.797184,60,179.471957,10680,False
-6.999585,60,179.47392,10740,False
-5.783231,60,179.47392,10800,False
-6.149514,60,182.733657,10860,False
-6.103809,60,182.743242,10920,False
-5.835933,60,182.745243,10980,False
-6.165469,60,182.747241,11040,False
-5.744312,60,187.065663,11100,False
-5.497891,60,187.070251,11160,False
-6.44324,60,187.074254,11220,False
-7.471086,60,187.077249,11280,False
-6.086562,60,190.450135,11340,False
-6.317735,60,190.459724,11400,False
-6.03743,60,190.459724,11460,False
-5.719598,60,190.460721,11520,False
-6.589181,60,193.74942,11580,False
-5.993147,60,193.762003,11640,False
-6.341086,60,193.765001,11700,False
-6.997903,60,193.77,11760,False
-6.410158,60,198.073191,11820,False
-6.074064,60,198.07777,11880,False
-5.876631,60,198.07777,11940,False
-5.98917,60,198.081774,12000,False
-7.417118,60,201.271392,12060,False
-6.98042,60,201.279011,12120,False
-5.841524,60,201.28101,12180,False
-7.367204,60,201.283985,12240,False
-6.041698,60,206.648697,12300,False
-6.375282,60,206.671282,12360,False
-6.971017,60,206.672283,12420,False
-6.257546,60,206.687282,12480,False
-5.988439,60,210.329323,12540,False
-5.914383,60,210.334836,12600,False
-6.388732,60,210.337913,12660,False
-6.438065,60,210.338909,12720,False
-6.038517,60,214.995692,12780,False
-7.32227,60,215.004282,12840,False
-6.479198,60,215.010282,12900,False
-5.865299,60,215.010282,12960,False
-6.132159,60,218.252825,13020,False
-5.876043,60,218.255198,13080,False
-6.405403,60,218.255813,13140,False
-7.26111,60,218.263791,13200,False
-6.995873,60,222.667332,13260,False
-6.196004,60,222.671395,13320,False
-6.458307,60,222.673394,13380,False
-5.589956,60,222.674396,13440,False
-6.479316,60,225.985842,13500,False
-5.822796,60,225.989006,13560,False
-6.973926,60,225.989006,13620,False
-6.141797,60,225.996428,13680,False
-5.878655,60,230.323084,13740,False
-6.084934,60,230.331643,13800,False
-7.09707,60,230.331643,13860,False
-5.924041,60,230.33367,13920,False
-7.178359,60,233.642469,13980,False
-6.3475,60,233.646055,14040,False
-6.811454,60,233.647054,14100,False
-6.12105,60,233.654075,14160,False
-6.156992,60,238.007087,14220,False
-6.696842,60,238.012674,14280,False
-5.908559,60,238.013679,14340,False
-5.713154,60,238.017673,14400,False
-6.371437,60,241.221101,14460,False
-6.435829,60,241.23058,14520,False
-7.287865,60,241.23058,14580,False
-6.622083,60,241.232688,14640,False
-6.088868,60,245.546922,14700,False
-5.948084,60,245.557508,14760,False
-5.741507,60,245.558506,14820,False
-6.232193,60,245.567541,14880,False
-5.515105,60,248.849173,14940,False
-6.176432,60,248.859758,15000,False
-6.273549,60,248.859758,15060,False
-6.96486,60,248.859758,15120,False
-6.838512,60,252.059872,15180,False
-6.774658,60,252.070458,15240,False
-6.781659,60,252.071455,15300,False
-5.508333,60,252.071455,15360,False
-5.530923,60,256.425769,15420,False
-6.963561,60,256.430364,15480,False
-7.542429,60,256.43537,15540,False
-6.382176,60,256.440355,15600,False
-7.486849,60,259.664648,15660,False
-6.031516,60,259.672238,15720,False
-6.412434,60,259.675234,15780,False
-5.898433,60,259.676232,15840,False
-6.375379,60,264.047479,15900,False
-7.214776,60,264.058064,15960,False
-6.4494,60,264.061621,16020,False
-7.4702,60,264.062605,16080,False
-7.100071,60,267.361946,16140,False
-7.645318,60,267.36253,16200,False
-6.000633,60,267.366525,16260,False
-6.682503,60,267.374534,16320,False
-6.040716,60,271.6222,16380,False
-6.237206,60,271.629783,16440,False
-6.265646,60,271.629783,16500,False
-6.259415,60,271.632786,16560,False
-6.362128,60,274.892329,16620,False
-6.196663,60,274.8969,16680,False
-6.43648,60,274.899918,16740,False
-6.231398,60,274.901919,16800,False
-6.162229,60,279.150937,16860,False
-7.405818,60,279.15449,16920,False
-6.067417,60,279.15449,16980,False
-6.14847,60,279.160506,17040,False
-6.019282,60,282.443524,17100,False
-6.232212,60,282.451733,17160,False
-7.215856,60,282.45411,17220,False
-6.774779,60,282.45411,17280,False
-6.72011,60,286.752964,17340,False
-6.496032,60,286.755551,17400,False
-6.063314,60,286.761549,17460,False
-6.499706,60,286.761549,17520,False
-6.582763,60,290.031338,17580,False
-5.978509,60,290.039923,17640,False
-6.351663,60,290.040924,17700,False
-6.095455,60,290.043921,17760,False
-6.565373,60,294.329025,17820,False
-6.064354,60,294.336611,17880,False
-6.840401,60,294.341618,17940,False
-6.292992,60,294.346612,18000,False
-6.470373,60,297.585346,18060,False
-6.335015,60,297.590784,18120,False
-6.090506,60,297.596815,18180,False
-6.843118,60,297.601814,18240,False
-6.243426,60,301.865567,18300,False
-7.448669,60,301.871877,18360,False
-6.567438,60,301.876153,18420,False
-6.569199,60,301.878187,18480,False
-6.751835,60,305.225321,18540,False
-7.310863,60,305.231921,18600,False
-5.973917,60,305.232527,18660,False
-6.211277,60,305.233158,18720,False
-7.331009,60,309.497128,18780,False
-6.362294,60,309.508715,18840,False
-6.75842,60,309.51171,18900,False
-6.625254,60,309.512708,18960,False
-6.308824,60,312.960413,19020,False
-6.334618,60,312.967996,19080,False
-6.720193,60,312.970006,19140,False
-6.304729,60,312.972001,19200,False
-7.263229,60,316.158965,19260,False
-6.070977,60,316.161549,19320,False
-6.02864,60,316.161549,19380,False
-5.688202,60,316.168552,19440,False
-5.843167,60,320.437979,19500,False
-6.198948,60,320.448564,19560,False
-5.769268,60,320.448564,19620,False
-5.927509,60,320.452028,19680,False
-7.027316,60,323.815774,19740,False
-6.076569,60,323.825362,19800,False
-6.66062,60,323.828366,19860,False
-6.024649,60,323.832366,19920,False
-6.557584,60,328.375347,19980,False
-6.767247,60,328.386932,20040,False
-7.740822,60,328.390932,20100,False
-7.29992,60,328.391932,20160,False
-6.016167,60,331.537281,20220,False
-5.910328,60,331.546901,20280,False
-6.771935,60,331.547867,20340,False
-6.963526,60,331.547867,20400,False
-7.148807,60,335.958278,20460,False
-7.513861,60,335.958761,20520,False
-6.532815,60,335.958761,20580,False
-7.044345,60,335.966877,20640,False
-6.990966,60,339.210993,20700,False
-6.259525,60,339.226576,20760,False
-6.315744,60,339.228578,20820,False
-6.82974,60,339.229577,20880,False
-6.691683,60,343.541108,20940,False
-6.869525,60,343.548696,21000,False
-7.102984,60,343.55069,21060,False
-6.134728,60,343.551693,21120,False
-6.709028,60,346.736011,21180,False
-5.997699,60,346.742604,21240,False
-6.363377,60,346.742604,21300,False
-7.193799,60,346.742604,21360,False
-6.452376,60,351.018411,21420,False
-6.734629,60,351.026009,21480,False
-6.376319,60,351.027014,21540,False
-5.80453,60,351.028001,21600,False
-7.510295,60,354.368369,21660,False
-6.299869,60,354.372927,21720,False
-6.611051,60,354.37795,21780,False
-6.153276,60,354.379954,21840,False
-7.047903,60,358.5702,21900,False
-6.201229,60,358.576803,21960,False
-6.743069,60,358.577785,22020,False
-6.751156,60,358.580786,22080,False
-6.514146,60,361.762546,22140,False
-6.777449,60,361.773131,22200,False
-7.319558,60,361.773131,22260,False
-7.517801,60,361.773131,22320,False
-7.162946,60,366.059707,22380,False
-7.029971,60,366.063292,22440,False
-6.093806,60,366.069292,22500,False
-6.539156,60,366.070292,22560,False
-7.210395,60,369.809823,22620,False
-6.18825,60,369.818387,22680,False
-6.515963,60,369.819412,22740,False
-6.001602,60,369.820408,22800,False
-6.462947,60,373.158908,22860,False
-6.987051,60,373.172504,22920,False
-6.289741,60,373.176498,22980,False
-6.334584,60,373.183448,23040,False
-7.519804,60,377.440697,23100,False
-5.819462,60,377.441289,23160,False
-6.678494,60,377.441289,23220,False
-5.95783,60,377.450284,23280,False
-6.17627,60,381.546646,23340,False
-6.044967,60,381.557231,23400,False
-6.136484,60,381.570199,23460,False
-5.964693,60,381.570199,23520,False
-6.220539,60,385.896626,23580,False
-7.956089,60,385.907212,23640,False
-5.974038,60,385.914232,23700,False
-6.694573,60,385.914232,23760,False
-6.088003,60,389.1792,23820,False
-7.386625,60,389.189786,23880,False
-7.285578,60,389.193776,23940,False
-6.093626,60,389.194784,24000,False
-6.071219,60,393.435884,24060,False
-5.995679,60,393.436522,24120,False
-5.956098,60,393.436522,24180,False
-7.519419,60,393.444465,24240,False
-6.471084,60,396.700385,24300,False
-6.00131,60,396.707763,24360,False
-6.57595,60,396.709971,24420,False
-6.128292,60,396.710971,24480,False
-6.075646,60,401.032711,24540,False
-6.971918,60,401.04124,24600,False
-6.822299,60,401.043297,24660,False
-7.188784,60,401.04645,24720,False
-6.030169,60,404.344363,24780,False
-7.063473,60,404.347946,24840,False
-6.949371,60,404.347946,24900,False
-7.121572,60,404.359432,24960,False
-6.188418,60,408.61024,25020,False
-7.438042,60,408.621811,25080,False
-6.186064,60,408.622811,25140,False
-6.668095,60,408.622811,25200,False
-6.095959,60,411.836251,25260,False
-7.475852,60,411.840271,25320,False
-6.701815,60,411.845834,25380,False
-6.978773,60,411.847825,25440,False
-6.939646,60,416.144697,25500,False
-6.742228,60,416.155283,25560,False
-7.076726,60,416.157282,25620,False
-6.823224,60,416.162272,25680,False
-6.858442,60,419.401146,25740,False
-6.229028,60,419.409728,25800,False
-7.303303,60,419.414698,25860,False
-7.234291,60,419.416707,25920,False
-7.8907,60,423.615844,25980,False
-7.049264,60,423.627435,26040,False
-7.612592,60,423.629509,26100,False
-6.573274,60,423.631487,26160,False
-6.194342,60,426.806679,26220,False
-6.238893,60,426.807162,26280,False
-6.350497,60,426.810197,26340,False
-6.686904,60,426.81427,26400,False
-6.301286,60,431.081475,26460,False
-6.368717,60,431.091068,26520,False
-6.278755,60,431.09206,26580,False
-6.123278,60,431.09206,26640,False
-6.009897,60,434.344091,26700,False
-6.306432,60,434.353681,26760,False
-6.167655,60,434.354677,26820,False
-7.1756,60,434.357676,26880,False
-6.506917,60,437.594278,26940,False
-6.55225,60,437.606856,27000,False
-6.183912,60,437.607858,27060,False
-6.945397,60,437.614829,27120,False
-5.955464,60,441.809876,27180,False
-6.914228,60,441.81846,27240,False
-6.416264,60,441.826482,27300,False
-6.125547,60,441.828458,27360,False
-6.092145,60,445.138719,27420,False
-7.030605,60,445.142288,27480,False
-6.485212,60,445.144287,27540,False
-6.168163,60,445.146307,27600,False
-6.429363,60,449.372101,27660,False
-6.167334,60,449.376717,27720,False
-5.971618,60,449.379741,27780,False
-7.069287,60,449.38468,27840,False
-6.116946,60,452.617449,27900,False
-7.077545,60,452.628035,27960,False
-7.546407,60,452.629039,28020,False
-5.684898,60,452.636033,28080,False
-7.239376,60,456.90474,28140,False
-6.087822,60,456.915326,28200,False
-7.11943,60,456.916321,28260,False
-6.459827,60,456.916321,28320,False
-6.397264,60,460.163206,28380,False
-6.744628,60,460.170799,28440,False
-6.863923,60,460.17579,28500,False
-6.537844,60,460.184323,28560,False
-6.365315,60,464.5367,28620,False
-7.001278,60,464.547286,28680,False
-5.852406,60,464.552268,28740,False
-6.327508,60,464.554268,28800,False
-5.780159,60,467.783807,28860,False
-6.757238,60,467.791402,28920,False
-7.318665,60,467.792372,28980,False
-5.944579,60,467.795382,29040,False
-6.173343,60,472.029265,29100,False
-6.59703,60,472.035855,29160,False
-5.500518,60,472.035855,29220,False
-6.085088,60,472.038852,29280,False
-6.238623,60,475.383115,29340,False
-7.126164,60,475.393701,29400,False
-6.743503,60,475.393701,29460,False
-6.693168,60,475.393701,29520,False
-6.049811,60,479.667628,29580,False
-6.055209,60,479.683174,29640,False
-7.306238,60,479.683174,29700,False
-6.872835,60,479.686172,29760,False
-6.067724,60,482.917188,29820,False
-7.696918,60,482.928786,29880,False
-6.456828,60,482.930779,29940,False
-6.14106,60,482.930779,30000,False
-6.419518,60,487.141982,30060,False
-6.662343,60,487.148565,30120,False
-6.425975,60,487.149568,30180,False
-7.095234,60,487.150573,30240,False
-6.125053,60,490.463818,30300,False
-6.505278,60,490.468126,30360,False
-7.150125,60,490.469134,30420,False
-6.717087,60,490.471404,30480,False
-5.897759,60,493.735724,30540,False
-6.397507,60,493.747449,30600,False
-6.393977,60,493.747449,30660,False
-7.189777,60,493.748449,30720,False
-6.37389,60,498.020009,30780,False
-6.028984,60,498.030594,30840,False
-7.05065,60,498.030594,30900,False
-6.399965,60,498.032601,30960,False
-7.45449,60,501.227707,31020,False
-6.064924,60,501.238292,31080,False
-6.154864,60,501.244843,31140,False
-6.50857,60,501.246827,31200,False
-7.636995,60,505.598416,31260,False
-5.817886,60,505.605773,31320,False
-7.251527,60,505.606774,31380,False
-6.055269,60,505.609001,31440,False
-6.10148,60,508.83251,31500,False
-6.351091,60,508.840029,31560,False
-6.681237,60,508.842091,31620,False
-6.311387,60,508.843096,31680,False
-6.364008,60,513.673134,31740,False
-5.645853,60,513.679723,31800,False
-6.069474,60,513.679723,31860,False
-6.996847,60,513.679723,31920,False
-6.660142,60,517.552036,31980,False
-6.135554,60,517.559622,32040,False
-5.0937,60,517.562622,32100,False
-5.988969,60,517.563617,32160,False
-6.168993,60,522.39799,32220,False
-6.552546,60,522.411567,32280,False
-5.641325,60,522.411567,32340,False
-6.444878,60,522.418482,32400,False
-6.12777,60,526.441731,32460,False
-5.944378,60,526.447347,32520,False
-6.201439,60,526.447347,32580,False
-6.441707,60,526.455317,32640,False
-6.461502,60,531.083761,32700,False
-7.1974,60,531.09231,32760,False
-6.460291,60,531.095347,32820,False
-5.957101,60,531.095347,32880,False
-7.413692,60,534.784233,32940,False
-7.027912,60,534.788818,33000,False
-6.073174,60,534.79082,33060,False
-7.557299,60,534.797824,33120,False
-6.164374,60,539.788753,33180,False
-7.21054,60,539.799338,33240,False
-6.359478,60,539.803336,33300,False
-6.270998,60,539.803336,33360,False
-7.422326,60,543.471071,33420,False
-6.575549,60,543.482652,33480,False
-5.611038,60,543.484652,33540,False
-7.576088,60,543.485651,33600,False
-6.8666,60,549.175771,33660,False
-5.745451,60,549.182359,33720,False
-6.701761,60,549.186357,33780,False
-7.514729,60,549.188357,33840,False
-7.033364,60,553.320246,33900,False
-5.888758,60,553.32982,33960,False
-6.179056,60,553.333834,34020,False
-5.389856,60,553.333834,34080,False
-6.39468,60,558.27485,34140,False
-6.398637,60,558.28444,34200,False
-6.823462,60,558.285436,34260,False
-6.343598,60,558.286436,34320,False
-7.071501,60,561.957385,34380,False
-7.240156,60,561.964967,34440,False
-8.010064,60,561.964967,34500,False
-6.296705,60,561.966968,34560,False
-5.770903,60,566.062204,34620,False
-7.105042,60,566.075789,34680,False
-6.478743,60,566.076824,34740,False
-6.919688,60,566.077834,34800,False
-6.386184,60,570.947609,34860,False
-5.847381,60,570.950186,34920,False
-6.298233,60,570.954216,34980,False
-5.937971,60,570.956202,35040,False
-7.325707,60,574.77077,35100,False
-6.208797,60,574.781356,35160,False
-6.342155,60,574.783357,35220,False
-5.485808,60,574.785358,35280,False
-7.015052,60,579.668102,35340,False
-7.431844,60,579.678687,35400,False
-7.107401,60,579.679688,35460,False
-6.710998,60,579.679688,35520,False
-6.510644,60,583.526331,35580,False
-7.394769,60,583.536917,35640,False
-5.816898,60,583.539916,35700,False
-6.538001,60,583.539916,35760,False
-6.837338,60,588.96887,35820,False
-6.238272,60,588.976505,35880,False
-7.234036,60,588.977493,35940,False
-6.562856,60,588.979456,36000,False
-6.105651,60,593.391068,36060,False
-6.857672,60,593.401654,36120,False
-6.641994,60,593.401654,36180,False
-5.745933,60,593.402655,36240,False
-5.907022,60,599.279546,36300,False
-6.464089,60,599.290131,36360,False
-6.022081,60,599.290752,36420,False
-6.054156,60,599.290752,36480,False
-6.763275,60,603.234703,36540,False
-6.068533,60,603.246844,36600,False
-5.568753,60,603.250365,36660,False
-7.278181,60,603.255369,36720,False
-7.430875,60,608.083346,36780,False
-5.257658,60,608.095904,36840,False
-6.52045,60,608.096902,36900,False
-6.487431,60,608.100469,36960,False
-6.847289,60,612.132917,37020,False
-6.443629,60,612.141507,37080,False
-7.10235,60,612.146503,37140,False
-7.161508,60,612.151499,37200,False
-7.584829,60,617.107107,37260,False
-6.359994,60,617.122743,37320,False
-6.158431,60,617.126343,37380,False
-7.318353,60,617.127343,37440,False
-7.026971,60,620.748967,37500,False
-7.021985,60,620.760556,37560,False
-5.925721,60,620.764552,37620,False
-7.283588,60,620.765552,37680,False
-6.585003,60,625.527174,37740,False
-6.638795,60,625.53776,37800,False
-5.981382,60,625.53776,37860,False
-6.022055,60,625.538763,37920,False
-6.870228,60,629.25228,37980,False
-6.035251,60,629.262866,38040,False
-7.166557,60,629.270499,38100,False
-6.082835,60,629.275495,38160,False
-7.619314,60,632.945499,38220,False
-7.063135,60,632.960091,38280,False
-6.565784,60,632.962089,38340,False
-6.133234,60,632.963087,38400,False
-6.710064,60,637.717239,38460,False
-6.892109,60,637.731851,38520,False
-7.249116,60,637.736381,38580,False
-6.025921,60,637.738379,38640,False
-6.676286,60,641.448268,38700,False
-7.172213,60,641.459853,38760,False
-6.476192,60,641.46185,38820,False
-5.951476,60,641.463846,38880,False
-6.775275,60,646.291818,38940,False
-5.389581,60,646.300405,39000,False
-5.866924,60,646.301403,39060,False
-6.473319,60,646.303406,39120,False
-6.186407,60,649.939616,39180,False
-6.681289,60,649.953201,39240,False
-7.582629,60,649.953201,39300,False
-6.19159,60,649.955733,39360,False
-6.393944,60,654.734781,39420,False
-6.07909,60,654.744374,39480,False
-6.283614,60,654.746363,39540,False
-6.536497,60,654.747406,39600,False
-5.758969,60,658.369498,39660,False
-6.380095,60,658.377106,39720,False
-5.934147,60,658.377106,39780,False
-6.432589,60,658.378097,39840,False
-7.387214,60,663.19725,39900,False
-7.739902,60,663.204828,39960,False
-6.14298,60,663.205835,40020,False
-5.912198,60,663.208835,40080,False
-6.203825,60,666.799466,40140,False
-6.569131,60,666.810052,40200,False
-5.914996,60,666.81605,40260,False
-5.774279,60,666.818052,40320,False
