#{"t_start": 1785380018.4379218, "env_id": "None"}
r,l,t
-11.423622,60,22.142407
6.841322,14,28.142207
8.560702,2,29.379874
4.491363,1,30.518604
6.152493,8,33.056059
7.927449,6,38.464224
6.523517,1,40.36487
8.663353,2,42.372834
7.298639,10,48.786849
1.585473,1,49.830043
7.860699,2,51.048239
6.249569,4,55.306042
-15.887924,60,69.17169
4.703213,7,70.571948
3.813849,5,73.001441
5.722497,2,74.208682
4.696234,2,75.372257
-5.338644,26,81.439852
4.955529,3,82.700553
-0.530467,26,86.932
0.054144,24,91.184497
-17.153528,60,112.187074
1.144594,5,113.374409
-13.255948,42,120.271849
8.6245,3,122.68052
-14.205414,60,139.333988
4.944319,10,142.680517
6.790924,1,143.908667
6.054513,4,146.343794
7.245904,2,147.552178
-4.548593,28,157.266469
6.590829,26,161.557279
8.612924,4,165.006588
3.631723,11,171.057778
3.959269,3,173.380011
7.344696,7,175.793947
10.241377,12,183.106671
6.495224,2,185.417175
7.186592,3,187.776126
-22.221275,60,211.059416
0.650456,3,212.982792
7.751796,3,215.013907
4.750546,2,216.219202
4.802307,2,217.397608
9.441206,9,222.349288
2.85957,3,224.648263
1.256755,5,227.726659
2.833939,4,231.89477
6.559108,8,233.224351
7.186707,5,234.543875
6.965326,1,235.716597
1.441628,3,238.077057
4.993856,2,240.068156
4.940885,2,241.260454
3.338042,2,242.512617
5.93511,5,244.512631
7.005542,6,245.887948
6.865504,5,247.067638
8.454883,1,248.216008
-23.2895,60,263.436799
8.136164,3,264.647976
4.292642,9,269.026779
1.990319,5,270.321082
1.858108,8,278.392811
7.166785,7,282.726442
8.102584,1,283.873753
2.050937,1,284.967782
2.563791,1,286.878044
8.859125,1,288.094617
-24.31852,60,303.007261
-6.239643,24,312.637922
5.075118,14,314.242194
-11.956677,52,325.735993
9.827909,4,328.149761
-36.034252,60,357.04739
-2.722046,21,362.21419
4.772242,19,366.225718
6.206638,1,367.387974
-25.227996,60,384.821695
7.526259,2,386.031724
7.4418,3,387.309881
6.02675,9,390.59305
-48.493831,60,401.024507
5.641335,13,406.087256
9.214033,7,411.214978
-0.554955,11,412.772739
7.994809,3,415.075919
5.191267,2,416.312175
5.694097,2,417.471501
2.755879,4,418.842692
3.100261,4,420.11824
6.847356,3,422.33501
0.56713,21,429.544848
6.053867,8,435.331721
5.336964,1,436.4614
-31.279369,60,445.013856
4.10979,2,446.129222
1.654633,1,447.202007
-18.086525,60,474.302226
7.034303,2,475.405922
7.528823,9,477.65344
-41.915613,60,486.839749
7.772916,2,487.903028
8.344754,3,489.054947
7.465367,14,496.744655
5.648406,2,498.681705
8.652483,6,502.118983
4.929582,1,503.947196
-34.205367,60,520.755952
4.856024,1,521.957141
3.378838,17,531.471739
5.965768,7,532.895682
4.151564,4,537.129965
4.533926,13,542.179486
8.346527,1,543.21143
1.575599,12,549.863097
0.041082,56,561.728606
6.420999,5,562.972037
6.480318,3,564.254035
2.877203,8,566.779883
7.06594,11,570.593076
8.492628,3,572.826493
5.543648,1,574.012247
1.459981,5,576.123518
3.655222,11,578.66799
5.658827,3,579.866652
8.13111,7,581.16826
2.519547,4,583.557431
5.715097,5,584.940876
-7.539148,20,587.973082
-29.063983,60,602.458736
-26.661213,60,616.659869
7.848064,5,619.150481
2.498899,6,624.099346
4.554825,6,626.593927
-19.896756,60,636.611836
-35.337623,60,658.033269
3.374983,2,661.042426
-32.043486,60,679.989558
7.167039,6,682.505799
8.275238,3,684.931769
-1.536943,20,686.824771
7.318163,1,688.748364
9.238849,5,689.999749
4.571734,7,692.133717
3.637509,43,697.935891
5.715508,5,699.302587
-29.196182,60,717.007272
4.257409,12,720.745221
-1.690981,10,724.232334
9.080445,2,725.537973
6.566808,2,727.456592
3.512032,12,729.161323
7.625319,4,732.323096
-38.932155,60,742.344468
8.463009,5,744.705817
4.561734,3,745.970665
-23.157879,60,759.733092
6.015563,5,762.046448
3.813236,1,763.176127
7.496998,9,766.835328
7.405934,2,768.032891
6.987483,1,769.214387
2.349678,5,771.590078
6.224866,9,776.478191
2.915239,6,779.901218
6.890156,4,783.199164
-12.858159,31,798.577909
8.252407,2,799.899396
3.527647,8,801.263589
-30.259861,60,818.872884
9.561144,1,820.686214
7.689182,1,821.787674
7.574719,1,822.910808
5.938316,3,824.157278
-35.035835,60,839.080217
2.63588,4,840.413439
5.610009,1,841.4903
6.069793,6,842.849414
3.197693,1,843.996313
5.438768,2,845.93491
-31.764734,60,864.898137
-26.499743,60,875.879706
5.272393,2,877.706314
5.769214,6,880.335485
7.238059,3,882.197597
6.165889,3,884.199141
8.729948,3,886.586314
8.247634,7,890.953318
5.153048,7,898.541335
7.202946,5,901.72118
-1.738193,12,910.266693
5.445616,1,911.358609
3.87682,4,916.098025
3.549381,9,918.374652
7.905939,5,919.687935
7.391875,4,920.934551
4.390445,3,922.179317
5.060691,1,923.392163
4.98522,4,924.740979
7.835469,4,925.973932
6.042712,4,927.252728
3.651489,6,929.698194
7.228364,5,931.043669
8.709587,2,932.171249
4.75203,6,936.094719
6.595443,1,938.004644
-0.977467,8,943.602005
-3.91984,42,951.684705
-4.479385,35,958.654819
-0.228347,3,960.497588
3.568564,1,961.576803
-0.994253,7,963.720376
2.054459,2,965.035795
4.57542,1,966.167476
5.212477,1,967.286569
-24.634042,60,973.908493
5.164447,6,978.101136
7.926636,3,980.066156
7.053341,3,982.057852
7.569931,1,983.936813
0.855776,2,985.155767
8.060357,2,986.331216
-4.245133,10,995.306167
3.176537,2,996.488292
4.106735,3,998.989467
3.985118,2,1000.925806
-26.267339,60,1023.805117
7.847392,9,1027.103528
2.755162,7,1029.589228
3.547087,3,1031.740425
8.414276,4,1032.949971
-23.722823,60,1052.705899
1.285785,1,1053.8556
4.076012,2,1055.527568
5.035765,1,1057.408599
6.940948,2,1059.415421
2.702858,1,1060.50602
7.297644,1,1061.696845
-28.286263,60,1074.936549
6.483624,3,1076.169741
-39.938866,60,1095.787942
8.790507,1,1096.963267
2.971399,7,1099.578085
3.280145,2,1100.770496
3.913831,2,1102.921855
7.246702,2,1104.90478
-4.229974,33,1110.591248
3.890446,11,1113.144102
8.68103,4,1115.641591
9.566279,1,1116.708789
6.772038,7,1122.988216
8.735657,4,1127.540831
4.508924,10,1129.746793
4.152104,3,1130.951178
3.025185,8,1132.411768
7.440487,1,1133.477944
7.118949,5,1134.695235
3.846027,2,1135.892714
8.172351,11,1137.4474
7.780735,3,1138.664737
4.127497,2,1139.859372
8.56112,2,1141.014365
-26.28113,60,1155.230941
8.573624,5,1156.500576
3.059482,1,1157.719493
3.850637,20,1162.868826
6.318574,1,1164.041678
7.87159,4,1167.22606
-6.12552,57,1182.647929
-3.310821,38,1197.47663
6.952108,1,1198.613695
-16.057406,60,1207.787964
-2.010915,16,1210.435828
9.118055,4,1211.536245
1.537501,2,1212.648605
3.905464,1,1213.936283
-5.979324,28,1219.523119
3.963447,11,1221.080186
5.213681,7,1222.483842
0.531309,1,1224.273506
6.889243,3,1226.626028
8.295169,1,1227.69527
7.258486,6,1230.794768
8.249769,1,1232.08808
5.050373,20,1241.084321
