#{"t_start": 1785200367.6787653, "env_id": "None"}
r,l,t,success,freeze_attempted,d_m,alpha_deg
-18.185972,60,9.157324,False,True,0.11632274397207826,87.33030435090015
-16.101816,60,12.416027,False,True,0.09057197165788143,85.82839917762105
-12.442221,60,16.621977,False,True,0.05917084696899262,84.34990698588331
-10.860741,60,19.938259,False,True,0.0164695107146328,87.70126389553997
-6.158641,60,24.226642,False,False,0.08028096181005423,77.9394511014522
-8.917667,60,27.745432,False,True,0.016382157058914854,87.30257643536366
-9.338519,60,32.205798,False,True,0.008735462116109562,73.91986496499453
-10.103336,60,35.580972,False,True,0.11597044064563777,72.9707807034243
-10.649539,60,39.752548,False,True,0.03948288108041581,77.16872141886721
-8.259334,60,43.075009,False,True,0.07356912292606535,82.3354709022283
-12.808191,60,47.173844,False,True,0.029339359676600656,87.65443514796485
-8.88843,60,50.581289,False,True,0.00276059000290015,60.91360375132356
-9.127368,60,54.774478,False,True,0.022523001401018525,79.2042714003151
-8.183002,60,58.121637,False,True,0.07912750739221323,87.92520003664778
-6.158863,60,62.180384,False,False,0.12544093025612946,71.96356016264731
-6.543331,60,65.484771,False,False,0.03433547765231565,89.80858389049158
-6.994908,60,68.806166,False,False,0.016033695065974386,82.13536667016643
-8.431931,60,72.86949,False,True,0.06133778603433635,83.0662086991631
-8.51865,60,76.143865,False,True,0.022176176299521965,66.80977654113059
-6.514712,60,80.335259,False,False,0.028312029198352358,85.1411108209267
-6.173086,60,83.634584,False,False,0.08666986124009708,86.45645040110387
-6.178115,60,87.798074,False,False,0.025516980075556746,89.83430265700134
-6.386048,60,91.104419,False,False,0.054201340063331875,78.63510364943532
-6.57926,60,95.369944,False,False,0.04225005458872294,84.7555165566917
-6.69721,60,98.860876,False,False,5.595984863444002e-05,87.04771706832902
-6.300375,60,102.918503,False,False,0.06477196461720164,77.47098043681753
-6.836263,60,106.201477,False,False,0.026953603355785102,78.44526400127468
-8.547111,60,110.339953,False,True,0.015638652673506715,88.02569730669505
-6.395633,60,113.615225,False,False,0.007093434544641317,87.6917399663735
-7.223115,60,117.804314,False,False,0.003976401301238584,65.4229266780441
-6.178216,60,121.262845,False,False,0.07170171875040846,87.69202915469705
-6.134167,60,124.470349,False,False,0.06496832946212858,74.67123433414308
-6.340178,60,128.515764,False,False,0.010174946368911043,76.49177590353831
-7.13678,60,131.800991,False,False,0.029904066017547463,88.77221181989852
-5.985843,60,136.05251,False,False,0.07024708020437857,83.05577317150635
-5.941189,60,139.431062,False,False,0.008068477402224748,89.10041772558614
-7.159753,60,144.018584,False,False,0.011942000720870712,83.94223204751835
-6.816221,60,147.581691,False,False,0.02396935918994645,83.15773149159732
-5.919287,60,151.885371,False,False,0.07745837883490742,79.22838555123971
-7.236211,60,155.327487,False,False,0.020748035052754008,79.08744831627305
-7.972527,60,159.625963,False,True,0.06571345810958672,71.76857893743679
-5.940113,60,162.876457,False,False,0.04605195250807095,56.90004229764339
-6.220957,60,166.979031,False,False,0.029230207770575202,70.5495871110291
-6.461909,60,170.228816,False,False,0.04309767115517914,75.94092722104313
-6.771054,60,174.370495,False,False,0.04558669605712054,58.60147529697373
-6.161217,60,177.75144,False,False,0.056345696752069054,74.26219758503903
-8.444064,60,181.906871,False,True,0.05475424901376434,75.73446448090694
-6.355942,60,185.169834,False,False,0.07139261741033227,59.508107280895885
-5.977873,60,188.412121,False,False,0.00496417810730955,75.621019881207
-5.735937,60,192.457175,False,False,0.004265567772715197,70.2258337879958
-5.884437,60,195.706057,False,False,0.043442958012167465,73.66453882200564
-7.119394,60,199.818024,False,False,0.039957554427953845,80.31899118134719
-6.397345,60,203.15015,False,False,0.0491913164908635,75.32334084502686
-5.969688,60,207.22167,False,False,0.08772938250424725,54.28908786662159
-5.878822,60,210.529231,False,False,0.03356732846329097,65.7633954225016
-6.589949,60,214.613171,False,False,0.014237524795524883,66.90542878879089
-5.792137,60,217.979688,False,False,0.0009375092408312156,77.53426315053241
-6.080911,60,222.500063,False,False,0.0885934876102357,65.61410624845654
-8.804661,60,225.771354,False,True,0.02469850548369829,72.50532803017016
-6.006432,60,229.848569,False,False,0.047768568680155055,66.44914115665203
-6.4789,60,233.186063,False,False,0.016968727201510766,77.45917996691409
-5.989462,60,237.297503,False,False,0.04656136466039019,65.87268528642133
-6.259945,60,240.567311,False,False,0.06582252732133136,80.88174029846732
-5.784408,60,243.852028,False,False,0.006567097305746066,71.68469033385144
-6.820916,60,247.925718,False,False,0.009086382249205492,69.36940832059163
-8.413035,60,251.244902,False,True,0.04062042637166143,82.2165522408168
-6.479961,60,255.632242,False,False,0.04276653377640014,81.94731411262876
-5.95014,60,259.056415,False,False,0.0414069564336451,80.48120586361082
-6.405731,60,263.209645,False,False,0.04289745586945087,77.21151429179558
-6.309635,60,266.458962,False,False,0.05121209461078072,82.88310080283871
-5.605196,60,270.501552,False,False,0.0026802910341469045,46.629841028841376
-6.803925,60,273.784677,False,False,0.04158149826691264,53.454665595912175
-6.379509,60,277.926537,False,False,0.00037522682412895365,77.14467926493644
-5.975431,60,281.219002,False,False,0.09899666895294802,66.3343131448261
-6.838213,60,285.272563,False,False,0.0593517999433994,73.274946065608
-5.825118,60,288.534688,False,False,0.006641454066207659,75.60326251923127
-6.522314,60,292.622103,False,False,0.01844819149788209,70.29514514904442
-5.731049,60,295.949805,False,False,0.02539967759950064,59.353981230434435
-6.328821,60,300.09075,False,False,0.011005215089079444,76.47649569317976
-6.358947,60,303.386549,False,False,0.059565926086524015,87.25734945505137
-6.02368,60,306.760801,False,False,0.11180327343506687,63.33257856192024
-6.128849,60,310.954388,False,False,0.05998800506872151,53.781609234416685
-6.538779,60,314.218597,False,False,0.0314576581164211,74.00196795011345
-6.727661,60,318.276655,False,False,0.020559268026241345,57.38404778390785
-6.991623,60,321.464301,False,False,0.011141917244258588,42.61308235310935
-6.530075,60,325.566317,False,False,0.055770081499849085,69.94945612924565
-6.248589,60,328.769934,False,False,0.05901583875104303,65.58304527803631
-7.09541,60,332.845514,False,False,0.010399832747132338,62.463355512598845
-6.367712,60,336.080147,False,False,0.050990447676685285,79.75272035001825
-6.675905,60,340.291216,False,False,0.03384446922082565,50.976300566550634
-6.245134,60,343.553956,False,False,0.05230135223639702,67.10136784402404
-6.253278,60,347.603631,False,False,0.05095741238838914,65.76762601946194
-7.688307,60,350.861619,False,False,0.02498175343717479,69.94621325463943
-6.804493,60,354.992511,False,False,0.015105403384130479,62.4619782810632
-6.475916,60,358.247341,False,False,0.008557855441684695,55.62583550924622
-6.33057,60,361.431019,False,False,0.022955108042201057,77.27297709337886
-6.582335,60,365.52916,False,False,0.038111343748741366,69.50247220057828
-6.122505,60,368.823595,False,False,0.07267531441866999,70.72083888385366
-6.775613,60,372.889011,False,False,0.032181588576900205,63.39106382140778
-7.162866,60,376.133516,False,False,0.01996355663643764,60.64625062791096
-5.939262,60,380.238267,False,False,0.08911855816597934,67.37936572925445
-6.670683,60,383.476137,False,False,0.0561180333208542,51.741509429056315
-6.550989,60,387.705014,False,False,0.0026311071214700776,72.82281887150754
-7.09026,60,391.02235,False,False,0.02651023705710996,70.37638002864438
-6.809451,60,395.146843,False,False,0.03130831205468017,64.05525564091744
-6.891904,60,398.504786,False,False,0.006546175818077361,55.309091493028674
-6.702141,60,402.722766,False,False,0.001752594865608123,68.10618464966336
-7.04434,60,405.93773,False,False,1.395342153791973e-05,65.06950988470871
-6.552869,60,410.030478,False,False,0.021210308444430045,78.89402971893264
-6.880648,60,413.270072,False,False,0.0153919361379376,42.161201316326824
-6.950278,60,417.463748,False,False,0.06514823447392157,82.22206130700059
-6.219021,60,420.774189,False,False,0.08727094492561775,60.36882553294636
-6.171868,60,424.026541,False,False,0.07962934001954121,68.41616582119019
-6.88127,60,428.063653,False,False,0.010316038552803743,72.16525945010356
-6.502003,60,431.367032,False,False,0.040785156731321666,50.2947536715912
-6.24507,60,435.372429,False,False,0.04363290696191413,57.499505283093384
-7.311249,60,438.585627,False,False,0.009024841591327493,71.43004488430212
-6.543351,60,442.774586,False,False,0.026395758450906234,76.08202352583378
-6.653981,60,446.337321,False,False,0.03897391734294662,75.2190747677076
-9.012792,60,450.502373,False,True,0.003364203996482157,58.78208803961403
-6.658638,60,453.775392,False,False,0.058140586662434816,53.445715306063335
-5.817587,60,457.887963,False,False,0.02416349827971515,47.13818390995117
-6.613371,60,461.236175,False,False,0.031118801531923992,78.0578072254594
-7.481953,60,465.305344,False,False,0.019611012648443248,63.59533270674877
-7.405243,60,468.538913,False,False,0.010447721086263597,77.12006523327497
-6.519943,60,472.585154,False,False,0.0495239483162177,57.91710116559597
-6.581298,60,475.833123,False,False,0.03155984884753306,72.58969328841745
-6.392942,60,479.0966,False,False,0.06985176380051696,83.93479312666399
-6.36311,60,483.168047,False,False,0.04491348014155841,77.55014914784982
-6.944764,60,486.412988,False,False,0.030632370401179637,87.08501119501778
-7.465206,60,490.619778,False,False,0.04539217212157104,88.14526603306813
-5.78211,60,493.894167,False,False,0.004434640454344775,71.9674339079089
-5.766844,60,497.941348,False,False,0.01053001033089711,83.96430069637663
-6.04557,60,501.175514,False,False,0.026631093070395517,87.7433191055046
-6.735071,60,505.243845,False,False,0.003973419612827114,89.03581234033759
-5.930048,60,508.552962,False,False,0.018850871436812328,85.28806768179493
-6.040194,60,512.601844,False,False,0.0010640558281378712,61.99653757694849
-5.727531,60,515.972785,False,False,0.025109376153792575,71.28395880353777
-6.344772,60,520.067321,False,False,0.030982504525215167,76.04645678972302
-7.487961,60,523.334784,False,False,0.024073349489432516,89.44371574289107
-9.676507,60,527.364194,False,True,0.020860873588442637,85.40335939485249
-6.100171,60,530.564932,False,False,0.005360272701352735,80.30075837604859
-6.513886,60,534.62483,False,False,0.03295486156153969,89.06796025813172
-7.230216,60,537.906521,False,False,0.042242835756977196,67.36969157215213
-7.030885,60,541.177874,False,False,0.04678706822049354,83.27755365596292
-5.975557,60,545.303019,False,False,0.07289393763647435,73.23265008100749
-6.3552,60,548.653955,False,False,0.04603591195078716,74.92845425067166
-7.415387,60,552.729673,False,False,0.020798246304391615,82.24935250072865
-6.382692,60,555.973092,False,False,0.014044341468334099,88.61238502687156
-6.238151,60,560.108404,False,False,0.010424195448362615,85.48468222238272
-6.864249,60,563.365769,False,False,0.028404214561047324,82.33251967422902
-6.189433,60,567.505543,False,False,0.039681416746672166,56.219831768230165
-6.479144,60,570.771778,False,False,0.023428139636175738,86.991902777851
-6.496035,60,574.792685,False,False,0.06411305054569508,70.37815893550136
-7.12202,60,578.193465,False,False,0.03653585838609354,70.6582611634567
-6.338967,60,582.460569,False,False,0.06810586434339713,51.37962185749145
-6.794971,60,585.800241,False,False,0.01759775985443581,66.79084872830528
-5.976662,60,589.951051,False,False,0.0601637758123703,70.07887277144691
-7.242466,60,593.256502,False,False,0.027885494692651547,70.13121779424675
-7.099522,60,596.520964,False,False,0.028552637380343707,62.51662226977469
-7.513972,60,600.898322,False,False,0.06064678811890285,67.47794594100405
-5.83459,60,604.099166,False,False,0.0502750666963964,68.29411741142408
-5.383697,60,608.212148,False,False,0.0053478385743485745,48.2317840695308
-9.347255,60,611.535339,False,True,0.022837532413985295,74.34936028440065
-6.17822,60,615.557456,False,False,0.04259542723350873,77.65234887824674
-6.460882,60,618.696029,False,False,0.04748042229821364,76.79180612556662
-5.97689,60,622.747339,False,False,0.08441346088439908,57.56405879802515
-5.950271,60,625.937373,False,False,0.02563075385330551,72.68773852500415
-5.554128,60,629.983292,False,False,0.04179068370699813,31.221642198834253
-5.778762,60,633.201527,False,False,0.08035863270655905,46.48116139360556
-6.430899,60,637.321031,False,False,0.0163669073323522,71.2424170953546
-5.818769,60,640.627366,False,False,0.05652671855353099,48.61314560104339
-6.255732,60,644.720628,False,False,0.05791858717847678,73.11777821316666
-8.739501,60,647.946369,False,True,0.046177417558760675,77.02670845954552
-6.161122,60,652.053229,False,False,0.038956394894412015,44.7828410830815
-7.010643,60,655.263663,False,False,0.0328432944451411,68.04474409476693
-5.881472,60,658.549654,False,False,0.04643709353396185,74.46262084369147
-6.000859,60,662.622599,False,False,0.017500601989847396,42.94323103075939
-5.871608,60,665.905881,False,False,0.0488015590664104,59.85643631707635
-7.282229,60,670.137156,False,False,0.044001112850211244,70.4796891192947
-6.340437,60,673.350123,False,False,0.04581196416122618,56.3449857560718
-6.631145,60,677.421376,False,False,0.03733541400681234,57.04973302963853
-6.429992,60,680.738756,False,False,0.034390567882535056,67.24846770528126
-6.299848,60,684.831273,False,False,0.045418891127008615,51.715545676805036
-7.248417,60,688.109536,False,False,0.00789759489887152,59.712324549936945
-7.110919,60,692.234742,False,False,0.038337528267266656,65.79842949336002
-7.376296,60,695.525598,False,False,0.015215659372168424,65.95739491122467
-6.656593,60,699.594859,False,False,0.00951825112341002,30.021988887022328
-6.089233,60,702.837957,False,False,0.09114070035234383,63.71048355277134
-6.177065,60,706.807423,False,False,0.07658487390847063,88.22967347056482
-6.16933,60,710.00423,False,False,0.09883625576569832,89.4303821530112
-5.842284,60,713.284932,False,False,0.018989367616838202,32.979451097245814
-9.216085,60,717.330236,False,True,0.008869662185127698,78.07111622041513
-5.952481,60,720.671947,False,False,0.06564532927308418,77.65958368553228
-6.100959,60,724.705394,False,False,0.05696798987517995,75.57054147766347
-7.116319,60,727.99461,False,False,0.01680151289410468,70.47563347545403
-6.630288,60,732.136925,False,False,0.020857970450198195,67.32460781160256
-6.192835,60,735.349357,False,False,0.000522650238036982,65.28350032436283
-5.917714,60,739.450629,False,False,0.0606941808232415,81.44658955127339
-6.489642,60,742.656774,False,False,0.02058186014263641,89.47458450114173
-6.833516,60,746.696046,False,False,0.025843048549057203,70.01680854233975
-6.311239,60,750.01176,False,False,0.04226092077299298,84.29958132491537
-5.999414,60,754.110241,False,False,0.039963262103263036,61.39229071520578
-6.001966,60,757.368706,False,False,0.12144223262308432,68.6172552374687
-6.134662,60,761.472415,False,False,0.03915739252578667,64.3265581782175
-5.591807,60,764.716351,False,False,0.033188351612249284,36.07572004877288
-5.977901,60,768.784598,False,False,0.03264167395047484,51.047467943626515
-7.00863,60,771.988255,False,False,0.015337078756726295,77.13779295976781
-7.323486,60,775.255701,False,False,0.02430082564908622,69.12755355609572
-6.060738,60,779.33704,False,False,0.043102503412634496,63.092774829924586
-5.839002,60,782.533235,False,False,0.04162268143840339,54.16615564764663
-5.885983,60,786.667325,False,False,0.08752002019816357,70.72885047387192
-5.989813,60,789.97647,False,False,0.045086531764129245,63.44922668204759
-6.317976,60,794.101924,False,False,0.030819230616982142,87.6212043476462
-6.879845,60,797.348154,False,False,0.0001614318944792581,64.77004324769409
-5.967972,60,801.392019,False,False,0.006766969000111329,54.14953540705733
-6.312961,60,804.661844,False,False,0.04421043401698592,83.97365259160034
-5.650822,60,808.717355,False,False,0.004607788033671149,53.906312067707155
-6.549722,60,811.996595,False,False,0.06919789470793433,63.521877935044714
-6.985432,60,816.121976,False,False,0.003205578151207464,75.02971638110044
-7.004813,60,819.359971,False,False,0.043255771028092374,83.52407942390785
-6.594262,60,823.50553,False,False,0.028293676875227956,55.85048721693247
-6.880362,60,826.743924,False,False,0.009174968077215778,36.850961290161365
-7.158534,60,830.090734,False,False,0.0347746246441656,52.089723442551445
-5.997473,60,834.163237,False,False,0.014197499714511883,31.257227722133916
-5.956112,60,837.415283,False,False,0.052560234715799035,39.41029566480209
-5.752149,60,841.662877,False,False,0.044173206803921186,33.77649806873891
-6.659926,60,845.300452,False,False,0.0465243460073769,38.91071244095316
-6.203905,60,850.12915,False,False,0.039521749365686525,35.01480248127017
-6.733824,60,853.825826,False,False,0.00022305472532122006,26.578939694004326
-7.108363,60,858.532394,False,False,0.06914656214112927,36.86619848028868
-6.500802,60,862.083597,False,False,0.03720368299824154,29.983873094339337
-6.732828,60,866.306164,False,False,0.0006002767280062944,52.2165703234537
-5.925144,60,869.588658,False,False,0.0011108855867452208,54.14861424823372
-6.042203,60,873.958038,False,False,0.009693045994187615,45.06721486359653
-6.847159,60,877.245215,False,False,0.05170558364657997,74.60668160355536
-5.880454,60,881.326926,False,False,0.019679558823530275,69.3380881503185
-6.15724,60,884.638955,False,False,0.036183264447732656,66.10292334547829
-7.055615,60,888.72898,False,False,0.03586570075873626,57.3904559509145
-6.665167,60,891.967631,False,False,0.05412562207972011,56.852672112453284
-6.001502,60,895.29652,False,False,0.0844150458038053,67.82331534368438
-7.424236,60,899.413607,False,False,0.020382950307079085,61.79881284482829
-6.604636,60,902.965314,False,False,0.004349493293943444,52.56556322024286
-7.034106,60,907.568971,False,False,0.03671979239520223,54.69478422371042
-6.764592,60,911.085124,False,False,0.00184782720376939,48.49502293833483
-6.241087,60,915.514469,False,False,0.0532526509042691,63.490968588259726
-7.28549,60,918.957594,False,False,0.010196958217974353,52.37971099132415
-6.086044,60,923.280685,False,False,0.09218642555363027,69.31933283428805
-6.311729,60,926.840383,False,False,0.05544688027943527,57.925729573561405
-7.034304,60,931.484627,False,False,0.016062151861904014,85.768435970572
-6.437337,60,935.551027,False,False,0.03758117341666363,56.71251295326983
-6.245969,60,940.172942,False,False,0.007182517605094436,54.8034903210516
-5.933919,60,944.070159,False,False,0.017287298568640287,42.46525939552553
-5.725635,60,948.689226,False,False,0.033272572083931355,88.45702778868942
-6.608175,60,952.427854,False,False,0.0025327371454955394,77.72695023472868
-6.292325,60,956.068497,False,False,0.09812352872124552,84.73731053132731
-6.707972,60,961.592987,False,False,0.001042237899631003,70.97705679301565
-6.492548,60,965.732322,False,False,0.022138003635188166,61.165936921308884
-6.283367,60,970.174813,False,False,0.025668878246308757,70.9423471128228
-5.914284,60,973.85555,False,False,0.021866195104900496,83.48942054638931
-5.274577,60,978.504176,False,False,0.0012902065274703993,62.68212961358951
-6.832058,60,982.1093,False,False,0.03194467329657511,30.53528770685518
-9.282785,60,986.585671,False,True,0.015602307316414278,52.4908883912509
-6.269209,60,990.237664,False,False,0.052197971752531894,52.63865223337352
-5.572602,60,994.914599,False,False,0.03168884444144185,67.70716456742268
-7.167891,60,998.603853,False,False,0.020491932823041566,65.60054171304817
-5.979305,60,1003.212699,False,False,0.05950615633755438,67.63105451347784
-7.220288,60,1006.949229,False,False,0.015224964988771593,88.52979721564388
-5.694383,60,1011.219103,False,False,0.09688089533241802,30.45595558026634
-6.980594,60,1014.491485,False,False,0.01499116843024964,37.26396834323042
-7.32539,60,1018.81355,False,False,0.06258274097265895,72.88612407902937
-8.969703,60,1022.110981,False,True,0.00986391621678889,48.0957801998829
-6.659133,60,1025.454684,False,False,0.013945417030003442,44.2092207853321
-6.00959,60,1029.760899,False,False,0.026485899210232054,43.80157147349671
-6.668526,60,1033.131593,False,False,0.03736342991754143,55.39921657238024
-5.753555,60,1037.414468,False,False,0.0172829428350814,48.65079525739913
-6.276485,60,1040.698085,False,False,0.06806515178164385,65.21017644441132
-6.318452,60,1044.966549,False,False,0.06425658015084619,66.22159838314957
-5.479265,60,1048.279824,False,False,0.03150426205948922,31.86350528071593
-5.783438,60,1052.540281,False,False,0.04637138338531251,42.035682934055686
-7.220109,60,1055.85311,False,False,0.01661993775500909,54.25331074380387
-6.5921,60,1060.099082,False,False,0.011203572586957667,30.783823265089076
-5.496562,60,1063.442357,False,False,0.024567790833843094,48.98393615071433
-5.7627,60,1067.729471,False,False,0.027518905190440916,36.98682645620769
-6.061867,60,1071.990442,False,False,0.04705836252249155,28.860276234375032
-5.63769,60,1076.176174,False,False,0.03039639262190555,47.53043324259688
-7.497537,60,1079.547952,False,False,0.024846270475438435,33.024074595158986
-5.47638,60,1082.887489,False,False,0.05843839523736981,29.721126677632025
-6.890759,60,1087.077748,False,False,0.030976170227499118,45.68924673249686
-6.056186,60,1090.488926,False,False,0.07968008127445496,56.496056347054726
-5.600912,60,1094.809648,False,False,0.03135512395136983,30.00140717115346
-5.769579,60,1098.131008,False,False,0.08725525901766551,28.617751131175808
-6.837454,60,1102.412761,False,False,0.024163900868130292,29.539597656004254
-5.972455,60,1105.71604,False,False,0.10159945670414529,42.534022178686634
-6.297916,60,1109.934166,False,False,0.038607867458798316,31.869540531403416
-6.511251,60,1113.223465,False,False,0.01883764742514948,32.90889539394454
-7.206556,60,1117.442768,False,False,0.03628310886182334,31.77487589742019
-7.148697,60,1120.855202,False,False,0.03138460621974256,57.402105119437785
-5.734655,60,1125.109897,False,False,0.04169228539736184,30.31668031014099
-6.16345,60,1128.434651,False,False,0.021321537497753108,31.935318087767556
-6.028465,60,1132.651661,False,False,0.06829946782526752,55.55265933003625
-6.926419,60,1136.020494,False,False,0.00046531158835990717,41.14824862173804
-6.768894,60,1140.238198,False,False,0.03741993502142146,30.39938678089714
-5.902538,60,1143.535311,False,False,0.06068353035643035,29.74520943216058
-5.886893,60,1146.886054,False,False,0.04908199266777341,31.88141305803175
-6.309005,60,1151.141831,False,False,0.01670087091601221,39.70106068700127
-6.211858,60,1154.433025,False,False,0.01749764405262834,31.093208379616403
-7.470656,60,1158.757332,False,False,0.02084308826860313,33.56246215441259
-5.978852,60,1162.247599,False,False,0.008384676606200816,29.996590713730104
-6.460548,60,1166.433731,False,False,0.007069366622019981,37.374769073785124
-6.163673,60,1169.766367,False,False,0.06204789661223266,32.647456611265696
-5.869679,60,1174.067171,False,False,0.06746717600822602,31.017628186278518
-6.207294,60,1177.431665,False,False,0.06799444923546347,59.85963250930479
-5.917965,60,1181.752608,False,False,0.0775799072620283,35.95766753426617
-5.90396,60,1185.028463,False,False,0.05433274152812147,29.020917181271727
-5.840634,60,1189.248446,False,False,0.04017159255385367,58.85512071857841
-5.938026,60,1192.562688,False,False,0.004220100966853862,30.920378357445873
-6.96355,60,1196.872822,False,False,0.019312393672655432,47.57228122658504
-7.113667,60,1200.374977,False,False,0.020055634397368686,33.80186660574841
-6.427493,60,1203.659865,False,False,0.06345326534979265,29.861643433523817
-6.085914,60,1208.071231,False,False,0.0615166814624053,54.2575335212164
-6.876257,60,1211.578559,False,False,0.007797503551737955,29.714283402851077
-6.169278,60,1215.817422,False,False,0.03062095007810075,42.35899686949363
-5.785129,60,1219.045731,False,False,0.06783538783480071,29.66108337413613
-5.891318,60,1223.350492,False,False,0.08204853524043226,31.0690917479954
-5.532917,60,1226.599295,False,False,0.022601049789001557,30.958016635552887
-6.306459,60,1230.86642,False,False,0.016197275563957073,32.33911520156076
-5.795674,60,1234.222384,False,False,0.038542388381210976,34.24836892759372
-5.806776,60,1238.473699,False,False,0.08765632914989376,39.43939359756896
-7.128937,60,1241.895106,False,False,0.019143154392068974,33.67210590645238
-6.138014,60,1246.149668,False,False,0.06595709013943599,30.43663831473649
-6.236099,60,1249.480181,False,False,0.02234301937419159,30.744781118326465
-6.977188,60,1253.684794,False,False,0.049401061776622276,37.62938411510339
-5.800548,60,1257.054316,False,False,0.0523644452687876,29.988414603804813
-8.256106,60,1261.264641,False,True,0.02680126401861766,30.53356898444047
-6.404574,60,1264.568536,False,False,0.04914955667345511,40.23157610806315
-6.997094,60,1267.842734,False,False,0.020618128064973915,30.3424564154361
-5.801098,60,1272.066317,False,False,0.03756170520813009,38.570987789463224
-6.117182,60,1275.447081,False,False,0.044937708233578275,30.041166706764795
-5.699982,60,1279.683773,False,False,0.05387431399054636,36.101045937065166
-6.598996,60,1282.983473,False,False,0.0541065436656621,54.789841629696326
-6.911998,60,1287.265258,False,False,0.014795084045795766,48.28321933175062
-6.240378,60,1290.572655,False,False,0.019384053244211472,52.634166982068564
-5.994349,60,1294.899206,False,False,0.013746247887684306,30.54968733193135
-6.055996,60,1298.259103,False,False,0.04690549691706506,36.79134787424244
-5.892658,60,1302.54968,False,False,0.07993575164808786,38.64940335747353
-5.373567,60,1305.872458,False,False,0.018076184806249188,31.10571916909115
-5.98337,60,1310.104068,False,False,0.023080007445314597,30.50384074144503
-7.906615,60,1313.461106,False,True,0.0553140792990623,56.805647993888606
-5.631687,60,1317.69927,False,False,0.08875360458264689,30.04266804606528
-6.094404,60,1321.041905,False,False,0.015016203859063205,37.03342413672513
-6.478201,60,1324.342904,False,False,0.015761371994270412,30.001433031183254
-5.827767,60,1328.666098,False,False,0.06362468787528054,34.9162797414417
-5.834504,60,1332.011938,False,False,0.0012464277162380182,27.739231922635994
-6.211206,60,1336.219949,False,False,0.0036881212364087076,41.49317450873475
-5.560365,60,1339.522622,False,False,0.029958954924544104,40.63785254914664
-6.296631,60,1343.738288,False,False,0.013627252051910859,39.16933057814744
-6.525007,60,1347.060833,False,False,0.02194374419181147,66.45492175240538
-6.580707,60,1351.25373,False,False,0.0016339360662711022,49.52300645992044
-5.918751,60,1354.631737,False,False,0.046856631856487654,59.93325883818708
-7.037781,60,1358.903789,False,False,0.01364187950195663,78.26290716740327
-6.647236,60,1362.322132,False,False,0.0364736774520501,55.97884670062005
-5.8975,60,1366.519631,False,False,0.020024991293625113,34.34578792580656
-6.316551,60,1369.850628,False,False,0.018161002214093187,36.352276685280074
-5.973748,60,1374.073085,False,False,0.020676108213670934,44.62312644650218
-7.125903,60,1377.452954,False,False,0.0470214062429139,73.49544608709729
-7.586991,60,1381.679914,False,False,0.022950115567835737,56.91060033408025
-6.183144,60,1385.033329,False,False,0.06374613790101884,70.3582281388193
-6.124905,60,1388.356746,False,False,0.0480430280089873,69.90670068168738
-7.442341,60,1392.76823,False,False,0.03428899279852755,65.75749373313991
-7.191246,60,1396.091928,False,False,0.03247875650953952,71.42309295001498
-7.592228,60,1400.341108,False,False,0.019217338937648536,77.36782681337449
-6.106958,60,1403.58773,False,False,0.09846931462668741,65.40825654779769
-7.122415,60,1407.871236,False,False,0.04466947998570721,53.48900192485232
-5.972005,60,1411.191208,False,False,0.11279652059123672,53.66221766452955
-6.336438,60,1415.529836,False,False,0.0377117583945584,51.44142553221921
-6.556345,60,1418.907384,False,False,0.00797236078196699,32.379754742845584
-5.9662,60,1423.182225,False,False,0.06180006392973032,35.34263257430069
-6.294994,60,1426.523552,False,False,0.003202734041128953,64.6497821617032
-6.008011,60,1430.704016,False,False,0.040992188203335875,65.23268368047215
-6.427841,60,1433.984902,False,False,0.029109789822735085,83.05606945098731
-6.136343,60,1438.243874,False,False,0.01789429280002893,51.435435236793765
-6.830354,60,1441.6676,False,False,0.04185371459856922,45.387678013193884
-9.913009,60,1444.998765,False,True,0.04655305710377782,47.50409960363579
-7.237206,60,1449.233932,False,False,0.028738566531929136,55.58092279205448
-6.725492,60,1452.577394,False,False,0.009282487120351755,43.45462887577319
-5.721546,60,1456.893082,False,False,0.08648833246562976,25.48726545914531
-7.778473,60,1460.2394,False,True,0.044938790934844756,68.96547253504372
-6.014881,60,1464.437803,False,False,0.07008304007231769,35.330934810841086
-6.32944,60,1467.694716,False,False,0.04590648785292582,56.13100134576079
-6.450135,60,1471.966939,False,False,0.020592596626231682,36.2651237229605
-6.280047,60,1475.268731,False,False,0.009992548990632915,51.615492792105584
-6.520181,60,1479.54123,False,False,0.0352407489992851,63.27983896616336
-6.656039,60,1482.941507,False,False,0.004660055117331981,47.07937665987551
-6.144733,60,1487.170656,False,False,0.044395183507681825,48.980957764706694
-7.000891,60,1490.52553,False,False,0.030082826898280613,62.76220620887187
-6.054133,60,1494.744691,False,False,0.0186332559725029,58.830262371391704
-6.589026,60,1498.082653,False,False,0.0013704911491718135,33.096173988722576
-5.939969,60,1502.312795,False,False,0.07751868122601953,47.43325331614804
-6.10599,60,1505.824263,False,False,0.06750183784391742,45.13652114463461
-5.904006,60,1509.098253,False,False,0.09913801319212756,42.90839077806205
-5.918124,60,1513.410224,False,False,0.04341028800749815,60.79837040344218
-6.430274,60,1516.726066,False,False,0.025239952715941847,48.42448101067588
-5.354055,60,1520.907809,False,False,0.021991562079902535,31.49796520286733
-6.124488,60,1524.212269,False,False,0.0823297326804821,54.42125257072154
-6.509636,60,1528.396576,False,False,0.061524331930568485,45.792226233011476
-5.930381,60,1531.731894,False,False,0.06841370319291644,37.48814657452335
-7.436867,60,1535.944515,False,False,0.027734871935190145,30.32557641964984
-5.837768,60,1539.289646,False,False,0.07785083407036308,57.03475604848821
-5.987592,60,1543.57194,False,False,3.665332457462346e-05,62.00700462899707
-5.881896,60,1546.840119,False,False,0.020030194053716543,61.201912113753814
-5.419086,60,1550.987759,False,False,0.006949793076897425,64.22346073412895
-5.667512,60,1554.219169,False,False,0.034154742975497226,60.09096636300701
-5.800923,60,1558.440791,False,False,0.023665760374140768,74.13450495031445
-7.187168,60,1561.708964,False,False,0.006485578639070365,85.41057059927157
-5.603561,60,1564.996319,False,False,0.021653470447005458,72.43663614448471
-5.63565,60,1569.213053,False,False,0.008834677538620772,58.23012587137041
-7.219149,60,1572.582427,False,False,0.06029841884609256,63.713051851701856
-6.671467,60,1576.852457,False,False,0.04340501279898522,86.79327441413042
-8.047583,60,1580.06799,False,True,0.05694146645346497,82.07525674750535
-6.922107,60,1584.225072,False,False,0.014781518117060535,83.0440788032895
-5.880186,60,1587.514397,False,False,0.0073742760776511936,65.95699712217659
-5.96078,60,1591.731882,False,False,0.024475705991459297,63.109153089933265
-6.60451,60,1595.01258,False,False,0.00961173049164356,73.51415663528819
-9.225819,60,1599.191784,False,True,0.004250834627223966,70.87989057611392
-6.315949,60,1602.461264,False,False,0.08039677737659279,86.52962834673629
-6.647614,60,1606.717631,False,False,0.01583378844417029,84.61989084170406
-6.991235,60,1610.016487,False,False,0.0369267379470932,82.09152206577096
-6.338636,60,1614.223129,False,False,0.028138515880535613,84.59928897383905
-6.628019,60,1617.577411,False,False,0.0446841143948947,64.59101970337491
-6.27298,60,1621.726269,False,False,0.09286960274808945,82.39146142072137
-6.11798,60,1625.026578,False,False,0.07345644382693899,83.17482635337001
-5.909445,60,1628.350092,False,False,0.08240491940954149,76.00908929807804
-6.030011,60,1632.548467,False,False,0.08539378611645482,67.79778297910615
-7.355212,60,1635.942794,False,False,0.011720807910626414,70.78857214495329
-6.189379,60,1640.111303,False,False,0.03724257746990478,82.89367015931303
-6.216351,60,1643.452811,False,False,0.05850295708788608,78.71989567445901
-5.347566,60,1647.597433,False,False,0.004431060849012474,57.239374957160685
-6.055291,60,1650.982952,False,False,0.1003972825396042,75.64335436811541
-6.904169,60,1655.611496,False,False,0.018110657428237732,70.48628612002742
-6.490567,60,1659.240834,False,False,0.0434960524873465,86.36668294045312
-6.355501,60,1663.484864,False,False,0.06624332900688985,69.3576945362184
-6.776883,60,1666.852194,False,False,0.029401615842037213,77.98207075486233
-5.759982,60,1671.020589,False,False,0.049517100009045384,80.87962976194638
-5.813447,60,1674.308613,False,False,0.021355961031051838,73.42779512322677
-8.289052,60,1678.556685,False,True,0.06581260130076026,87.52707968273641
-6.079313,60,1681.913052,False,False,0.07196553526391769,89.16530771982715
-6.264473,60,1685.170426,False,False,0.04184585893988963,82.23199049823532
-6.499225,60,1689.380532,False,False,0.05108055122810424,83.15198391293957
-6.918846,60,1692.638799,False,False,0.02339515512391765,74.63594342705872
-5.802842,60,1696.898626,False,False,0.01744888892427189,73.86658866669414
-7.437213,60,1700.179591,False,False,0.012842680040385296,69.70669703976807
-6.003379,60,1704.322089,False,False,0.04990255240139885,75.26461639726638
-6.967337,60,1707.584492,False,False,0.005201739072264389,74.62829264243554
-6.179292,60,1711.869378,False,False,0.03355993176293739,81.08960966043745
-6.069686,60,1715.185495,False,False,0.018024740668708857,78.68118681982692
-5.900364,60,1719.36046,False,False,0.10035670184462148,79.5028965656686
-5.983027,60,1722.614524,False,False,0.05624935659791526,88.15232559352714
-5.913212,60,1726.855426,False,False,0.006962775932910068,73.45976139294224
-6.151282,60,1730.142203,False,False,0.08169467859941786,88.62960499691145
-6.078359,60,1734.329746,False,False,0.04097274631076338,71.63196317150094
-5.875527,60,1737.656269,False,False,0.04783423457964868,86.0395300138142
-6.046403,60,1741.848415,False,False,0.059779148055761,62.088030245898636
-7.768033,60,1745.075687,False,False,0.044078229920178916,73.86708212074792
-6.170186,60,1748.351894,False,False,0.001700974398386769,62.24308390136392
-5.923094,60,1752.514753,False,False,0.008872968996189298,69.82449396185429
-7.179326,60,1755.929583,False,False,0.04201549486422939,89.73683004863332
-6.074548,60,1760.093172,False,False,0.024935268164836762,58.501726046380455
-6.039259,60,1763.385255,False,False,0.05597489314660371,62.30791950206224
-5.923292,60,1767.640193,False,False,0.04936997674164005,86.36437674068212
-5.872495,60,1770.95067,False,False,0.008415006606264486,65.45788130736375
-7.408036,60,1775.116364,False,False,0.018620733232309797,61.361250482229856
-6.127697,60,1778.454128,False,False,0.0070247278525950516,60.12569479905388
-7.99889,60,1782.612631,False,True,0.06476535105897989,84.34391173578324
-6.29365,60,1785.89756,False,False,0.03916656034085424,59.69489198192927
-6.732635,60,1790.14993,False,False,0.03914102305131888,77.63769586909402
-6.337285,60,1793.500457,False,False,0.06420596206973161,71.87977703558391
-6.01313,60,1797.722915,False,False,0.06493924811630945,55.950581520187086
-6.174924,60,1801.148424,False,False,0.003895721428397522,51.7056000859989
-6.249532,60,1804.531453,False,False,0.004127060429331507,51.40666516963185
-6.102192,60,1808.792944,False,False,0.014575772026848378,71.39801753541187
-6.358882,60,1812.126211,False,False,0.062124070175750806,74.23035737121833
-6.405757,60,1816.35637,False,False,0.016069571478264762,50.491474982069874
-5.964503,60,1819.719232,False,False,0.09466088618911117,78.48034939610972
-7.517998,60,1823.976009,False,False,0.01717847145166741,73.71544066823859
-6.035468,60,1827.275709,False,False,0.06654270100854598,89.93310356718985
-6.404139,60,1831.562978,False,False,0.020955928621604145,81.72554982031563
-6.842219,60,1834.889709,False,False,0.0352768204043099,74.52703503174756
-6.130293,60,1839.01966,False,False,0.04921380321525221,70.92243458366937
-6.39965,60,1842.283088,False,False,0.053032198769837786,76.65211226875911
-6.224659,60,1846.584791,False,False,0.024398263429028528,73.66729538202158
-6.027167,60,1850.318043,False,False,0.054755165509240256,80.39227485230646
-6.587519,60,1854.830722,False,False,0.003470968495075149,77.26107280558487
-5.977341,60,1858.211048,False,False,0.04271822503461226,82.34597091901702
-6.11996,60,1862.286653,False,False,0.02971493713548458,75.06232250825062
-6.059062,60,1865.549546,False,False,0.015937822217238364,77.7555007124756
-7.425636,60,1868.812381,False,False,0.024254034115181726,67.25284745691967
-6.035442,60,1873.140473,False,False,0.03968639172536635,80.9093545571144
-5.97731,60,1876.465641,False,False,0.11068611582990984,80.9749273963246
-6.589596,60,1880.745208,False,False,0.011618960832336697,63.88495854151664
-7.37081,60,1884.02375,False,False,0.02322523995527829,75.11758497957692
-6.117327,60,1888.213608,False,False,0.07321265224637684,85.5193109148197
-5.97913,60,1891.544902,False,False,0.08838300462793701,88.32317143054424
-7.113385,60,1895.744106,False,False,0.027597053897038693,82.63326578429039
-6.668358,60,1898.984615,False,False,0.023622533252652914,84.13694232590657
-7.305453,60,1903.25808,False,False,0.022449410475219832,87.16394752863924
-5.69257,60,1906.538552,False,False,0.051007608709768525,77.1506571544235
-5.7075,60,1910.763598,False,False,0.01609854493770043,65.53686266057171
-6.829675,60,1913.982916,False,False,0.024178682400724537,84.52042149059628
-6.303181,60,1918.198348,False,False,0.03740973556994169,66.41535779223227
-5.932682,60,1921.519782,False,False,0.09012788657557048,88.05163084623614
-6.131501,60,1924.844901,False,False,0.06589659986472016,88.38032484579686
-6.94409,60,1929.017133,False,False,0.019748497496565404,89.74365111990234
-6.459949,60,1932.358804,False,False,0.023262274186470012,82.18848839158214
-7.175042,60,1936.565452,False,False,0.008973340781471453,87.35838195135948
-6.092776,60,1940.180683,False,False,0.059532217614750735,88.37100316000796
-6.240502,60,1944.383881,False,False,0.01733944406208598,88.34247814729737
-6.591247,60,1947.693041,False,False,0.025653207074649916,68.15742069119322
-5.693013,60,1951.958041,False,False,0.03051101746266356,87.80622391856829
-6.287891,60,1955.351081,False,False,0.013235400812341445,79.44176924790933
-6.092302,60,1959.532418,False,False,0.02324698316649497,89.73429838175673
-7.016338,60,1962.921316,False,False,0.02642215416094456,75.26281593267024
-6.858321,60,1967.226835,False,False,0.018889348455344797,85.86562579850306
-6.404009,60,1970.754188,False,False,0.03865036813071018,89.36664786715814
-6.277637,60,1974.875819,False,False,0.0507825165370642,86.76841372616542
-6.432146,60,1978.177792,False,False,0.0005717023293300254,84.13838627651653
-6.292728,60,1982.3781,False,False,0.037178152699682075,80.40617789725968
-6.003084,60,1985.658354,False,False,0.11299374501124858,75.94761134714531
-5.51841,60,1988.9637,False,False,0.04152606369626219,75.55309005116385
-7.522425,60,1993.199922,False,False,0.03955996334322258,83.96035476360908
-6.542346,60,1996.452821,False,False,0.015335047659490645,87.12866879206867
-6.485113,60,2000.746148,False,False,0.023870585156351695,73.20446409411969
-6.517916,60,2004.036794,False,False,0.005957906120221974,81.4644387826256
-6.615428,60,2008.170427,False,False,0.016439419046639706,89.26790615249999
-6.024707,60,2011.485904,False,False,0.0323102248238017,83.54628025138713
-6.330973,60,2015.638739,False,False,0.03581341201710276,88.30675564555908
-7.378362,60,2018.911106,False,False,0.02944784434163144,86.41452607459453
-5.927116,60,2023.210417,False,False,0.014801534681413039,89.0667236463665
-6.58337,60,2026.507741,False,False,0.05130549054689028,62.67119277432771
-6.495311,60,2030.695513,False,False,0.025355866648674275,86.6648917706181
-5.9184,60,2034.087588,False,False,0.05948552246954619,75.12137906065237
-5.817681,60,2038.2711,False,False,0.019134158444519572,85.97011602491939
-5.834518,60,2041.57722,False,False,0.06519956766778648,89.83376703722314
-6.197375,60,2044.838718,False,False,0.05177711563508508,87.73888507787278
-7.132546,60,2049.037942,False,False,0.04344935036691332,85.17562616231166
-5.956052,60,2052.380261,False,False,0.10091253905587506,60.27141366393599
-5.880576,60,2056.509238,False,False,0.0533801633154969,78.43655811402097
-6.361369,60,2059.771387,False,False,0.017081278717403423,82.15278323110061
-6.598047,60,2064.043614,False,False,0.011102429763458014,84.77618422392722
-6.327987,60,2067.494442,False,False,0.03354620410183169,89.69261644785483
-6.629267,60,2071.788042,False,False,0.0022791496340267975,84.3827891187674
-6.808858,60,2075.075416,False,False,0.010402771640096916,74.83725952971052
-6.991174,60,2079.222593,False,False,0.014107113166472368,78.18431715039209
-7.031245,60,2082.554483,False,False,0.03491808332617784,86.25121218073383
-6.713217,60,2086.756503,False,False,0.034510934957105555,85.41987943811333
-7.112979,60,2090.05822,False,False,0.031114976449778686,66.07354817640869
-6.920765,60,2094.354952,False,False,0.04205682697306292,85.34703673084356
-6.674678,60,2097.736083,False,False,0.043498598586137444,76.94476359109372
-6.261497,60,2102.128062,False,False,0.04658360531517897,78.64952496315331
-6.548496,60,2105.529564,False,False,0.017045470373715843,84.0645847510711
-6.421674,60,2108.952716,False,False,0.008480613887947996,78.65584240490757
-5.795961,60,2113.306802,False,False,0.05311709110652965,71.16971031531098
-6.378203,60,2116.573573,False,False,0.06545515924712696,79.52300224057728
-6.430022,60,2120.790137,False,False,0.00509519070359939,88.93323542239703
-7.026257,60,2124.102991,False,False,0.03675412291337047,75.19791328003048
-6.370961,60,2128.312654,False,False,0.04080438664502397,88.57711971477129
-7.768395,60,2131.705242,False,False,0.039060680181732935,81.4471471557754
-6.358242,60,2136.092633,False,False,0.047452203828926745,80.1282447617347
-6.132895,60,2139.436297,False,False,0.018533756285965704,81.2288421096079
-7.16249,60,2143.772129,False,False,0.004540675857702426,66.46168986951452
-5.967978,60,2147.15469,False,False,0.09298776897370074,67.92698995503397
-5.834685,60,2151.490313,False,False,0.05533765894847353,71.53248017975811
-7.395184,60,2154.898114,False,False,0.028892183423073276,85.29960936162276
-7.898238,60,2159.262218,False,True,0.006126073606260725,78.23044681343815
-6.125054,60,2162.686132,False,False,0.10146924520980932,74.24250127566125
-6.240779,60,2166.048385,False,False,0.02751122976556391,81.12789258367397
-6.653511,60,2170.385126,False,False,0.05170771785671459,82.0541147915897
-5.987922,60,2173.866034,False,False,0.043672724941995686,73.49207835493087
-7.035417,60,2178.18742,False,False,0.022369727734204467,80.11528597188408
-5.781757,60,2181.601014,False,False,0.007705750750156583,79.41068883391293
-5.959604,60,2185.980858,False,False,0.12443787719620122,54.01042794011662
-6.046458,60,2189.376861,False,False,0.029145205256879487,81.01216393208543
-7.414346,60,2193.712499,False,False,0.03833713390820488,85.21166118831319
-6.714069,60,2197.091215,False,False,0.011498982515525991,82.30282137391228
-6.082045,60,2201.439871,False,False,0.04102261941010786,82.27501875827303
-6.927091,60,2204.899739,False,False,0.037128452947881134,86.44917527613939
-5.922835,60,2209.225025,False,False,0.02911759972430705,89.56610429899955
-6.052186,60,2212.656106,False,False,0.07663561444067712,75.51641839911925
-6.411238,60,2216.946209,False,False,0.07064375000884088,86.8828464987704
-6.420932,60,2220.399954,False,False,0.0560244491766187,87.17575887268868
-7.235143,60,2224.726348,False,False,0.008473606577019288,80.02931019944391
-6.534939,60,2228.140366,False,False,0.037178209971785524,77.95685149067283
-6.93774,60,2231.489469,False,False,0.05008590902616498,89.24362800197751
-6.473009,60,2235.884549,False,False,0.041619197213510435,81.3081011750386
-6.829529,60,2239.373833,False,False,0.034076756702241924,86.98361097482753
-6.72427,60,2243.704352,False,False,0.017556949558219518,81.39567268708339
-5.982789,60,2247.071174,False,False,0.06917376972999563,81.90198184163427
-5.540138,60,2251.365594,False,False,0.03958080005267457,87.04583030756184
-6.921306,60,2254.771745,False,False,0.0174934346036517,87.0879483132125
-6.19245,60,2259.091722,False,False,0.02527258819448388,82.4772256800253
-5.853202,60,2262.498039,False,False,0.0021845004102861937,78.76989700793008
-5.882742,60,2266.900023,False,False,0.06098013090048094,89.83834791097031
-6.442423,60,2270.322532,False,False,0.060279634118433734,83.52562355928437
-6.910634,60,2274.631535,False,False,0.008291385424007345,83.1651959708788
-6.05985,60,2278.181209,False,False,0.0690314668384687,80.68683465941125
-6.329199,60,2282.520865,False,False,0.04547413162978162,87.8199948345241
-6.271918,60,2285.948898,False,False,0.03000879113754103,82.54949970626095
-5.971912,60,2289.395069,False,False,0.037768216038552044,74.6676857852152
-7.399481,60,2293.771726,False,False,0.01660403843965174,79.27233719143427
-7.288116,60,2297.166333,False,False,0.026188041730322322,75.05478348909229
-6.989496,60,2301.463462,False,False,0.028974690417502655,86.55723200907866
-6.077532,60,2304.887415,False,False,0.017572683304140423,82.95890065837035
-5.861842,60,2309.201406,False,False,0.05905216028761199,80.71556297910428
-6.76174,60,2312.599886,False,False,0.0431633620070014,83.51816089208631
-6.296581,60,2316.91885,False,False,0.044467226296401534,82.77558907305401
-6.737209,60,2320.30687,False,False,0.05825995670590832,88.8497282599704
-6.07879,60,2324.70534,False,False,0.07113868821350584,69.47073793985011
-6.842497,60,2328.118121,False,False,0.02059422040008889,81.34890665226942
-6.269624,60,2332.454779,False,False,0.06481832955410341,89.37675179376308
-5.951633,60,2335.882271,False,False,0.08168324422801215,77.78185939146255
-5.801426,60,2340.280406,False,False,0.034894133235967045,85.81404620213864
-6.013475,60,2343.714213,False,False,0.04546811568038742,88.91015128953637
-6.633673,60,2348.007208,False,False,0.010603096160944127,87.59213275391056
-6.558875,60,2351.415821,False,False,0.050922196602586345,84.17011113255205
-6.2425,60,2354.837913,False,False,0.07124980286577867,83.82533867609638
-6.66989,60,2359.129698,False,False,0.03597887786466457,81.35468833293882
-6.623222,60,2362.605099,False,False,0.0003415662793218102,70.15290667876937
-5.36861,60,2367.041837,False,False,0.001838118656016026,86.98275943185683
-6.859021,60,2370.453416,False,False,0.03709524755317165,82.22889170237835
-6.851204,60,2374.691213,False,False,0.0021904197205114637,81.85206940790039
-7.534965,60,2378.22886,False,False,0.06570996479501884,80.71651399834717
-7.243499,60,2382.568448,False,False,0.02181425122589444,74.33895612684701
-5.903558,60,2385.966411,False,False,0.06477441538780505,62.34960618392646
-6.171951,60,2390.233727,False,False,0.00963489300556546,85.74996005593702
-6.745838,60,2393.679387,False,False,0.03810459536647962,88.32918495406521
-6.046807,60,2398.113666,False,False,0.04011873855665813,72.85281762693685
-6.138677,60,2401.553494,False,False,0.05736674008718837,83.22165920477443
-5.887768,60,2405.837145,False,False,0.059778730008222855,88.47784729345105
-6.145117,60,2409.278995,False,False,0.00022527716667977878,72.70368183443274
-5.976179,60,2412.729695,False,False,0.04281461859257417,59.68956498235889
-5.89394,60,2417.030702,False,False,0.04077806183135006,77.4483273284194
-7.312958,60,2420.389081,False,False,0.022846780785751367,79.93514083497027
-6.047852,60,2424.743073,False,False,0.07657268279318381,68.58998943567165
-6.151348,60,2428.234036,False,False,0.007433364090918207,71.5849604429638
-5.700487,60,2432.59771,False,False,0.0008786423241245611,68.77808424231081
-5.815008,60,2435.954176,False,False,0.062131104392372405,83.92726907941173
-8.85351,60,2440.300927,False,True,0.033615637131631015,84.4139034621532
-8.538722,60,2443.695928,False,True,0.01911382323224384,81.55920165031462
-7.034353,60,2448.024145,False,False,0.04102949432320676,88.11554452389045
-6.725339,60,2451.397176,False,False,0.06440520071285824,87.55333308350963
-6.772025,60,2455.734438,False,False,0.020646491881917133,88.13953292206338
-6.199036,60,2459.20389,False,False,0.017349837906332384,80.35715666749212
-5.618809,60,2463.789394,False,False,0.006432116069619629,76.57811846339266
-6.061476,60,2467.4541,False,False,0.0628969238359591,79.79712598972573
-5.710125,60,2472.603299,False,False,0.05033924001949399,87.11399103690701
-5.795901,60,2475.971284,False,False,0.06950197903932595,87.31503027177938
-6.19005,60,2479.357683,False,False,0.03523415361760092,75.17010454261735
-6.695173,60,2483.698253,False,False,0.0382807434650907,67.20824586033957
-6.243124,60,2487.145548,False,False,0.041634049642931624,87.21786803929405
-7.207929,60,2491.469531,False,False,0.008762809006060565,82.18613819774322
-5.330271,60,2494.879656,False,False,0.006249604388060045,78.71080168793266
-6.111384,60,2499.301162,False,False,0.06756707855526833,67.86510407042
-5.919443,60,2502.666955,False,False,0.04825716780960946,84.84822833942121
-6.467436,60,2506.996814,False,False,0.018053481490763655,88.4319996664255
-7.633042,60,2510.350617,False,False,0.02449960904074495,84.42782012611428
-7.536771,60,2514.734049,False,False,0.03135989215999858,75.30633116925122
-7.053698,60,2518.250259,False,False,0.003821389385352352,73.5477036408177
-5.939909,60,2522.599252,False,False,0.09915000826927062,86.99698325696117
-6.256205,60,2525.963844,False,False,0.02961935694558436,87.12707126500146
-5.8344,60,2530.375075,False,False,0.018012073325520225,84.6433984305739
-5.678728,60,2533.750567,False,False,0.029634912974020954,77.89471061554258
-5.983304,60,2537.121442,False,False,0.01800671185704872,77.37439548245003
-5.882124,60,2541.432985,False,False,0.06388613180324368,73.29521709902626
-6.415746,60,2544.782062,False,False,0.03901900670594536,84.01053703353324
-6.785603,60,2549.203899,False,False,0.019684303565220385,84.3831891568786
-7.348866,60,2552.602419,False,False,0.011969040547354044,87.36791412762103
-5.76093,60,2556.911083,False,False,0.058060501746243214,71.78222465881333
-6.063051,60,2560.415791,False,False,0.0032446004730172047,82.93406961561455
-6.559535,60,2564.717193,False,False,0.009554036584266096,83.4722754600243
-7.273221,60,2568.143447,False,False,0.012690256089790113,86.51460243347631
-7.173092,60,2572.507387,False,False,0.008262352030584043,88.57321243116401
-7.15873,60,2575.906581,False,False,0.02145586780759487,83.08018466653607
-7.30849,60,2580.422681,False,False,0.015180639576771031,67.79265796872701
-5.867993,60,2583.820774,False,False,0.004815504192316331,76.4305013410119
-6.151089,60,2588.157504,False,False,0.06851698647258449,84.98038508519788
-5.995038,60,2591.587304,False,False,0.04476088565084599,76.95401095601929
-5.932399,60,2595.881205,False,False,0.061765648616589286,89.03772618184158
-6.282035,60,2599.301189,False,False,0.031982890120551166,82.76501627370052
-6.234768,60,2602.646529,False,False,0.04623066755561288,77.75976447860693
-5.741131,60,2606.949099,False,False,0.03715186893252854,86.41187398724934
-6.192029,60,2610.396667,False,False,0.051348035663410875,86.8915565900172
-6.200612,60,2614.679562,False,False,0.056190375869408615,80.52616800334445
-5.694127,60,2618.142969,False,False,0.028066686717167773,86.12843651670542
-5.78043,60,2622.440249,False,False,0.0021677700642044988,89.29516395215016
-6.765955,60,2625.81881,False,False,0.05177925887949636,70.92275774256244
-6.006755,60,2630.102078,False,False,0.0748917736733896,87.87684398293513
-7.051764,60,2633.481313,False,False,0.009412359996221302,72.54244858314753
-6.237045,60,2637.789411,False,False,0.05114180528759832,88.38647949842199
-6.061681,60,2641.277537,False,False,0.07410997718265712,78.6909104227703
-5.837774,60,2645.573385,False,False,0.05657525538165896,81.97190060518258
-5.837409,60,2648.958221,False,False,0.02066043583796586,78.88992766719649
-6.282429,60,2653.30395,False,False,0.05936777715546789,86.71108151857088
-6.224781,60,2656.660065,False,False,0.04104487076138387,79.07414251753639
-7.37051,60,2660.125485,False,False,0.04472949051891717,87.54010326286384
-7.421516,60,2664.427651,False,False,0.024117250366542935,88.09404639113747
-5.849062,60,2667.774507,False,False,0.04622696579880374,89.52376305474714
-6.11776,60,2672.079825,False,False,0.018911241156777177,68.86978210012724
-7.170398,60,2675.454078,False,False,0.013121563029198945,87.28363081076229
-5.868941,60,2679.838355,False,False,0.029746289853139575,72.43560312197198
-7.396434,60,2683.300291,False,False,0.01619300406648756,69.93076812679853
-6.3655,60,2687.610496,False,False,0.04138438259536258,88.62014399396116
-6.161654,60,2691.06063,False,False,0.018257474249033304,70.17013717233739
-6.946317,60,2695.629894,False,False,0.02826366244023735,64.65071055918084
-5.626254,60,2699.062844,False,False,0.042572816106119814,73.89016324593874
-6.024908,60,2703.496339,False,False,0.056176325497332265,59.27273401308982
-5.72583,60,2706.837728,False,False,0.049420777808933884,84.24135037247368
-5.52552,60,2711.158586,False,False,0.023707277014948413,66.67744694813722
-7.505851,60,2714.522342,False,False,0.0342127351095638,65.96277685521461
-5.959131,60,2718.788937,False,False,0.03671145359843466,70.48547528864886
-6.957187,60,2722.125584,False,False,0.007847511018270793,78.04936784150826
-6.752126,60,2725.506054,False,False,0.01239234302288543,80.79781132591395
-5.357774,60,2729.746783,False,False,0.019058970855517835,73.96355867876596
-5.836328,60,2733.092232,False,False,0.07553722900208898,71.09915915273437
-6.713325,60,2737.367913,False,False,0.02417957069961838,83.52855556554549
-7.481317,60,2740.728633,False,False,0.025709727974980053,57.49658186533614
-6.052441,60,2745.045562,False,False,0.04957933176676095,82.2923254036292
-9.583511,60,2748.381084,False,True,0.013192350484800481,82.97109953390301
-6.664552,60,2752.682265,False,False,0.03425498536266594,88.01026538185151
-5.502904,60,2756.035704,False,False,0.02177419237132079,79.69040901556498
-7.595341,60,2760.286659,False,False,0.035817634608517585,86.4533597383567
-7.187828,60,2763.678579,False,False,0.012516286032338314,71.50635975663927
-6.600908,60,2767.937307,False,False,0.038490526863459926,62.340598458022434
-5.907641,60,2771.279182,False,False,0.04008166188688718,79.96854306045581
-6.138928,60,2776.122575,False,False,0.04672621868318058,82.79634008604765
-5.559145,60,2779.509516,False,False,0.009603948728056776,86.69353753758341
-5.812415,60,2782.82946,False,False,0.028340289580000542,72.94856029554524
-6.233763,60,2787.11733,False,False,0.03820476762690976,77.67015803700117
-6.216543,60,2790.491966,False,False,0.008377832905870082,88.57099124305198
-6.552715,60,2794.859513,False,False,0.0063804350813333275,78.17911055374971
-7.136979,60,2798.259986,False,False,0.003962282992357395,88.205503524465
-7.35152,60,2802.469881,False,False,0.022924281150160493,88.09592324162303
-6.228634,60,2805.814629,False,False,0.045112824071344725,81.86298625782034
-5.430591,60,2810.076061,False,False,0.01871150428242698,81.48705719796878
-5.814503,60,2813.457796,False,False,0.04682496752470707,86.90765260145668
-6.616635,60,2817.679834,False,False,0.008033580832209775,89.64493889522127
-6.422813,60,2820.982281,False,False,0.0343652541145716,78.55860151080715
-7.015966,60,2825.303859,False,False,0.026656496506162794,73.77929773789387
-6.340706,60,2828.59556,False,False,0.05800808220391556,88.48097804761896
-6.781369,60,2832.867279,False,False,0.016042311588779567,75.59842074153705
-6.135226,60,2836.180551,False,False,0.0001143653632595474,65.46063401589534
-6.042688,60,2840.490828,False,False,0.002656836291543392,89.14111156849646
-6.199969,60,2843.788934,False,False,0.05089786129848077,88.51496017401439
-6.008999,60,2847.091101,False,False,0.021455471516910612,77.76722883943177
-7.212241,60,2851.33271,False,False,0.03832475477718937,87.85949096793098
-6.063686,60,2854.662791,False,False,0.01700266253223855,79.55660382104382
-5.754054,60,2858.904156,False,False,0.0021214108796359203,76.55464185837388
-5.66337,60,2862.286978,False,False,0.02969448253461231,67.3136989147351
-5.154307,60,2866.442742,False,False,0.009984266174478743,67.38237283409796
-7.01808,60,2869.775004,False,False,0.013763710404594858,84.86161184234706
-6.257819,60,2873.970419,False,False,0.012551301396184064,72.0582898849423
-6.787031,60,2877.281188,False,False,0.014518018179824562,69.23415097688793
-5.415465,60,2881.506794,False,False,0.002982678382159723,67.56376944793013
-5.902812,60,2884.85366,False,False,0.0012202588101252031,85.71323653608766
-6.115416,60,2889.105139,False,False,0.07282201366348622,81.98552880985795
-6.305854,60,2892.462157,False,False,0.01431394659391079,72.61323702572052
-6.59981,60,2896.730776,False,False,0.023851405420036092,84.33665271224737
-5.821374,60,2900.134815,False,False,0.03975186675675574,55.934636112029494
-7.303006,60,2903.491301,False,False,0.0392371913303238,56.148222231291115
-6.395167,60,2907.686398,False,False,0.026708510003706703,56.13376383663951
-5.978573,60,2910.934953,False,False,0.05328954812648682,60.33341140119136
-6.106721,60,2915.228464,False,False,0.04450685773541721,72.85068614935204
-7.113451,60,2918.595008,False,False,0.015242262519814084,77.97580256608687
-5.955649,60,2922.827353,False,False,0.024822601210410335,72.15488694357151
-5.674211,60,2926.13788,False,False,0.0692788418838047,41.26347684994462
-5.507052,60,2930.32271,False,False,0.004510962201532458,61.74144244570837
-7.417893,60,2933.713546,False,False,0.041155394260367906,60.81741172586675
-6.213121,60,2937.950425,False,False,0.04369315600215255,53.87468527691437
-6.779011,60,2941.250478,False,False,0.029951348069992154,64.58838893208797
-7.657522,60,2945.504617,False,False,0.03157692780009322,70.60334304652154
-5.98223,60,2948.873953,False,False,0.006712402219540028,88.07765857579281
-7.418528,60,2953.046556,False,False,0.0558827611230617,72.20707203211737
-6.015405,60,2956.378319,False,False,0.0008335171922743203,72.27748037761098
-5.842926,60,2960.566507,False,False,0.05729486081584911,75.95819747369521
-7.748728,60,2963.904953,False,False,0.07349077752438474,79.07160337220036
-5.904527,60,2967.318078,False,False,0.06442286804816673,75.2774391760621
-5.999123,60,2971.714867,False,False,0.06825132032970949,69.96146750246034
-5.397913,60,2975.192746,False,False,0.007396907043314131,78.19832825266228
-5.859924,60,2979.495819,False,False,0.05343328322876833,69.96295109250423
-5.546118,60,2982.785067,False,False,0.037137277608769614,70.42455336197497
-7.593762,60,2986.994116,False,False,0.027076219869375178,81.78307259598739
-6.745568,60,2990.299643,False,False,0.02135642060728657,76.62737525690997
-6.063095,60,2994.527393,False,False,0.012117158723733036,54.56792471783453
-6.593044,60,2998.226699,False,False,0.040644898345072435,62.122352914267836
-6.053658,60,3002.572459,False,False,0.0629328072392889,70.37260619040778
-5.679318,60,3006.001403,False,False,0.016947446799998517,62.43058988028835
-6.283825,60,3011.558394,False,False,0.047086047186294916,63.49303236102943
-5.06614,60,3014.910894,False,False,0.0037419143891944534,87.586699865758
-7.356576,60,3019.174431,False,False,0.015030795075812307,64.54299076286779
-6.01995,60,3022.528352,False,False,0.06260424283259146,76.84388150367067
-6.389627,60,3025.828817,False,False,0.05967392888611208,88.15160088649793
-6.014705,60,3030.205872,False,False,0.06161532231738165,75.01140675559415
-5.366529,60,3033.885944,False,False,0.015278490817846843,70.46758888030217
-7.233459,60,3038.505623,False,False,0.049608220490189064,79.72564552369226
-6.361281,60,3041.830099,False,False,0.05196644024805065,69.06194327696085
-5.872132,60,3046.076691,False,False,0.022459952340220735,75.6880831250651
-5.428561,60,3049.426177,False,False,0.01535263793608002,74.87867150800872
-7.371249,60,3053.658311,False,False,0.02562133735696489,79.11577308916652
-5.561243,60,3057.014463,False,False,0.030680851900707393,75.88155954799701
-6.512227,60,3061.241204,False,False,0.013278207036668493,89.8383431870777
-7.019425,60,3064.62028,False,False,0.06045651393878696,89.40211082500132
-6.199439,60,3068.862986,False,False,0.04263467643860612,76.74925332011675
-5.77498,60,3072.297704,False,False,0.0463731532657044,85.02072325739466
-6.08887,60,3076.556771,False,False,0.02673106449542117,78.07356587372851
-6.817571,60,3079.925924,False,False,0.019891795569802022,85.891038114402
-6.896084,60,3084.067575,False,False,0.02551953808882358,88.51266456473037
-6.814837,60,3087.445597,False,False,0.019155161169602457,85.3152116941204
-6.931939,60,3090.826447,False,False,0.021224583817859785,83.9418003544855
-5.896673,60,3095.140494,False,False,0.07830177639067763,77.51905241268717
-5.796103,60,3098.604962,False,False,0.03630582559652511,79.53122077175236
-5.691943,60,3102.927822,False,False,0.011999086125862904,75.900272284224
-5.788478,60,3106.246782,False,False,0.08915005261051759,83.54589571675194
-7.069559,60,3110.585627,False,False,0.04586149304225578,84.46623795753729
-6.5242,60,3113.929468,False,False,0.020507103233717235,73.94159884887169
-6.476089,60,3118.316017,False,False,0.04573981590081808,72.20623990877678
-6.498178,60,3121.610367,False,False,0.007932322141056224,89.02142949886087
-8.087692,60,3125.86018,False,True,0.007926216346565061,86.00045569459449
-5.674723,60,3129.33393,False,False,0.018997329275700133,73.628050365675
-5.819513,60,3133.653532,False,False,0.0051859255173438475,71.85291649710886
-5.899182,60,3136.964846,False,False,0.06690306261012666,88.25008415939202
-6.898988,60,3141.241457,False,False,0.029416304658631313,84.1073564404649
-5.979183,60,3144.578304,False,False,0.02442080203592007,89.10076563316088
-5.94965,60,3147.934182,False,False,0.04990951402217911,78.38343030109151
-6.204512,60,3152.227791,False,False,0.046792243995316195,89.06525887220906
-7.52331,60,3155.577944,False,False,0.03444328523529308,86.81321133969811
