time/iterations,time/time_elapsed,rollout/ep_rew_mean,time/fps,rollout/ep_len_mean,time/total_timesteps,train/value_loss,train/policy_gradient_loss,train/explained_variance,train/clip_range,train/entropy_loss,train/approx_kl,train/n_updates,train/learning_rate,train/loss,train/clip_fraction
1,6,-8.042235375,75,60.0,512,,,,,,,,,,
2,12,-7.8664115,79,60.0,1024,0.9880500309169292,-0.021022837318014354,-0.15800249576568604,0.2,-2.476671093702316,0.017085973,10,0.0003,0.0106734037399292,0.1521484375
3,20,-7.550704333333333,76,60.0,1536,0.3510186319239438,-0.018390167120378463,0.198480486869812,0.2,-2.458548843860626,0.011510135,20,0.0003,-0.09032074362039566,0.0822265625
4,26,-7.49193971875,78,60.0,2048,0.10508594876155257,-0.01563967439578846,-0.36366701126098633,0.2,-2.445549502968788,0.009468718,30,0.0003,-0.12707604467868805,0.103515625
5,32,-7.364249599999999,77,60.0,2560,0.0794090804643929,-0.020205722330138086,-0.4622375965118408,0.2,-2.4215964883565904,0.012718104,40,0.0003,-0.13622812926769257,0.113671875
6,39,-7.279766083333333,78,60.0,3072,0.07020285776816308,-0.01621081620105542,0.051010310649871826,0.2,-2.4074674636125564,0.012078665,50,0.0003,-0.13127386569976807,0.0947265625
7,45,-7.206186928571428,78,60.0,3584,0.05320394712034613,-0.013527654577046633,0.4082871675491333,0.2,-2.389908108115196,0.01145502,60,0.0003,-0.15020698308944702,0.087890625
8,53,-7.090918764705883,76,60.0,4096,0.028225799766369165,-0.019721771427430212,0.7333365082740784,0.2,-2.3788258641958238,0.012789882,70,0.0003,-0.11132770776748657,0.1201171875
9,59,-7.032212500000001,77,60.0,4608,0.0141832540219184,-0.021509108890313655,0.8573557883501053,0.2,-2.327256551384926,0.0126000615,80,0.0003,-0.1421501487493515,0.1412109375
10,66,-6.99029605952381,77,60.0,5120,0.012630398536566645,-0.028369626100175082,0.9121633619070053,0.2,-2.26564202606678,0.014068084,90,0.0003,-0.11688153445720673,0.1982421875
11,73,-6.955009315217393,76,60.0,5632,0.015392493759281933,-0.014838146476540715,0.8935895040631294,0.2,-2.2732611387968062,0.009961924,100,0.0003,-0.14118503034114838,0.0775390625
12,81,-6.932661150000001,75,60.0,6144,0.014753420313354582,-0.021427101775771007,0.8763981312513351,0.2,-2.2638616234064104,0.011304082,110,0.0003,-0.16169749200344086,0.1388671875
13,87,-6.80348976,75,60.0,6656,0.018565201328601687,-0.019662381056696175,0.8548358231782913,0.2,-2.2921915531158445,0.014094228,120,0.0003,-0.1552458256483078,0.121484375
14,95,-6.709129889999999,74,60.0,7168,0.007688184716971591,-0.012428964104037732,0.9385322518646717,0.2,-2.2729219496250153,0.010267302,130,0.0003,-0.11429643630981445,0.07578125
15,103,-6.61799439,74,60.0,7680,0.008351428154855966,-0.017754417355172337,0.9300255924463272,0.2,-2.2557078182697294,0.014703877,140,0.0003,-0.11523044109344482,0.1623046875
16,110,-6.579299,73,60.0,8192,0.008602753927698359,-0.017520070599857718,0.897312268614769,0.2,-2.226582166552544,0.012905698,150,0.0003,-0.11486209183931351,0.111328125
17,118,-6.510236289999999,73,60.0,8704,0.012837172811850905,-0.01015493250451982,0.8551594913005829,0.2,-2.1907473623752596,0.008405002,160,0.0003,-0.114971823990345,0.050390625
18,125,-6.506169749999999,73,60.0,9216,0.009731750102946534,-0.01763731107930653,0.8759569153189659,0.2,-2.1486592918634413,0.0135993995,170,0.0003,-0.121540866792202,0.14921875
19,132,-6.459990700000002,73,60.0,9728,0.030981997912749647,-0.006850175862200558,0.6330140829086304,0.2,-2.149169224500656,0.0067543373,180,0.0003,-0.11755292862653732,0.044921875
20,139,-6.4492509799999995,73,60.0,10240,0.012987062963657082,-0.019871812727069484,0.8472544699907303,0.2,-2.069448286294937,0.012270855,190,0.0003,-0.1309671252965927,0.146875
21,145,-6.41780201,73,60.0,10752,0.012787453213240952,-0.011189805821049958,0.800770029425621,0.2,-2.0891631513834,0.010864526,200,0.0003,-0.11691822856664658,0.114453125
22,152,-6.390147529999998,73,60.0,11264,0.01861846199026331,-0.01409811944467947,0.7925294488668442,0.2,-2.08649263381958,0.0106407795,210,0.0003,-0.11915633082389832,0.0966796875
23,160,-6.359367529999999,73,60.0,11776,0.011338051233906299,-0.016895512642804533,0.8658779114484787,0.2,-2.1035108983516695,0.0122361425,220,0.0003,-0.11524681746959686,0.112109375
24,167,-6.348274340000001,73,60.0,12288,0.014323116093873978,-0.020464407466351985,0.8415735810995102,0.2,-2.0930126518011094,0.013073694,230,0.0003,-0.13126127421855927,0.158203125
25,174,-6.334139480000001,73,60.0,12800,0.01483586915419437,-0.0082807379309088,0.837795689702034,0.2,-2.0886549919843675,0.011109855,240,0.0003,-0.1282702386379242,0.0830078125
26,181,-6.33269357,73,60.0,13312,0.010204184398753568,-0.015842036658432333,0.8695796579122543,0.2,-2.0824717342853547,0.011955459,250,0.0003,-0.11418167501688004,0.128125
27,188,-6.347585510000003,73,60.0,13824,0.028936779103241862,-0.024385913123842327,0.5467739999294281,0.2,-2.02796563655138,0.014687027,260,0.0003,-0.11686339229345322,0.15703125
28,195,-6.35286692,73,60.0,14336,0.02233373656636104,-0.011853000073460861,0.7020390927791595,0.2,-2.0310153305530547,0.013434529,270,0.0003,-0.11320720613002777,0.086328125
29,202,-6.378124620000002,73,60.0,14848,0.008637894567800685,-0.014362901996355504,0.8916446268558502,0.2,-2.0668074190616608,0.011505235,280,0.0003,-0.11360395699739456,0.1232421875
30,210,-6.370047479999999,73,60.0,15360,0.022894334245938806,-0.011333729594480247,0.7637965232133865,0.2,-2.0921423107385637,0.013960178,290,0.0003,-0.11118219792842865,0.103125
31,217,-6.379726799999999,73,60.0,15872,0.019790820323396473,-0.014972451620269566,0.8155810534954071,0.2,-2.1393578857183457,0.011811638,300,0.0003,-0.14747343957424164,0.084765625
32,223,-6.443877229999999,73,60.0,16384,0.01649233108619228,-0.020539724943228067,0.8291194438934326,0.2,-2.1730380415916444,0.013276295,310,0.0003,-0.12854745984077454,0.135546875
33,230,-6.43061653,73,60.0,16896,0.016536355984862895,-0.01989367646165192,0.8220992982387543,0.2,-2.2213805437088014,0.013792332,320,0.0003,-0.13350699841976166,0.1626953125
34,237,-6.453659159999998,73,60.0,17408,0.00506151350273285,-0.023875701415818185,0.9501918032765388,0.2,-2.2078622341156007,0.012603233,330,0.0003,-0.13258156180381775,0.1634765625
35,244,-6.466609640000001,73,60.0,17920,0.02359091703547165,-0.012915573077043519,0.7934882789850235,0.2,-2.188504645228386,0.011245269,340,0.0003,-0.11955762654542923,0.068359375
36,251,-6.46208176,73,60.0,18432,0.008028193359496071,-0.011629770195577293,0.9052907228469849,0.2,-2.198867765069008,0.011185842,350,0.0003,-0.12286327034235,0.0779296875
37,258,-6.48884514,73,60.0,18944,0.008942311865394004,-0.014437600749079137,0.9067722633481026,0.2,-2.2006373703479767,0.014327899,360,0.0003,-0.12933984398841858,0.1013671875
38,267,-6.474163629999998,72,60.0,19456,0.011110645352164283,-0.016643852554261686,0.9208848848938942,0.2,-2.1748776584863663,0.011569574,370,0.0003,-0.12293606251478195,0.110546875
39,273,-6.46132672,72,60.0,19968,0.010818710626335815,-0.02089549718075432,0.9120288342237473,0.2,-2.1167217046022415,0.011991961,380,0.0003,-0.13239416480064392,0.146875
40,280,-6.490787990000001,73,60.0,20480,0.0071619582595303655,-0.013508767751045526,0.9144874885678291,0.2,-2.07338005900383,0.011311112,390,0.0003,-0.09042853116989136,0.07578125
41,286,-6.524896069999999,73,60.0,20992,0.014231390540953726,-0.01326582303736359,0.8573379367589951,0.2,-2.056520161032677,0.010257108,400,0.0003,-0.10527688264846802,0.097265625
42,292,-6.53605646,73,60.0,21504,0.009687486657639965,-0.01770229245303199,0.9201824814081192,0.2,-2.0982899099588392,0.0143351285,410,0.0003,-0.14091050624847412,0.1318359375
43,299,-6.53456585,73,60.0,22016,0.011505476728780195,-0.02212967537343502,0.8973762392997742,0.2,-2.1139929980039596,0.015185617,420,0.0003,-0.1438024789094925,0.1623046875
44,305,-6.54289023,73,60.0,22528,0.010745631775353103,-0.023593850154429673,0.8812822178006172,0.2,-2.0851980596780777,0.013944462,430,0.0003,-0.15225639939308167,0.130078125
45,312,-6.5769765300000005,73,60.0,23040,0.032000339683145286,-0.01674552755430341,0.8130666166543961,0.2,-2.0289007246494295,0.01371992,440,0.0003,-0.11985747516155243,0.1181640625
46,318,-6.557969760000001,73,60.0,23552,0.013671376515412703,-0.014898107503540814,0.8942885994911194,0.2,-2.092781639099121,0.015152272,450,0.0003,-0.11871625483036041,0.1626953125
47,325,-6.580906100000001,73,60.0,24064,0.01013341656071134,-0.012096532591385767,0.8798121735453606,0.2,-2.12118379175663,0.010557111,460,0.0003,-0.14451108872890472,0.0818359375
48,332,-6.57183296,73,60.0,24576,0.0199790082173422,-0.013124652032274753,0.8344028443098068,0.2,-2.1514703392982484,0.010845736,470,0.0003,-0.14181247353553772,0.0908203125
49,338,-6.59667776,74,60.0,25088,0.009526215156074613,-0.014487504214048385,0.9220592305064201,0.2,-2.1317247271537783,0.010312628,480,0.0003,-0.13522464036941528,0.053515625
50,345,-6.63882347,74,60.0,25600,0.013274805410765112,-0.016905100137228145,0.8837369307875633,0.2,-2.105419638752937,0.012018372,490,0.0003,-0.12066033482551575,0.1033203125
51,351,-6.695960259999998,74,60.0,26112,0.016516344796400517,-0.01897387782810256,0.8863436505198479,0.2,-2.092427358031273,0.012757133,500,0.0003,-0.12034790962934494,0.104296875
52,357,-6.700638920000001,74,60.0,26624,0.01171125898254104,-0.02091917989309877,0.9078019484877586,0.2,-2.104993775486946,0.013940421,510,0.0003,-0.11185353249311447,0.1513671875
53,364,-6.658132070000001,74,60.0,27136,0.006058364850468933,-0.017084881308255716,0.9408254362642765,0.2,-2.1039924770593643,0.007617914,520,0.0003,-0.11937594413757324,0.0873046875
54,371,-6.6477224,74,60.0,27648,0.0057080369530012835,-0.02412117909407243,0.9595042169094086,0.2,-2.136379379034042,0.013998532,530,0.0003,-0.10720430314540863,0.17890625
55,377,-6.642068839999999,74,60.0,28160,0.007652573834639043,-0.018202533246949315,0.9188623502850533,0.2,-2.169254347681999,0.011441046,540,0.0003,-0.1440477818250656,0.1375
56,384,-6.612497879999999,74,60.0,28672,0.015275398042285815,-0.016555152495857327,0.828557088971138,0.2,-2.168550541996956,0.012716098,550,0.0003,-0.11903863400220871,0.0853515625
57,390,-6.619517030000001,74,60.0,29184,0.009376263490412384,-0.02768971958430484,0.9027859568595886,0.2,-2.147269704937935,0.013525317,560,0.0003,-0.16365526616573334,0.15625
58,396,-6.621549770000001,74,60.0,29696,0.015637604414951056,-0.01316129491024185,0.868129551410675,0.2,-2.1208815217018127,0.010239789,570,0.0003,-0.12389042973518372,0.0744140625
59,403,-6.60940053,74,60.0,30208,0.012504150997847319,-0.022814605815801768,0.8877075836062431,0.2,-2.1123242676258087,0.010954496,580,0.0003,-0.14711441099643707,0.1291015625
60,410,-6.607510550000001,74,60.0,30720,0.02116519076516852,-0.019065105455229058,0.8301174342632294,0.2,-2.1104953050613404,0.01213317,590,0.0003,-0.1327957808971405,0.112890625
61,416,-6.588695000000002,74,60.0,31232,0.014004451275104657,-0.01893957499996759,0.8794731050729752,0.2,-2.112950775027275,0.010093191,600,0.0003,-0.15038347244262695,0.1423828125
62,422,-6.557357960000001,75,60.0,31744,0.012730398849816993,-0.01560023018391803,0.9108681380748749,0.2,-2.1451700210571287,0.009263567,610,0.0003,-0.11938558518886566,0.1259765625
63,429,-6.48230498,75,60.0,32256,0.01890317633515224,-0.016150133090559394,0.8019069284200668,0.2,-2.126490241289139,0.012993254,620,0.0003,-0.10492929816246033,0.0998046875
64,435,-6.46654917,75,60.0,32768,0.01097728509339504,-0.030315418972168117,0.8503970354795456,0.2,-2.123454061150551,0.020579614,630,0.0003,-0.16984766721725464,0.20078125
65,441,-6.48882306,75,60.0,33280,0.007646504425792955,-0.021036807919153945,0.9039797335863113,0.2,-2.073650711774826,0.013069272,640,0.0003,-0.11869809776544571,0.1376953125
66,448,-6.518151969999999,75,60.0,33792,0.025614674959797412,-0.016774738242384048,0.7136264741420746,0.2,-2.072652894258499,0.014832438,650,0.0003,-0.11425645649433136,0.15234375
67,454,-6.51835784,75,60.0,34304,0.035198602825403214,-0.01780599293997511,0.7265410125255585,0.2,-2.1294774293899534,0.017165508,660,0.0003,-0.13099485635757446,0.1478515625
68,461,-6.521369839999998,75,60.0,34816,0.018768495332915337,-0.02080716287018731,0.8603629022836685,0.2,-2.140602320432663,0.015204651,670,0.0003,-0.12908369302749634,0.147265625
69,467,-6.511752740000002,75,60.0,35328,0.01807415100047365,-0.010889166849665344,0.8407790660858154,0.2,-2.1293476641178133,0.0068304674,680,0.0003,-0.12630575895309448,0.06171875
70,474,-6.5325362700000005,75,60.0,35840,0.03396071989554912,-0.01991392726195045,0.7638761848211288,0.2,-2.06955449283123,0.011701785,690,0.0003,-0.10627232491970062,0.137109375
71,480,-6.526725580000001,75,60.0,36352,0.03316804196219891,-0.01830260968999937,0.6134925484657288,0.2,-2.070856073498726,0.011650547,700,0.0003,-0.0992080420255661,0.1203125
72,486,-6.512770499999999,75,60.0,36864,0.020508457650430502,-0.017202722653746606,0.8033904582262039,0.2,-2.064736244082451,0.013810891,710,0.0003,-0.10473234951496124,0.1375
73,493,-6.525384900000001,75,60.0,37376,0.020118195621762425,-0.022884819918544963,0.8200524747371674,0.2,-2.0475032955408095,0.012671354,720,0.0003,-0.13121768832206726,0.158984375
74,500,-6.550009790000002,75,60.0,37888,0.023461743153166025,-0.016033430717652664,0.8271632343530655,0.2,-2.031864106655121,0.010369336,730,0.0003,-0.09033025801181793,0.1048828125
75,507,-6.59268781,75,60.0,38400,0.01546263670315966,-0.014760140189900994,0.8744366616010666,0.2,-2.0110514372587205,0.008307027,740,0.0003,-0.10296344757080078,0.07109375
76,513,-6.607372680000001,75,60.0,38912,0.01253196073230356,-0.01598704206990078,0.8952541276812553,0.2,-2.041374239325523,0.008589542,750,0.0003,-0.11474326997995377,0.100390625
77,519,-6.5781645300000005,75,60.0,39424,0.012874431919772177,-0.013879963394720108,0.9120268225669861,0.2,-2.028420662879944,0.008078698,760,0.0003,-0.11095108091831207,0.0724609375
78,525,-6.5225023,75,60.0,39936,0.011502870352705941,-0.02498852708376944,0.8570635765790939,0.2,-1.9840514749288558,0.0109280795,770,0.0003,-0.13488037884235382,0.1208984375
79,531,-6.522407920000001,76,60.0,40448,0.011059141077566892,-0.023451862041838467,0.9036515951156616,0.2,-1.9361641108989716,0.0124996565,780,0.0003,-0.0820019319653511,0.168359375
80,537,-6.487701640000001,76,60.0,40960,0.01355783357284963,-0.007557308778632432,0.8698794543743134,0.2,-1.9962504476308822,0.0053103957,790,0.0003,-0.12146919965744019,0.034375
81,543,-6.49612509,76,60.0,41472,0.0065745003870688375,-0.012339378061005846,0.9228693097829819,0.2,-1.9728411167860032,0.007774467,800,0.0003,-0.13432510197162628,0.0470703125
82,549,-6.4561972,76,60.0,41984,0.013041453581536189,-0.013405539793893695,0.847975417971611,0.2,-1.9558394372463226,0.009458965,810,0.0003,-0.13941489160060883,0.0720703125
83,556,-6.466649809999999,76,60.0,42496,0.006662760229664855,-0.026691692019812762,0.8998636230826378,0.2,-1.8843356758356093,0.012923108,820,0.0003,-0.11201121658086777,0.142578125
84,562,-6.45623155,76,60.0,43008,0.015293710911646486,-0.014551563427085057,0.8685241937637329,0.2,-1.8955280885100365,0.008703941,830,0.0003,-0.1010514497756958,0.0875
85,568,-6.40705668,76,60.0,43520,0.017334770632442088,-0.008144261926645413,0.8718617558479309,0.2,-1.9310396119952202,0.0066304253,840,0.0003,-0.11028172075748444,0.0447265625
86,574,-6.392615020000001,76,60.0,44032,0.0057353098731255155,-0.016665767563972624,0.9311118870973587,0.2,-1.9305152878165246,0.008542118,850,0.0003,-0.12107240408658981,0.0783203125
87,581,-6.380970419999999,76,60.0,44544,0.009876106772571802,-0.014153315033763648,0.8861169815063477,0.2,-1.9112713143229485,0.010281795,860,0.0003,-0.1134975329041481,0.0626953125
88,586,-6.37069283,76,60.0,45056,0.006300498111522756,-0.015248457511188463,0.9183081761002541,0.2,-1.9393794044852257,0.013523164,870,0.0003,-0.10250070691108704,0.11875
89,593,-6.381020919999998,76,60.0,45568,0.022502842836547642,-0.011318085715174675,0.7860373854637146,0.2,-2.0155443444848062,0.008163353,880,0.0003,-0.11365581303834915,0.06328125
90,599,-6.368721859999999,76,60.0,46080,0.01003680499852635,-0.022843936260323973,0.8607876747846603,0.2,-1.9648736521601677,0.011929058,890,0.0003,-0.13195481896400452,0.1041015625
91,605,-6.38300524,76,60.0,46592,0.011007657594745979,-0.01221781162894331,0.8901043087244034,0.2,-2.000951148569584,0.008217546,900,0.0003,-0.14229099452495575,0.069921875
92,611,-6.39794506,76,60.0,47104,0.014452551055001095,-0.025439712509978563,0.8473869413137436,0.2,-1.9839299649000168,0.011817026,910,0.0003,-0.1188235729932785,0.1578125
93,617,-6.397890230000001,77,60.0,47616,0.009477702825097366,-0.01959238849231042,0.8774755075573921,0.2,-1.9514770418405534,0.011654878,920,0.0003,-0.15575873851776123,0.092578125
94,623,-6.397036589999999,77,60.0,48128,0.007418436880107038,-0.013837949559092521,0.8992451876401901,0.2,-1.9674253731966018,0.008113425,930,0.0003,-0.12699459493160248,0.0701171875
95,629,-6.36082625,77,60.0,48640,0.012624439859064297,-0.020988720888271927,0.8695617467164993,0.2,-1.9891703963279723,0.012365943,940,0.0003,-0.1338300257921219,0.11875
96,636,-6.33962826,77,60.0,49152,0.010729393985820934,-0.017690067662624643,0.8763766810297966,0.2,-1.997213526070118,0.007990625,950,0.0003,-0.11477198451757431,0.1205078125
97,641,-6.317774459999999,77,60.0,49664,0.013173683843342587,-0.015907032939139754,0.8354917168617249,0.2,-1.9664596661925315,0.014453391,960,0.0003,-0.11804480105638504,0.1767578125
98,648,-6.29884605,77,60.0,50176,0.012656049686484039,-0.012647046433994547,0.8236360102891922,0.2,-1.9909814223647118,0.012294308,970,0.0003,-0.1282494068145752,0.0943359375
99,654,-6.260163960000001,77,60.0,50688,0.019806609803345053,-0.017151143756927924,0.8119196891784668,0.2,-2.005948668718338,0.012267919,980,0.0003,-0.10503780096769333,0.1119140625
100,660,-6.237239080000002,77,60.0,51200,0.011009921249933542,-0.022802350856363774,0.8686598837375641,0.2,-1.9440216630697251,0.014223129,990,0.0003,-0.13408108055591583,0.1712890625
101,666,-6.230557339999999,77,60.0,51712,0.012380437564570457,-0.020381329249357805,0.8334893733263016,0.2,-1.8862494483590126,0.013590572,1000,0.0003,-0.15811008214950562,0.1572265625
102,672,-6.216138310000002,77,60.0,52224,0.02397837024764158,-0.019620694150216878,0.6911803483963013,0.2,-1.882706354558468,0.012628911,1010,0.0003,-0.135288804769516,0.1806640625
103,678,-6.20123759,77,60.0,52736,0.025771259446628392,-0.018421925121219828,0.7188830375671387,0.2,-1.8837663888931275,0.013367197,1020,0.0003,-0.10216888040304184,0.144140625
104,684,-6.217669669999999,77,60.0,53248,0.01296421058359556,-0.019576087407767773,0.8780448362231255,0.2,-1.8906712472438811,0.014841238,1030,0.0003,-0.10128822922706604,0.146484375
105,691,-6.199341810000001,77,60.0,53760,0.017886338231619447,-0.01475623322185129,0.7916130870580673,0.2,-1.8183182060718537,0.012120014,1040,0.0003,-0.09026368707418442,0.07734375
106,697,-6.19307655,77,60.0,54272,0.014607657660963013,-0.015856821881607176,0.8307956904172897,0.2,-1.7738891318440437,0.011874525,1050,0.0003,-0.09210518002510071,0.0744140625
107,703,-6.173976270000001,77,60.0,54784,0.013121174392290413,-0.01383053169120103,0.8437244743108749,0.2,-1.67531229108572,0.009121047,1060,0.0003,-0.10769707709550858,0.0654296875
108,709,-6.18681003,77,60.0,55296,0.012463442550506442,-0.012007128185359761,0.808636412024498,0.2,-1.8183933317661285,0.015462057,1070,0.0003,-0.09729918092489243,0.1619140625
109,716,-6.20713481,77,60.0,55808,0.029524401796516032,-0.024301068554632366,0.6646808087825775,0.2,-1.9180540055036546,0.015269557,1080,0.0003,-0.0828254222869873,0.2431640625
110,722,-6.175547719999998,77,60.0,56320,0.01833782475441694,-0.012836987595073878,0.8308762609958649,0.2,-1.9215593203902244,0.012807896,1090,0.0003,-0.10268595069646835,0.0720703125
111,728,-6.189145230000001,78,60.0,56832,0.009559159935452043,-0.01925148951122537,0.806294858455658,0.2,-1.9137787058949471,0.018046169,1100,0.0003,-0.13110464811325073,0.180859375
112,734,-6.1748642600000005,78,60.0,57344,0.023247089551296084,-0.01637527151033282,0.6944661140441895,0.2,-1.8820136472582818,0.011525573,1110,0.0003,-0.11055402457714081,0.103515625
113,741,-6.227199779999999,78,60.0,57856,0.039090341841802004,-0.014674084447324275,0.6806088089942932,0.2,-1.9817658439278603,0.011262331,1120,0.0003,-0.13042525947093964,0.13359375
114,747,-6.22841409,78,60.0,58368,0.03345404614228755,-0.016247281152755023,0.6976811289787292,0.2,-2.082333895564079,0.010675567,1130,0.0003,-0.1071556955575943,0.1177734375
115,754,-6.22827605,78,60.0,58880,0.013936753978487103,-0.013644353440031409,0.8704719096422195,0.2,-2.1283188283443453,0.012834912,1140,0.0003,-0.13529735803604126,0.110546875
116,760,-6.2931195,78,60.0,59392,0.018930175318382682,-0.017326305198366754,0.8237370699644089,0.2,-2.1419899314641953,0.010948423,1150,0.0003,-0.1138964369893074,0.09375
117,766,-6.29910888,78,60.0,59904,0.018871881859377028,-0.016317751538008452,0.8580371588468552,0.2,-2.140358516573906,0.01019088,1160,0.0003,-0.1621205061674118,0.1083984375
118,772,-6.315964529999999,78,60.0,60416,0.00975719399866648,-0.009202513797208666,0.9142180383205414,0.2,-2.1829727351665498,0.010865314,1170,0.0003,-0.1340065598487854,0.076171875
119,778,-6.3557974,78,60.0,60928,0.008513744070660323,-0.02305247188778594,0.911662645637989,0.2,-2.1077710330486297,0.013590775,1180,0.0003,-0.13875798881053925,0.1189453125
120,785,-6.397122680000001,78,60.0,61440,0.017125363065861165,-0.018764512287452816,0.8298453837633133,0.2,-2.1509686321020127,0.014034108,1190,0.0003,-0.14083541929721832,0.1142578125
121,791,-6.406230690000001,78,60.0,61952,0.024688927584793418,-0.015527052304241807,0.7922589629888535,0.2,-2.070569598674774,0.009652198,1200,0.0003,-0.11954246461391449,0.069921875
122,797,-6.438956890000001,78,60.0,62464,0.022254856617655604,-0.020394933817442507,0.8203059881925583,0.2,-2.134965443611145,0.0140538765,1210,0.0003,-0.14811007678508759,0.176953125
123,803,-6.43864623,78,60.0,62976,0.008495535861584358,-0.02410119017586112,0.9130887612700462,0.2,-2.0749722689390184,0.011738399,1220,0.0003,-0.15464931726455688,0.1666015625
124,809,-6.46657367,78,60.0,63488,0.019058548321481794,-0.013843363255728037,0.8573629260063171,0.2,-2.065605941414833,0.012461527,1230,0.0003,-0.11248811334371567,0.054296875
125,815,-6.47409293,78,60.0,64000,0.020571732125245035,-0.01674851950374432,0.8029441833496094,0.2,-2.070587831735611,0.009256287,1240,0.0003,-0.11203564703464508,0.0798828125
126,821,-6.48718724,78,60.0,64512,0.022856108227279036,-0.009662626427598298,0.7632193118333817,0.2,-2.098351514339447,0.007837763,1250,0.0003,-0.08379694074392319,0.065625
127,827,-6.4479080899999985,78,60.0,65024,0.04071904423180968,-0.011829154478618875,0.5945652425289154,0.2,-2.1205037504434587,0.013084663,1260,0.0003,-0.11146160215139389,0.1017578125
128,834,-6.42812713,78,60.0,65536,0.015412370587000623,-0.01902569467201829,0.7979609072208405,0.2,-2.1652645379304887,0.01254695,1270,0.0003,-0.10798703134059906,0.1072265625
129,840,-6.429959359999999,78,60.0,66048,0.023438308387994766,-0.014852969063213095,0.8475377112627029,0.2,-2.1679987013339996,0.009468978,1280,0.0003,-0.1001051664352417,0.0701171875
130,846,-6.43092644,78,60.0,66560,0.008318437257548794,-0.021288685529725626,0.933723010122776,0.2,-2.1665306270122526,0.012316763,1290,0.0003,-0.12730911374092102,0.1078125
131,852,-6.38705092,78,60.0,67072,0.009835099469637499,-0.021174036909360438,0.9138782247900963,0.2,-2.1419180035591125,0.013701247,1300,0.0003,-0.13199546933174133,0.136328125
132,858,-6.384381909999999,78,60.0,67584,0.0184419447905384,-0.018823008963954634,0.817644014954567,0.2,-2.0846984684467316,0.011399573,1310,0.0003,-0.12117726355791092,0.111328125
133,865,-6.402133589999998,78,60.0,68096,0.021653212094679474,-0.013204511723597535,0.8430232256650925,0.2,-2.123304012417793,0.011139723,1320,0.0003,-0.12481667846441269,0.1123046875
134,871,-6.389718680000002,78,60.0,68608,0.019997353211510926,-0.020204012043541296,0.6950304210186005,0.2,-2.127166074514389,0.013141536,1330,0.0003,-0.13118329644203186,0.134375
135,877,-6.408646160000002,78,60.0,69120,0.0077158783475169915,-0.016966985672479496,0.8457985073328018,0.2,-2.1377051413059234,0.013393453,1340,0.0003,-0.1654573380947113,0.13359375
136,884,-6.391344730000001,78,60.0,69632,0.034810544131323694,-0.019845729297958314,0.7663819342851639,0.2,-2.1762784510850905,0.014655995,1350,0.0003,-0.12239319831132889,0.14375
137,890,-6.381020649999999,78,60.0,70144,0.01702034868649207,-0.013673170818947256,0.8482563346624374,0.2,-2.179619035124779,0.01063432,1360,0.0003,-0.13249321281909943,0.1041015625
138,896,-6.39022495,78,60.0,70656,0.013738891162211076,-0.018762952068937012,0.9000222384929657,0.2,-2.2127317011356356,0.014519826,1370,0.0003,-0.13337348401546478,0.14453125
139,902,-6.383430999999999,78,60.0,71168,0.014080547267803922,-0.018590828811284155,0.8364813774824142,0.2,-2.182028803229332,0.012522071,1380,0.0003,-0.14617227017879486,0.0923828125
140,908,-6.401303619999998,78,60.0,71680,0.029922113521024585,-0.025327527464833112,0.8064322173595428,0.2,-2.2069334626197814,0.016368605,1390,0.0003,-0.10841038823127747,0.159375
141,914,-6.409700100000001,78,60.0,72192,0.009840026701567695,-0.02132718877401203,0.9039329588413239,0.2,-2.260919991135597,0.01183668,1400,0.0003,-0.14460796117782593,0.15234375
142,920,-6.441547200000001,78,60.0,72704,0.01118483188911341,-0.025441033183597028,0.912047266960144,0.2,-2.2665543138980864,0.014986523,1410,0.0003,-0.1535872370004654,0.1677734375
143,927,-6.479635180000002,78,60.0,73216,0.007698361930670217,-0.022107892768690362,0.9362534210085869,0.2,-2.2465337842702864,0.011373825,1420,0.0003,-0.1426461786031723,0.1154296875
144,933,-6.45333988,79,60.0,73728,0.01885850139078684,-0.019989383104257286,0.8501569032669067,0.2,-2.257599785923958,0.017198417,1430,0.0003,-0.14843988418579102,0.1517578125
145,939,-6.4787874,79,60.0,74240,0.013050223764730617,-0.022757975634885953,0.8797068819403648,0.2,-2.26308037340641,0.012569517,1440,0.0003,-0.1550762802362442,0.11015625
146,945,-6.5118861400000005,79,60.0,74752,0.017834285099525005,-0.017371335916686804,0.8423536270856857,0.2,-2.2683825165033342,0.0119427,1450,0.0003,-0.15928688645362854,0.0970703125
147,951,-6.497087640000001,79,60.0,75264,0.00976544474833645,-0.016596808284521102,0.9076699465513229,0.2,-2.277029427886009,0.012527169,1460,0.0003,-0.1308036744594574,0.10546875
148,957,-6.499280310000001,79,60.0,75776,0.010206741513684392,-0.01825466889422387,0.9241535514593124,0.2,-2.278451830148697,0.011213577,1470,0.0003,-0.15314190089702606,0.0685546875
149,963,-6.51929606,79,60.0,76288,0.010030398657545448,-0.02735121807199903,0.9065960645675659,0.2,-2.2507735937833786,0.01404443,1480,0.0003,-0.1565035879611969,0.1376953125
150,970,-6.54223123,79,60.0,76800,0.013570302026346326,-0.01945894582895562,0.8892770409584045,0.2,-2.2697590202093125,0.012508897,1490,0.0003,-0.14309489727020264,0.102734375
151,976,-6.546131589999999,79,60.0,77312,0.009406149707501754,-0.02489429133711383,0.9234064072370529,0.2,-2.2423279702663423,0.011886832,1500,0.0003,-0.15967361629009247,0.1365234375
152,982,-6.5453297,79,60.0,77824,0.017965928721241652,-0.01586228343658149,0.8588342219591141,0.2,-2.2367640167474745,0.0106103,1510,0.0003,-0.13938799500465393,0.0767578125
153,988,-6.510223870000001,79,60.0,78336,0.013741281686816365,-0.01995494927978143,0.8552186638116837,0.2,-2.2117580622434616,0.012716848,1520,0.0003,-0.11388105899095535,0.11796875
154,994,-6.486856509999999,79,60.0,78848,0.01073160688392818,-0.018693916383199394,0.8884764984250069,0.2,-2.196703094244003,0.012012934,1530,0.0003,-0.13906650245189667,0.083203125
155,1000,-6.477597900000001,79,60.0,79360,0.006409006379544735,-0.023156538105104117,0.9043392091989517,0.2,-2.1530584901571275,0.012492914,1540,0.0003,-0.16813412308692932,0.1279296875
156,1007,-6.486318669999999,79,60.0,79872,0.022623285732697694,-0.01358505809912458,0.7523545324802399,0.2,-2.169192925095558,0.010465376,1550,0.0003,-0.1513567864894867,0.0681640625
157,1013,-6.49368563,79,60.0,80384,0.014736501628067344,-0.024911431412328967,0.8654877096414566,0.2,-2.211931881308556,0.01570487,1560,0.0003,-0.14894381165504456,0.123828125
158,1019,-6.49126493,79,60.0,80896,0.009178525797324255,-0.013534695596899838,0.9109079912304878,0.2,-2.2265785813331602,0.008901391,1570,0.0003,-0.14737997949123383,0.0322265625
159,1025,-6.473649069999999,79,60.0,81408,0.01613118081004359,-0.018756856280378997,0.8434046059846878,0.2,-2.205598932504654,0.013418832,1580,0.0003,-0.14643292129039764,0.1271484375
160,1032,-6.455857429999998,79,60.0,81920,0.010891818639356643,-0.017710610246285795,0.8968848437070847,0.2,-2.1294039368629454,0.010188186,1590,0.0003,-0.11567910760641098,0.094140625
161,1038,-6.423048980000001,79,60.0,82432,0.00940825225552544,-0.02569739738246426,0.8905671462416649,0.2,-2.13542954325676,0.015169568,1600,0.0003,-0.13653957843780518,0.1787109375
162,1044,-6.394877420000001,79,60.0,82944,0.014170395157998427,-0.016491738031618297,0.8381298333406448,0.2,-2.0963990300893784,0.011185714,1610,0.0003,-0.12296003103256226,0.0849609375
163,1050,-6.353125190000001,79,60.0,83456,0.016452240629587323,-0.020528590882895513,0.7667370587587357,0.2,-2.0834654927253724,0.012901612,1620,0.0003,-0.138911634683609,0.137109375
164,1056,-6.351307729999999,79,60.0,83968,0.022331753501202912,-0.02171590618090704,0.7108151912689209,0.2,-2.063700149953365,0.016798291,1630,0.0003,-0.12048976123332977,0.1466796875
165,1063,-6.380652320000001,79,60.0,84480,0.008337434849818238,-0.02280868999660015,0.8595708459615707,0.2,-2.033663623034954,0.013127425,1640,0.0003,-0.16298134624958038,0.158984375
166,1069,-6.4001287699999985,79,60.0,84992,0.029979943740181626,-0.011639165540691465,0.7896429896354675,0.2,-2.12459811270237,0.011817152,1650,0.0003,-0.09396415948867798,0.072265625
167,1075,-6.417584500000001,79,60.0,85504,0.014793654426466674,-0.01718771525193006,0.8745511025190353,0.2,-2.11062131524086,0.01242204,1660,0.0003,-0.12323400378227234,0.13125
168,1081,-6.39883262,79,60.0,86016,0.024931818107143046,-0.02005185802699998,0.8038493543863297,0.2,-2.107631278038025,0.012770936,1670,0.0003,-0.10180676728487015,0.1072265625
169,1087,-6.38941966,79,60.0,86528,0.020860404102131726,-0.01660786629654467,0.828637421131134,0.2,-2.1921157419681547,0.014995819,1680,0.0003,-0.09844847023487091,0.1064453125
170,1093,-6.41056824,79,60.0,87040,0.018686146789696066,-0.03157010511495173,0.846453458070755,0.2,-2.137500500679016,0.012367955,1690,0.0003,-0.15344750881195068,0.13828125
171,1099,-6.417387210000002,79,60.0,87552,0.013885312899947166,-0.01796802378958091,0.8877426460385323,0.2,-2.155510130524635,0.012357226,1700,0.0003,-0.10785917937755585,0.150390625
172,1106,-6.430574159999997,79,60.0,88064,0.012914159923093393,-0.011133344535483047,0.8792586177587509,0.2,-2.141981601715088,0.009701576,1710,0.0003,-0.1251640021800995,0.0509765625
173,1114,-6.449346939999999,79,60.0,88576,0.012123740854440257,-0.032186144636943935,0.8973376378417015,0.2,-2.1126331210136415,0.016484782,1720,0.0003,-0.13229568302631378,0.2291015625
174,1122,-6.47481455,79,60.0,89088,0.011308519373415038,-0.022095908428309486,0.9158042892813683,0.2,-2.1333228200674057,0.014700385,1730,0.0003,-0.1298517882823944,0.16171875
175,1137,-6.4660395300000015,78,60.0,89600,0.007723565341439098,-0.01892005426925607,0.9405497685074806,0.2,-2.1351218849420546,0.011102209,1740,0.0003,-0.13926798105239868,0.1134765625
176,1152,-6.48569965,78,60.0,90112,0.01119701178977266,-0.023217755754012616,0.8976819589734077,0.2,-2.1216908901929856,0.013336801,1750,0.0003,-0.11782481521368027,0.1568359375
177,1161,-6.485972589999999,78,60.0,90624,0.020413866551825775,-0.01885285028256476,0.793890967965126,0.2,-2.1188997268676757,0.012413086,1760,0.0003,-0.09867340326309204,0.1076171875
178,1169,-6.461169849999999,77,60.0,91136,0.012969992170110346,-0.020045944629237054,0.850057527422905,0.2,-2.134067562222481,0.009687829,1770,0.0003,-0.12130811810493469,0.0755859375
179,1178,-6.42785014,77,60.0,91648,0.005199928808724508,-0.021650838217465208,0.9478526301681995,0.2,-2.1303263038396834,0.012069747,1780,0.0003,-0.16561724245548248,0.1125
180,1189,-6.403711510000001,77,60.0,92160,0.010567026110948063,-0.021119097893824802,0.8825944066047668,0.2,-2.126199132204056,0.013584876,1790,0.0003,-0.12991948425769806,0.134375
181,1197,-6.401783689999999,77,60.0,92672,0.017795672838110475,-0.014822160499170423,0.8505029529333115,0.2,-2.0603917062282564,0.009364138,1800,0.0003,-0.10872966796159744,0.0572265625
182,1204,-6.3933019899999985,77,60.0,93184,0.01654249645653181,-0.02269208991783671,0.7958702147006989,0.2,-2.147525870800018,0.015161174,1810,0.0003,-0.1278466284275055,0.1416015625
183,1212,-6.37695156,77,60.0,93696,0.015164810174610466,-0.010240122996037826,0.8719461858272552,0.2,-2.1358197063207625,0.011947696,1820,0.0003,-0.12930624186992645,0.0671875
184,1219,-6.37159181,77,60.0,94208,0.00444401049753651,-0.03175279994029552,0.9408206567168236,0.2,-2.1135204285383224,0.014352368,1830,0.0003,-0.16663630306720734,0.1560546875
185,1227,-6.37239099,77,60.0,94720,0.01082857938017696,-0.028984646662138402,0.8625970780849457,0.2,-2.136759427189827,0.013705954,1840,0.0003,-0.14863672852516174,0.169921875
186,1238,-6.3593992,76,60.0,95232,0.021386352099943905,-0.015757659618975593,0.6943063139915466,0.2,-2.117157757282257,0.011043299,1850,0.0003,-0.11615829169750214,0.06953125
187,1246,-6.373303969999999,76,60.0,95744,0.011109027656493709,-0.02096053307177499,0.8725577294826508,0.2,-2.1567770808935167,0.015749447,1860,0.0003,-0.15284647047519684,0.180859375
188,1257,-6.349682270000001,76,60.0,96256,0.009836777159944177,-0.018741284834686667,0.8870260417461395,0.2,-2.180704191327095,0.012610443,1870,0.0003,-0.13361403346061707,0.0884765625
189,1265,-6.363442190000001,76,60.0,96768,0.008946938114240766,-0.026037965551950037,0.8861809149384499,0.2,-2.1508027225732804,0.01457583,1880,0.0003,-0.16076557338237762,0.1666015625
190,1273,-6.353432250000001,76,60.0,97280,0.009357829400687478,-0.019405087060295045,0.874531164765358,0.2,-2.1871248722076415,0.010682738,1890,0.0003,-0.14201530814170837,0.1033203125
191,1281,-6.38987296,76,60.0,97792,0.0064786965871462595,-0.021205487818224355,0.9193445444107056,0.2,-2.132934492826462,0.010676241,1900,0.0003,-0.11653797328472137,0.1341796875
192,1289,-6.42058411,76,60.0,98304,0.016938216536073015,-0.01908525598119013,0.8229955434799194,0.2,-2.1550943583250044,0.01050174,1910,0.0003,-0.11714289337396622,0.0869140625
193,1296,-6.42645962,76,60.0,98816,0.022180924168787898,-0.019375337997917085,0.8198443800210953,0.2,-2.154842382669449,0.013516951,1920,0.0003,-0.10250920802354813,0.137109375
194,1304,-6.422614350000001,76,60.0,99328,0.016889258299488574,-0.017248841695254667,0.8360577672719955,0.2,-2.136139476299286,0.009505198,1930,0.0003,-0.11104536056518555,0.087109375
195,1313,-6.434140340000002,76,60.0,99840,0.012139808456413447,-0.01397051413077861,0.9107214733958244,0.2,-2.159234827756882,0.009301066,1940,0.0003,-0.11758705973625183,0.091015625
196,1320,-6.45545504,76,60.0,100352,0.008584025138407014,-0.027529570239130406,0.8943068459630013,0.2,-2.1705002784729004,0.014460784,1950,0.0003,-0.14915454387664795,0.1779296875
197,1327,-6.476041350000002,75,60.0,100864,0.0191706060199067,-0.01928078694618307,0.7657967060804367,0.2,-2.13596054315567,0.0121265445,1960,0.0003,-0.13296115398406982,0.1126953125
198,1334,-6.4725810599999996,75,60.0,101376,0.0108184129872825,-0.018131763313431293,0.9008447974920273,0.2,-2.127325576543808,0.010098906,1970,0.0003,-0.14566975831985474,0.0939453125
199,1341,-6.46997599,75,60.0,101888,0.008111851071589626,-0.017681711149634793,0.928116649389267,0.2,-2.1739351004362106,0.013161657,1980,0.0003,-0.12368347495794296,0.1337890625
200,1348,-6.482902439999999,75,60.0,102400,0.016857336775865407,-0.02861875924281776,0.8128916919231415,0.2,-2.1200867146253586,0.014704135,1990,0.0003,-0.15230149030685425,0.1865234375
201,1354,-6.459106079999999,75,60.0,102912,0.007064435596112162,-0.018527948134578764,0.9242561012506485,0.2,-2.102747622132301,0.010633756,2000,0.0003,-0.14914298057556152,0.1013671875
202,1361,-6.486395879999999,75,60.0,103424,0.010147886374033988,-0.019506912428187206,0.8917227312922478,0.2,-2.0824599832296373,0.009150773,2010,0.0003,-0.1634090542793274,0.075390625
203,1368,-6.450974250000001,75,60.0,103936,0.020079912967048585,-0.021085188220604324,0.8378701657056808,0.2,-2.130037021636963,0.012633508,2020,0.0003,-0.1479494869709015,0.169921875
204,1375,-6.434112100000001,75,60.0,104448,0.01378976803389378,-0.032413867802824826,0.8885364606976509,0.2,-2.084537240862846,0.017827637,2030,0.0003,-0.1398991346359253,0.2158203125
205,1382,-6.412487199999999,75,60.0,104960,0.019477289251517503,-0.025246287952177225,0.8555173128843307,0.2,-1.9893187776207923,0.011865186,2040,0.0003,-0.13046513497829437,0.1189453125
206,1389,-6.3986084000000005,75,60.0,105472,0.018399523757398128,-0.012638226780109108,0.8358730524778366,0.2,-1.9796719804406167,0.01018698,2050,0.0003,-0.11610721796751022,0.07734375
207,1396,-6.3826684799999995,75,60.0,105984,0.0261244832072407,-0.017812193743884562,0.7632237374782562,0.2,-2.0322838127613068,0.013030265,2060,0.0003,-0.09468618780374527,0.1234375
208,1403,-6.377762960000001,75,60.0,106496,0.014217860996723175,-0.024037803173996508,0.8469706326723099,0.2,-2.0284707069396974,0.012548355,2070,0.0003,-0.1345754861831665,0.14921875
209,1410,-6.364951440000001,75,60.0,107008,0.014329005975741892,-0.022050037153530867,0.7245188057422638,0.2,-2.0025907084345818,0.012543129,2080,0.0003,-0.13195481896400452,0.1259765625
210,1417,-6.34592638,75,60.0,107520,0.0095537775720004,-0.01428754162043333,0.8482483923435211,0.2,-2.021856828033924,0.009960512,2090,0.0003,-0.14303021132946014,0.064453125
211,1424,-6.330324979999999,75,60.0,108032,0.02433600656222552,-0.0134709972247947,0.7982524633407593,0.2,-1.9698215901851654,0.010347093,2100,0.0003,-0.11095204949378967,0.07578125
212,1431,-6.3694259199999985,75,60.0,108544,0.01802535355091095,-0.016281576332403347,0.8457576930522919,0.2,-1.9750248670578003,0.010666635,2110,0.0003,-0.1273566633462906,0.0732421875
213,1438,-6.36970991,75,60.0,109056,0.017453811259474605,-0.0159136526635848,0.8300952166318893,0.2,-1.9105529263615608,0.013330737,2120,0.0003,-0.13682734966278076,0.09453125
214,1445,-6.362510539999999,75,60.0,109568,0.02138739770743996,-0.013198109983932227,0.850943073630333,0.2,-1.956550806760788,0.012006145,2130,0.0003,-0.13766109943389893,0.0923828125
215,1452,-6.348297710000001,75,60.0,110080,0.020912757492624223,-0.02081135596963577,0.7087498605251312,0.2,-1.917693980038166,0.012641182,2140,0.0003,-0.13234369456768036,0.125
216,1459,-6.28340837,75,60.0,110592,0.008562175338738598,-0.017730013851542027,0.9237238168716431,0.2,-1.9668210014700889,0.013784492,2150,0.0003,-0.10593437403440475,0.1240234375
217,1466,-6.28073486,75,60.0,111104,0.01203064420260489,-0.013254525337833912,0.8173040300607681,0.2,-1.887618674337864,0.009310452,2160,0.0003,-0.10650608688592911,0.0501953125
218,1473,-6.29570991,75,60.0,111616,0.016832841979339718,-0.0174189806682989,0.7287421524524689,0.2,-1.930282685160637,0.012173889,2170,0.0003,-0.11252977699041367,0.13671875
219,1480,-6.31409095,75,60.0,112128,0.028633828880265354,-0.012282241880893708,0.7492401897907257,0.2,-1.9292606115341187,0.0083405515,2180,0.0003,-0.10613565891981125,0.041796875
220,1487,-6.34237119,75,60.0,112640,0.019925650500226766,-0.018583166971802713,0.8510008752346039,0.2,-1.9508997902274132,0.014939812,2190,0.0003,-0.12356679886579514,0.095703125
221,1494,-6.33988278,75,60.0,113152,0.021681594394613056,-0.016287521983031183,0.7718875557184219,0.2,-2.0059740409255027,0.017176742,2200,0.0003,-0.12707549333572388,0.1662109375
222,1501,-6.35725479,75,60.0,113664,0.0216509006684646,-0.017996893846429884,0.8312506824731827,0.2,-1.9927866548299789,0.010931732,2210,0.0003,-0.06086161732673645,0.0732421875
223,1508,-6.34217138,75,60.0,114176,0.022921380365733057,-0.022320956678595395,0.8175113797187805,0.2,-2.036783255636692,0.012763118,2220,0.0003,-0.12601009011268616,0.178125
224,1515,-6.363103329999999,75,60.0,114688,0.014122309838421642,-0.015488409262616187,0.9053865075111389,0.2,-2.0768935292959214,0.008837971,2230,0.0003,-0.12512265145778656,0.094921875
225,1523,-6.35245672,75,60.0,115200,0.0161687750602141,-0.023329848353751004,0.876330554485321,0.2,-2.1101671010255814,0.015564932,2240,0.0003,-0.13580776751041412,0.146484375
226,1529,-6.3875827900000015,75,60.0,115712,0.011185322102392092,-0.025287607032805682,0.9138719066977501,0.2,-2.0951467394828795,0.0115691805,2250,0.0003,-0.1728578507900238,0.093359375
227,1537,-6.399707940000001,75,60.0,116224,0.015344738890416921,-0.01784219155088067,0.8969902545213699,0.2,-2.117716112732887,0.010702189,2260,0.0003,-0.11278606951236725,0.0947265625
228,1544,-6.4464764,75,60.0,116736,0.006954541854793206,-0.025386181042995302,0.9050752818584442,0.2,-2.1156170278787614,0.017327592,2270,0.0003,-0.15358462929725647,0.200390625
229,1551,-6.49261437,75,60.0,117248,0.004866915347520262,-0.020547531370539218,0.9432383626699448,0.2,-2.164044451713562,0.010936099,2280,0.0003,-0.1312093734741211,0.12421875
230,1558,-6.46993466,75,60.0,117760,0.0033501254045404496,-0.01979677606432233,0.9442983344197273,0.2,-2.1605574905872347,0.010777079,2290,0.0003,-0.16489222645759583,0.1126953125
231,1566,-6.446108180000001,75,60.0,118272,0.0073734890203922985,-0.02082247893558815,0.9368258118629456,0.2,-2.1802297443151475,0.012568997,2300,0.0003,-0.16745537519454956,0.0927734375
232,1572,-6.443477779999999,75,60.0,118784,0.011022072011837736,-0.022753403487149625,0.8813936337828636,0.2,-2.177681511640549,0.010417435,2310,0.0003,-0.14601776003837585,0.0869140625
233,1580,-6.4427923300000005,75,60.0,119296,0.006906553421868011,-0.03003586552804336,0.9216144979000092,0.2,-2.177274703979492,0.014296753,2320,0.0003,-0.1446625292301178,0.172265625
234,1587,-6.43444481,75,60.0,119808,0.008932219565031119,-0.025093326182104646,0.9307405427098274,0.2,-2.1724748462438583,0.016646765,2330,0.0003,-0.1511095017194748,0.187109375
235,1594,-6.409927870000001,75,60.0,120320,0.012880501348990946,-0.019408223684877157,0.8719364702701569,0.2,-2.14857457280159,0.010911243,2340,0.0003,-0.15760838985443115,0.1099609375
236,1601,-6.3726177999999996,75,60.0,120832,0.01608805258292705,-0.02496012927731499,0.8091883808374405,0.2,-2.115580624341965,0.013676282,2350,0.0003,-0.14563214778900146,0.16015625
237,1608,-6.350247250000001,75,60.0,121344,0.006462944025406614,-0.02792922350927256,0.9258042350411415,0.2,-2.1049403667449953,0.015904851,2360,0.0003,-0.1308172643184662,0.2287109375
238,1614,-6.372728429999999,75,60.0,121856,0.023949718521907925,-0.020644974999595434,0.6611478626728058,0.2,-2.111549738049507,0.010948705,2370,0.0003,-0.14741180837154388,0.0984375
239,1622,-6.374520100000001,75,60.0,122368,0.012822491710539907,-0.01955849565565586,0.7556068301200867,0.2,-2.1061607599258423,0.012419878,2380,0.0003,-0.1125815361738205,0.11484375
240,1629,-6.3760578400000005,75,60.0,122880,0.01410974147147499,-0.023810038482770322,0.8632124811410904,0.2,-2.0929206788539885,0.011062214,2390,0.0003,-0.1343121975660324,0.11328125
241,1636,-6.396846539999999,75,60.0,123392,0.014925227599451318,-0.02064112250227481,0.8334892243146896,0.2,-2.0808966130018236,0.012417126,2400,0.0003,-0.1511949747800827,0.0892578125
242,1643,-6.40402641,75,60.0,123904,0.022110435843933372,-0.021071064844727518,0.8310168981552124,0.2,-2.0639868855476378,0.014189223,2410,0.0003,-0.12158825993537903,0.142578125
243,1650,-6.3736121,75,60.0,124416,0.006207468209322542,-0.01666835310170427,0.9208327457308769,0.2,-2.0693083196878432,0.0076493914,2420,0.0003,-0.14613299071788788,0.076171875
244,1657,-6.3331317799999995,75,60.0,124928,0.006006588699528947,-0.0219529535388574,0.9199307262897491,0.2,-1.9995845258235931,0.011500071,2430,0.0003,-0.10746118426322937,0.1560546875
245,1664,-6.31970249,75,60.0,125440,0.013166476093465463,-0.013640945247607306,0.8444872349500656,0.2,-1.9898741737008094,0.008497758,2440,0.0003,-0.12263800203800201,0.0623046875
246,1671,-6.37205059,75,60.0,125952,0.02469441373832524,-0.02193887500325218,0.8252419829368591,0.2,-2.0642455160617827,0.012814071,2450,0.0003,-0.12744572758674622,0.14375
247,1678,-6.346210349999999,75,60.0,126464,0.016286787448916585,-0.021365765173686668,0.7773565351963043,0.2,-2.022139796614647,0.011907647,2460,0.0003,-0.11281447857618332,0.112890625
248,1686,-6.34633423,75,60.0,126976,0.012383484328165651,-0.01935964832082391,0.8711590021848679,0.2,-2.0323053300380707,0.011201475,2470,0.0003,-0.12436700612306595,0.1189453125
249,1694,-6.368735340000001,75,60.0,127488,0.01083919727243483,-0.01720104513806291,0.8794543296098709,0.2,-2.0372143179178237,0.0104290545,2480,0.0003,-0.10663961619138718,0.0748046875
250,1703,-6.38300132,75,60.0,128000,0.012683401600224898,-0.017643904860597102,0.8879963308572769,0.2,-2.107811325788498,0.013085913,2490,0.0003,-0.14585649967193604,0.09296875
251,1711,-6.36075914,75,60.0,128512,0.008447223936673253,-0.024349717784207314,0.9099773243069649,0.2,-2.08279387652874,0.012430176,2500,0.0003,-0.13848140835762024,0.123046875
252,1719,-6.3977811299999985,75,60.0,129024,0.016361077124020084,-0.01702345081139356,0.8320416510105133,0.2,-2.1358265966176986,0.013269952,2510,0.0003,-0.16219982504844666,0.1228515625
253,1727,-6.390983839999999,74,60.0,129536,0.018360503029543906,-0.02129541183821857,0.8504669219255447,0.2,-2.1714694827795027,0.012443921,2520,0.0003,-0.11830000579357147,0.1322265625
254,1734,-6.415150490000001,74,60.0,130048,0.009887831885134802,-0.02329717284301296,0.9222276359796524,0.2,-2.2125747382640837,0.015328098,2530,0.0003,-0.14148028194904327,0.173046875
255,1746,-6.446428029999998,74,60.0,130560,0.017151551850838588,-0.017466439644340425,0.8952915444970131,0.2,-2.2287886083126067,0.009905816,2540,0.0003,-0.12763653695583344,0.0763671875
256,1753,-6.471923989999999,74,60.0,131072,0.007942502017249354,-0.021719836222473532,0.8840740919113159,0.2,-2.1649948418140412,0.012364907,2550,0.0003,-0.16204865276813507,0.116015625
257,1760,-6.450936880000001,74,60.0,131584,0.004075208418362309,-0.023737124842591585,0.9335117042064667,0.2,-2.204613667726517,0.015349912,2560,0.0003,-0.16050750017166138,0.1681640625
258,1767,-6.44652841,74,60.0,132096,0.006867032137233764,-0.016051155840978028,0.9287043809890747,0.2,-2.201207938790321,0.009502578,2570,0.0003,-0.13819199800491333,0.0626953125
259,1775,-6.48067892,74,60.0,132608,0.011786863609449938,-0.021499591117026283,0.8611820489168167,0.2,-2.153361600637436,0.010617118,2580,0.0003,-0.15274839103221893,0.11796875
260,1782,-6.495793390000001,74,60.0,133120,0.01614728783024475,-0.02487806723220274,0.7768295854330063,0.2,-2.135206812620163,0.013061832,2590,0.0003,-0.12463100254535675,0.1501953125
261,1789,-6.48082814,74,60.0,133632,0.012687684939010069,-0.023962312698131427,0.9112682789564133,0.2,-2.181161031126976,0.013195857,2600,0.0003,-0.15312282741069794,0.1390625
262,1796,-6.50602505,74,60.0,134144,0.013941849779803306,-0.026779182814061643,0.91132752597332,0.2,-2.211870840191841,0.016747482,2610,0.0003,-0.1470060497522354,0.23203125
263,1804,-6.493736500000001,74,60.0,134656,0.015585615916643291,-0.019771822486654857,0.8336051255464554,0.2,-2.1827629089355467,0.010939235,2620,0.0003,-0.13712193071842194,0.0921875
264,1811,-6.460315730000001,74,60.0,135168,0.0190816399641335,-0.02505334248417057,0.8406954854726791,0.2,-2.165478673577309,0.013115309,2630,0.0003,-0.12901568412780762,0.1318359375
265,1818,-6.46292006,74,60.0,135680,0.007229674968402833,-0.016971289302455263,0.9281670302152634,0.2,-2.1534982711076736,0.009003183,2640,0.0003,-0.12905031442642212,0.094140625
266,1825,-6.442405930000001,74,60.0,136192,0.012333239079453051,-0.020782043307553975,0.8936854973435402,0.2,-2.171045461297035,0.010793477,2650,0.0003,-0.16369011998176575,0.1232421875
267,1832,-6.478364859999999,74,60.0,136704,0.014027068112045526,-0.02108678425429389,0.8946415930986404,0.2,-2.1908989042043685,0.011617361,2660,0.0003,-0.15529446303844452,0.11640625
268,1839,-6.489541680000001,74,60.0,137216,0.009076696733245626,-0.027787569863721728,0.9149630814790726,0.2,-2.195251017808914,0.012976902,2670,0.0003,-0.14477166533470154,0.1392578125
269,1846,-6.502296299999999,74,60.0,137728,0.008459657430648804,-0.02882333411835134,0.9345792233943939,0.2,-2.179986909031868,0.0134743275,2680,0.0003,-0.15868087112903595,0.149609375
270,1855,-6.51047738,74,60.0,138240,0.013119059056043625,-0.01842704592272639,0.9044287651777267,0.2,-2.160787266492844,0.011116397,2690,0.0003,-0.13943979144096375,0.081640625
271,1864,-6.52064731,74,60.0,138752,0.0050369103497359905,-0.019092126155737788,0.952422957867384,0.2,-2.1714114785194396,0.010632482,2700,0.0003,-0.14350882172584534,0.0939453125
272,1872,-6.513765449999999,74,60.0,139264,0.010405337088741362,-0.023253549623768778,0.9144752398133278,0.2,-2.1672066509723664,0.011455787,2710,0.0003,-0.14056028425693512,0.1142578125
273,1880,-6.458887769999999,74,60.0,139776,0.00800332763174083,-0.02308803905034438,0.9088146388530731,0.2,-2.1612571716308593,0.011139605,2720,0.0003,-0.13791164755821228,0.1087890625
274,1887,-6.5135774500000005,74,60.0,140288,0.021623238129541276,-0.01984606925980188,0.8246557414531708,0.2,-2.1782189160585403,0.010601211,2730,0.0003,-0.13767459988594055,0.1046875
275,1896,-6.507467949999999,74,60.0,140800,0.0217051048646681,-0.022509944817284123,0.7572429925203323,0.2,-2.1763412326574327,0.010151054,2740,0.0003,-0.14073555171489716,0.0857421875
276,1903,-6.49363307,74,60.0,141312,0.01364481362979859,-0.01353277598391287,0.8809986114501953,0.2,-2.1365856736898423,0.009158703,2750,0.0003,-0.12298055738210678,0.043359375
277,1911,-6.4913070799999995,74,60.0,141824,0.007275481155375019,-0.022681081714108587,0.9350386634469032,0.2,-2.163198646903038,0.013013089,2760,0.0003,-0.154261976480484,0.1306640625
278,1919,-6.479375350000001,74,60.0,142336,0.008815115317702293,-0.02159983237506822,0.9307815432548523,0.2,-2.1804769933223724,0.012607377,2770,0.0003,-0.12727387249469757,0.1498046875
279,1926,-6.4534495000000005,74,60.0,142848,0.00826390169095248,-0.02491397148114629,0.9205318614840508,0.2,-2.1237103193998337,0.012464443,2780,0.0003,-0.15273019671440125,0.11953125
280,1933,-6.41288727,74,60.0,143360,0.00795557625242509,-0.02511088507017121,0.9220787882804871,0.2,-1.9974105268716813,0.012221862,2790,0.0003,-0.1277666836977005,0.11640625
281,1941,-6.37801205,74,60.0,143872,0.010471917217364535,-0.023489298479398714,0.8885571584105492,0.2,-2.0332893773913385,0.013310879,2800,0.0003,-0.16764697432518005,0.146484375
282,1948,-6.34124258,74,60.0,144384,0.011125675728544593,-0.0274318692041561,0.8269383162260056,0.2,-1.9819642201066017,0.012248924,2810,0.0003,-0.14139282703399658,0.1560546875
283,1955,-6.342466130000002,74,60.0,144896,0.01217792543466203,-0.014074243028881028,0.8121679872274399,0.2,-1.9864091575145721,0.014932067,2820,0.0003,-0.09235049784183502,0.12734375
284,1962,-6.353563800000001,74,60.0,145408,0.014898215333232656,-0.020397907809820027,0.8318800777196884,0.2,-2.0801418095827104,0.011759901,2830,0.0003,-0.15462739765644073,0.0970703125
285,1969,-6.372587629999999,74,60.0,145920,0.020386460621375592,-0.021100210322765635,0.7956526577472687,0.2,-2.113424873352051,0.014030896,2840,0.0003,-0.11587538570165634,0.1435546875
286,1976,-6.3589024499999995,74,60.0,146432,0.015125718177296221,-0.016912965185474603,0.8131653368473053,0.2,-2.093640998005867,0.010786961,2850,0.0003,-0.13304103910923004,0.097265625
287,1983,-6.37757662,74,60.0,146944,0.023934502969495952,-0.02428329046815634,0.8292098045349121,0.2,-2.136507111787796,0.013795401,2860,0.0003,-0.1528477966785431,0.12734375
288,1990,-6.345196130000001,74,60.0,147456,0.008286017773207277,-0.023594669252634048,0.8971211835741997,0.2,-2.1471839785575866,0.014347121,2870,0.0003,-0.13385485112667084,0.1130859375
289,1997,-6.31787739,74,60.0,147968,0.007450415185303427,-0.021184234181419015,0.8878149166703224,0.2,-2.1431827038526534,0.013199503,2880,0.0003,-0.13876308500766754,0.1478515625
290,2004,-6.35715491,74,60.0,148480,0.006529392919037491,-0.027428140968549997,0.9268951788544655,0.2,-2.1362198919057844,0.017570099,2890,0.0003,-0.11253922432661057,0.1740234375
291,2011,-6.35717657,74,60.0,148992,0.015508910152129829,-0.018267468648264184,0.8308188170194626,0.2,-2.1160387665033342,0.008595781,2900,0.0003,-0.12173894792795181,0.0615234375
292,2018,-6.3894248,74,60.0,149504,0.005137817282229662,-0.016669173864647745,0.9183951318264008,0.2,-2.175104635953903,0.014138314,2910,0.0003,-0.14563897252082825,0.15390625
293,2025,-6.408730429999999,74,60.0,150016,0.010208030376816168,-0.021720776858273894,0.8826747238636017,0.2,-2.136286109685898,0.011358458,2920,0.0003,-0.10621944069862366,0.1201171875
294,2032,-6.44641487,74,60.0,150528,0.010888706234982237,-0.0176668199012056,0.8983056396245956,0.2,-2.1283123672008513,0.008573304,2930,0.0003,-0.14959140121936798,0.0884765625
295,2039,-6.41566981,74,60.0,151040,0.013529115630080923,-0.023997351666912435,0.8734228610992432,0.2,-2.11963851749897,0.012841061,2940,0.0003,-0.14132556319236755,0.1388671875
296,2046,-6.385125869999999,74,60.0,151552,0.019600845559034498,-0.013937684957636521,0.7767086178064346,0.2,-2.1132547080516817,0.01090266,2950,0.0003,-0.11327803134918213,0.0802734375
297,2053,-6.393684340000001,74,60.0,152064,0.013944220612756908,-0.025204916042275725,0.8264148980379105,0.2,-2.097061410546303,0.01251751,2960,0.0003,-0.13214370608329773,0.1220703125
298,2060,-6.391492400000001,74,60.0,152576,0.01492056698189117,-0.014161973536829464,0.836095780134201,0.2,-2.0910603016614915,0.008404743,2970,0.0003,-0.11002262681722641,0.05859375
299,2067,-6.4042211500000015,74,60.0,153088,0.01389445317327045,-0.019310170644894244,0.8737890869379044,0.2,-2.0769994497299193,0.0125566395,2980,0.0003,-0.14268580079078674,0.10390625
300,2074,-6.45090313,74,60.0,153600,0.013612829416524619,-0.012948782462626696,0.8655834943056107,0.2,-2.1105317026376724,0.0105507765,2990,0.0003,-0.11567715555429459,0.0919921875
301,2081,-6.443933360000001,74,60.0,154112,0.014571594761218876,-0.01758608761592768,0.8988389149308205,0.2,-2.1118256568908693,0.0149108805,3000,0.0003,-0.1212347224354744,0.115234375
302,2088,-6.42737755,74,60.0,154624,0.012342716136481613,-0.016458569187670948,0.8886935785412788,0.2,-2.0810677468776704,0.010432474,3010,0.0003,-0.10737508535385132,0.0736328125
303,2095,-6.4253015499999995,74,60.0,155136,0.014255631988635286,-0.027708092785906045,0.793021485209465,0.2,-2.083369532227516,0.015329359,3020,0.0003,-0.16529765725135803,0.158203125
304,2102,-6.4284004900000005,74,60.0,155648,0.014736384042771533,-0.020984580856747925,0.8383459001779556,0.2,-2.0853644222021104,0.011422912,3030,0.0003,-0.1308576911687851,0.098046875
305,2109,-6.440397849999999,74,60.0,156160,0.012552610225975513,-0.019670278520788998,0.8315529972314835,0.2,-2.111467605829239,0.010622617,3040,0.0003,-0.14596779644489288,0.08046875
306,2116,-6.421505890000001,74,60.0,156672,0.007464918383629992,-0.026035628071986137,0.9181996956467628,0.2,-2.0917735189199447,0.014707508,3050,0.0003,-0.13055448234081268,0.178515625
307,2123,-6.429969950000001,74,60.0,157184,0.010408054251456633,-0.02031726982968394,0.8725691586732864,0.2,-2.099921724200249,0.012664932,3060,0.0003,-0.1285211443901062,0.1029296875
308,2131,-6.39754761,73,60.0,157696,0.014628640771843494,-0.01922518617939204,0.76823291182518,0.2,-2.0296740546822547,0.012405768,3070,0.0003,-0.08116243779659271,0.075390625
309,2138,-6.42279734,73,60.0,158208,0.011782750650309027,-0.026081012829672547,0.835082620382309,0.2,-1.9809731349349022,0.013200839,3080,0.0003,-0.14411337673664093,0.1365234375
310,2145,-6.4041917,73,60.0,158720,0.010824570327531546,-0.018802911014063284,0.8418647646903992,0.2,-2.012073189020157,0.0139482245,3090,0.0003,-0.12399536371231079,0.176171875
311,2152,-6.3565662099999996,73,60.0,159232,0.02120539065217599,-0.015415656007826328,0.7670656889677048,0.2,-2.0029031917452813,0.010804969,3100,0.0003,-0.10689792782068253,0.090625
312,2158,-6.3814103399999995,73,60.0,159744,0.018491001054644584,-0.014748334576142951,0.817823737859726,0.2,-2.0406035259366035,0.012738482,3110,0.0003,-0.10421750694513321,0.121484375
313,2165,-6.394480899999999,73,60.0,160256,0.017742906464263797,-0.031161717773647978,0.8859243541955948,0.2,-2.123031088709831,0.017074626,3120,0.0003,-0.15550723671913147,0.264453125
314,2172,-6.4264969,73,60.0,160768,0.005577669787453487,-0.018584792909678072,0.9521449692547321,0.2,-2.0875451654195785,0.010181246,3130,0.0003,-0.11420965939760208,0.0984375
315,2180,-6.4183667999999985,73,60.0,161280,0.01886662682518363,-0.015798680012812837,0.8767606988549232,0.2,-2.069660744071007,0.010615667,3140,0.0003,-0.1305919885635376,0.087109375
316,2187,-6.425267690000001,73,60.0,161792,0.011297852927236817,-0.016329403180861846,0.8825946673750877,0.2,-2.083647385239601,0.012482172,3150,0.0003,-0.12820205092430115,0.0884765625
317,2194,-6.435872819999999,73,60.0,162304,0.009406579803908244,-0.024983594595687462,0.9244143143296242,0.2,-2.1221437394618987,0.01489159,3160,0.0003,-0.15331412851810455,0.180859375
318,2201,-6.439163399999999,73,60.0,162816,0.019135031732730567,-0.017146089050220324,0.8887403979897499,0.2,-2.1044372975826264,0.0123705715,3170,0.0003,-0.10940701514482498,0.0943359375
319,2208,-6.487481109999999,73,60.0,163328,0.0061842789349611845,-0.02575344421202317,0.9144046157598495,0.2,-2.0886222034692765,0.012620928,3180,0.0003,-0.10538548976182938,0.1302734375
320,2215,-6.526621950000001,73,60.0,163840,0.008851380855776369,-0.017861314897891133,0.9338396936655045,0.2,-2.0821708709001543,0.010242812,3190,0.0003,-0.1464533656835556,0.0966796875
321,2222,-6.5065117599999995,73,60.0,164352,0.011889253946719691,-0.017394144233549014,0.9203741177916527,0.2,-2.082451859116554,0.012106566,3200,0.0003,-0.13698512315750122,0.105859375
322,2229,-6.496686929999998,73,60.0,164864,0.005493497638963163,-0.023569512565154584,0.9031825810670853,0.2,-2.146963304281235,0.011104286,3210,0.0003,-0.14592944085597992,0.098046875
323,2237,-6.51375387,73,60.0,165376,0.007088875758927316,-0.024054833920672536,0.8866480961441994,0.2,-2.1246674567461015,0.012918682,3220,0.0003,-0.16129440069198608,0.175
324,2244,-6.4563700399999995,73,60.0,165888,0.004386658084695227,-0.016181701252935454,0.9585480839014053,0.2,-2.148985096812248,0.009699073,3230,0.0003,-0.14391721785068512,0.0830078125
325,2252,-6.44775185,73,60.0,166400,0.013105925230775028,-0.017254641145700588,0.8163046538829803,0.2,-2.061344566941261,0.010684647,3240,0.0003,-0.12525543570518494,0.11875
326,2265,-6.43349063,73,60.0,166912,0.006739022684632801,-0.03351563304313458,0.9300388246774673,0.2,-2.0256715655326842,0.017285056,3250,0.0003,-0.11415348201990128,0.2220703125
327,2273,-6.4076086199999995,73,60.0,167424,0.006932412821333856,-0.022980413131881504,0.9199572503566742,0.2,-2.0383545249700545,0.012185349,3260,0.0003,-0.13678885996341705,0.116015625
328,2280,-6.405743619999999,73,60.0,167936,0.016683292598463594,-0.018976105173351243,0.792378231883049,0.2,-2.0193067833781244,0.015143849,3270,0.0003,-0.13233880698680878,0.12265625
329,2287,-6.4067245700000015,73,60.0,168448,0.012810528662521392,-0.018891746102599426,0.9018196314573288,0.2,-2.064886048436165,0.011379719,3280,0.0003,-0.13798341155052185,0.10859375
330,2295,-6.416351109999999,73,60.0,168960,0.008407486588112079,-0.027599547745194287,0.8824677765369415,0.2,-2.1037803649902345,0.0155407395,3290,0.0003,-0.1263628602027893,0.1966796875
331,2302,-6.39155324,73,60.0,169472,0.003986906376667321,-0.02173340900626499,0.9631320349872112,0.2,-2.071359434723854,0.013421735,3300,0.0003,-0.12526510655879974,0.1181640625
332,2309,-6.3313574500000005,73,60.0,169984,0.01850557830184698,-0.018641639355337247,0.8570572882890701,0.2,-1.9788532868027686,0.011408882,3310,0.0003,-0.11009109020233154,0.11015625
333,2316,-6.34767031,73,60.0,170496,0.021570298029109834,-0.012757177249295638,0.7417252957820892,0.2,-2.011742466688156,0.009844222,3320,0.0003,-0.10196924209594727,0.058203125
334,2323,-6.402721679999998,73,60.0,171008,0.014530972519423813,-0.017161312466487288,0.8653809875249863,0.2,-1.925776833295822,0.0099857785,3330,0.0003,-0.10882842540740967,0.0927734375
335,2330,-6.387796550000001,73,60.0,171520,0.0178647888766136,-0.01435937921050936,0.8700392246246338,0.2,-2.0168552696704865,0.011764899,3340,0.0003,-0.12014712393283844,0.1427734375
336,2337,-6.373706970000001,73,60.0,172032,0.01486646236735396,-0.015160611900500953,0.8445522487163544,0.2,-2.067553515732288,0.010295844,3350,0.0003,-0.0947277843952179,0.1087890625
337,2344,-6.377909840000001,73,60.0,172544,0.014345190237509086,-0.013976883626310155,0.8193385601043701,0.2,-2.043247255682945,0.007034707,3360,0.0003,-0.14196614921092987,0.0421875
338,2352,-6.420399059999999,73,60.0,173056,0.01377017589402385,-0.020595912489807234,0.8150478303432465,0.2,-2.1189210057258605,0.016370848,3370,0.0003,-0.14159570634365082,0.1732421875
339,2359,-6.411104879999999,73,60.0,173568,0.009125346440123394,-0.015759310853900386,0.9514153599739075,0.2,-2.125475087761879,0.0074151014,3380,0.0003,-0.13668067753314972,0.0755859375
340,2366,-6.41664166,73,60.0,174080,0.022696306544821708,-0.019787833036389202,0.7864471971988678,0.2,-2.0106225222349168,0.011788096,3390,0.0003,-0.12842997908592224,0.097265625
341,2373,-6.431609109999999,73,60.0,174592,0.01642261471133679,-0.011461213586153462,0.8158734440803528,0.2,-2.0445934399962424,0.01205666,3400,0.0003,-0.10411906987428665,0.0955078125
342,2380,-6.3806293400000005,73,60.0,175104,0.011234736611368135,-0.02041102253133431,0.8965986147522926,0.2,-2.1161952197551726,0.012324341,3410,0.0003,-0.14230841398239136,0.1443359375
343,2387,-6.394811139999999,73,60.0,175616,0.015575912786880508,-0.01476562931202352,0.8116445094347,0.2,-2.115016853809357,0.009775959,3420,0.0003,-0.1256636083126068,0.0703125
344,2394,-6.410270430000001,73,60.0,176128,0.01331531159230508,-0.015398457314586268,0.9118957296013832,0.2,-2.1218195378780367,0.012346916,3430,0.0003,-0.11047139018774033,0.0923828125
345,2402,-6.40063622,73,60.0,176640,0.007780553016345948,-0.020414635207271204,0.894286759197712,0.2,-2.0843034744262696,0.013927934,3440,0.0003,-0.134865403175354,0.112890625
346,2409,-6.355366300000001,73,60.0,177152,0.015440552000654861,-0.014883505355101079,0.8840862959623337,0.2,-2.10900442302227,0.010976857,3450,0.0003,-0.11532916128635406,0.087890625
347,2416,-6.408307980000001,73,60.0,177664,0.015175496833398939,-0.024035528989043087,0.8551226854324341,0.2,-2.043485391139984,0.01902803,3460,0.0003,-0.12563182413578033,0.1802734375
348,2423,-6.403021729999999,73,60.0,178176,0.013134478143183515,-0.016359560820274056,0.8977620303630829,0.2,-2.1353350460529326,0.011552877,3470,0.0003,-0.1392769068479538,0.1130859375
349,2430,-6.3860097,73,60.0,178688,0.006103447015630081,-0.020996681228280068,0.9026277288794518,0.2,-2.0919087022542953,0.011966467,3480,0.0003,-0.15172980725765228,0.1021484375
350,2437,-6.36691918,73,60.0,179200,0.016803173295920716,-0.02027425228152424,0.6854860484600067,0.2,-2.102067556977272,0.009544285,3490,0.0003,-0.12254923582077026,0.1498046875
351,2444,-6.35623386,73,60.0,179712,0.0070817739178892225,-0.021415104746120052,0.9388890750706196,0.2,-2.1546258091926576,0.013141303,3500,0.0003,-0.16571159660816193,0.1712890625
352,2451,-6.37782291,73,60.0,180224,0.012002118438249453,-0.019863684073789044,0.877110593020916,0.2,-2.1257514387369154,0.01085647,3510,0.0003,-0.13879168033599854,0.1158203125
353,2459,-6.347492409999998,73,60.0,180736,0.016606358252465724,-0.02049131758394651,0.8618131875991821,0.2,-2.125932312011719,0.013257394,3520,0.0003,-0.1183219775557518,0.1427734375
354,2466,-6.368161859999999,73,60.0,181248,0.011799730773782357,-0.02703179615782574,0.8825648128986359,0.2,-2.119344237446785,0.0129116,3530,0.0003,-0.14779996871948242,0.158984375
355,2473,-6.33799619,73,60.0,181760,0.013172004208900034,-0.02173818424344063,0.8918499276041985,0.2,-2.140265056490898,0.013387338,3540,0.0003,-0.17679661512374878,0.1560546875
356,2480,-6.35575503,73,60.0,182272,0.014532532880548388,-0.01832908227806911,0.863042950630188,0.2,-2.096987155079842,0.0106248325,3550,0.0003,-0.13489149510860443,0.115625
357,2487,-6.35307285,73,60.0,182784,0.015310534613672645,-0.024230980803258716,0.8601172715425491,0.2,-2.1003755152225496,0.011900565,3560,0.0003,-0.1520843505859375,0.1478515625
358,2495,-6.3597172,73,60.0,183296,0.014476518688024954,-0.02445094499271363,0.846370592713356,0.2,-2.102760449051857,0.013147765,3570,0.0003,-0.12579721212387085,0.1453125
359,2504,-6.32272126,73,60.0,183808,0.0168874423019588,-0.022803534124977886,0.8092669099569321,0.2,-2.1111959129571916,0.012894591,3580,0.0003,-0.1254320591688156,0.1513671875
360,2512,-6.35136707,73,60.0,184320,0.005017520234105177,-0.02148754495428875,0.9448452442884445,0.2,-2.1075410038232802,0.0109550655,3590,0.0003,-0.1529293954372406,0.10234375
361,2519,-6.34437505,73,60.0,184832,0.007271371880779043,-0.02043012004578486,0.9091040417551994,0.2,-2.061603930592537,0.01067326,3600,0.0003,-0.12575267255306244,0.0939453125
362,2527,-6.34480265,73,60.0,185344,0.0063689575501484795,-0.02294248056714423,0.9310477748513222,0.2,-1.9984382838010788,0.01271162,3610,0.0003,-0.11788725852966309,0.13359375
363,2534,-6.33888117,73,60.0,185856,0.008058066095691175,-0.01434043754125014,0.9194635078310966,0.2,-2.03658022582531,0.009666178,3620,0.0003,-0.12008270621299744,0.106640625
364,2541,-6.30258273,73,60.0,186368,0.01396052140626125,-0.018974113353760914,0.8458150029182434,0.2,-1.9477608650922775,0.011230359,3630,0.0003,-0.12229452282190323,0.0869140625
365,2548,-6.30044091,73,60.0,186880,0.010349640256026759,-0.02269828927819617,0.8990439623594284,0.2,-1.9683256298303604,0.012220723,3640,0.0003,-0.13391271233558655,0.1513671875
366,2555,-6.272719600000001,73,60.0,187392,0.014685490250121802,-0.0171993266325444,0.7228375971317291,0.2,-1.9153402864933013,0.0088817915,3650,0.0003,-0.10566874593496323,0.075
367,2563,-6.303865589999999,73,60.0,187904,0.021419808955397458,-0.022406019287882373,0.7530158013105392,0.2,-1.9317681804299354,0.01221479,3660,0.0003,-0.11542635411024094,0.16015625
368,2571,-6.298003370000001,73,60.0,188416,0.00996277995291166,-0.01957225799560547,0.8724313378334045,0.2,-1.9384924918413162,0.012223436,3670,0.0003,-0.1480630785226822,0.119921875
369,2578,-6.265565359999999,73,60.0,188928,0.007900386225082911,-0.01788345430395566,0.9186617285013199,0.2,-1.9574717313051224,0.014424406,3680,0.0003,-0.14773817360401154,0.1638671875
370,2585,-6.261486889999999,73,60.0,189440,0.01452367363963276,-0.014323496277211235,0.7626737356185913,0.2,-1.9858765393495559,0.009833809,3690,0.0003,-0.1147041916847229,0.0794921875
371,2592,-6.299712980000001,73,60.0,189952,0.0118988239497412,-0.014275316603016109,0.7963380813598633,0.2,-2.0245564967393874,0.011626363,3700,0.0003,-0.10504404455423355,0.1099609375
372,2599,-6.29929009,73,60.0,190464,0.016812286153435708,-0.021533839555922897,0.8406529873609543,0.2,-2.0587047159671785,0.013218634,3710,0.0003,-0.1633578985929489,0.1390625
373,2606,-6.30761352,73,60.0,190976,0.015225366468075662,-0.021656140428967775,0.8130901008844376,0.2,-2.0989978313446045,0.01474159,3720,0.0003,-0.11634138971567154,0.1421875
374,2613,-6.28457449,73,60.0,191488,0.013181264261947944,-0.020298569288570434,0.7526283711194992,0.2,-2.0988471776247026,0.011550391,3730,0.0003,-0.12582062184810638,0.118359375
375,2621,-6.32112262,73,60.0,192000,0.017586819501593708,-0.025936878414358943,0.8488792032003403,0.2,-2.140084904432297,0.013574189,3740,0.0003,-0.124383844435215,0.1791015625
376,2628,-6.31602649,73,60.0,192512,0.008467917813686655,-0.017127155358321034,0.9260697960853577,0.2,-2.1599050015211105,0.011392657,3750,0.0003,-0.12338920682668686,0.11796875
377,2635,-6.31698898,73,60.0,193024,0.011579069390427322,-0.029987910704221576,0.8351886123418808,0.2,-2.0766665399074555,0.014348859,3760,0.0003,-0.14269845187664032,0.175390625
378,2642,-6.28396644,73,60.0,193536,0.01639095868449658,-0.01836284179589711,0.761119544506073,0.2,-1.9946747839450836,0.011261413,3770,0.0003,-0.134790301322937,0.111328125
379,2649,-6.3174102,73,60.0,194048,0.014677154103992507,-0.020829984807642178,0.7788242697715759,0.2,-1.9688506841659545,0.013518099,3780,0.0003,-0.1442333459854126,0.144921875
380,2656,-6.31312538,73,60.0,194560,0.024472606391645967,-0.01759591404115781,0.7530204951763153,0.2,-1.9951653391122819,0.010762956,3790,0.0003,-0.12652142345905304,0.0787109375
381,2663,-6.327326519999999,73,60.0,195072,0.015021458512637764,-0.021303728292696177,0.7886265069246292,0.2,-1.9955163702368737,0.013538133,3800,0.0003,-0.14113445580005646,0.1572265625
382,2670,-6.3287687199999985,73,60.0,195584,0.016031950898468494,-0.023028671625070274,0.8101142644882202,0.2,-1.9443425804376602,0.011555932,3810,0.0003,-0.1453162580728531,0.12890625
383,2678,-6.36342223,73,60.0,196096,0.026900823100004346,-0.009460955567192286,0.7184874713420868,0.2,-1.9777302339673042,0.0067255576,3820,0.0003,-0.11430978775024414,0.0384765625
384,2686,-6.328978159999999,73,60.0,196608,0.015387161239050328,-0.02020446917740628,0.8927606865763664,0.2,-2.0470448315143583,0.011348003,3830,0.0003,-0.13182984292507172,0.141796875
385,2693,-6.310445739999999,73,60.0,197120,0.013681446207920089,-0.023497024684911594,0.8491910547018051,0.2,-2.0318900525569914,0.01061004,3840,0.0003,-0.13661202788352966,0.149609375
386,2700,-6.30577936,73,60.0,197632,0.01532442295574583,-0.014645500585902482,0.775272324681282,0.2,-2.0062549859285355,0.0077822986,3850,0.0003,-0.11165851354598999,0.056640625
387,2707,-6.30053196,73,60.0,198144,0.014470134832663462,-0.021446937264408918,0.7649720758199692,0.2,-2.0316996410489083,0.015273831,3860,0.0003,-0.14131321012973785,0.184375
388,2714,-6.30897886,73,60.0,198656,0.012437137681990862,-0.024641025939490645,0.8058839440345764,0.2,-2.0263771578669547,0.012645956,3870,0.0003,-0.12292294949293137,0.1666015625
389,2721,-6.3324107,73,60.0,199168,0.0204292333452031,-0.02146594962105155,0.8120305985212326,0.2,-2.0571204006671904,0.010058078,3880,0.0003,-0.14750400185585022,0.11640625
390,2729,-6.367901020000001,73,60.0,199680,0.02706461854977533,-0.018568760756170376,0.8415533155202866,0.2,-2.062070968747139,0.0108548105,3890,0.0003,-0.10031738877296448,0.1447265625
391,2736,-6.362120300000002,73,60.0,200192,0.016089827043469996,-0.021702114696381614,0.8104734122753143,0.2,-1.9949527770280837,0.011665698,3900,0.0003,-0.14548175036907196,0.1111328125
