#{"t_start": 1785179567.9111412, "env_id": "None"}
r,l,t,success,freeze_attempted,d_m,alpha_deg
-6.733313,60,8.107187,False,True,0.05689848751792991,80.60805053880631
-6.107558,60,10.979551,False,True,0.10129680803387979,77.43178143780257
-6.633712,60,14.596791,False,True,0.016491639616495166,82.77038905369749
-6.558802,60,17.40051,False,True,0.0154891707767408,89.79035100229912
-6.099422,60,21.170792,False,True,0.14122603314995588,81.60928058912437
-6.082229,60,24.155463,False,True,0.08273275544375376,88.95683726070104
-6.265833,60,27.716137,False,True,0.0286061415537166,89.24369898416754
-6.20029,60,30.568482,False,True,0.03665505317400625,86.99909376986665
-6.057094,60,34.22742,False,True,0.15683477823861677,87.71965765215378
-6.139692,60,38.25694,False,True,0.08733814734518276,84.23696263740118
-6.43708,60,43.409617,False,True,0.0017324818543429411,76.6886272683218
-6.114565,60,47.039222,False,True,0.05817848761961514,79.71224433012414
-6.304378,60,51.053509,False,True,0.05161039859489899,80.64964995093138
-6.893932,60,53.932745,False,True,0.019673120251167985,84.1644493072769
-6.591597,60,57.375596,False,True,0.05206611991252089,85.61360145014304
-6.662198,60,60.21066,False,True,0.03857904169524251,72.02307524430067
-6.284713,60,63.003013,False,True,0.04322297876416561,77.3622029834934
-6.1417,60,66.572391,False,True,0.061988973689790325,88.78157713802139
-6.201251,60,69.399702,False,True,0.08470131277352021,81.67032456427792
-7.034793,60,72.930093,False,True,0.013451490274078066,82.26173025639552
-6.055179,60,75.749744,False,True,0.08940297253701747,80.93283578453034
-6.910651,60,79.406105,False,True,0.0288939641850183,76.99204762100352
-6.101114,60,82.129915,False,True,0.07835386368757825,89.7644783777559
-6.209551,60,85.655611,False,True,0.08700602837077613,83.51076067331954
-6.267861,60,88.511961,False,True,0.0797865006166882,76.86338738046653
-6.256186,60,92.030009,False,True,0.06747123134922198,80.36800261576418
-6.397517,60,94.872817,False,True,0.04523968246404694,82.0791264325314
-6.483622,60,98.384126,False,True,0.03655618603221493,84.67345251108885
-6.54845,60,101.191969,False,True,0.012114695566005832,85.08228738159636
-6.525737,60,104.694396,False,True,0.06558374234213818,73.13914229304315
-6.167747,60,107.483228,False,True,0.021178080414401057,81.05296808956878
-6.70936,60,110.288187,False,True,0.011837965218797155,86.13654272264712
-5.873852,60,113.957829,False,True,0.049634987320515994,89.33970153967962
-6.290937,60,116.872073,False,True,0.049595589886217276,89.15502970286757
-5.987451,60,120.492729,False,True,0.11638517383311527,83.69928742903164
-5.939307,60,123.282592,False,True,0.016557469381881487,85.50095292088257
-7.396874,60,126.857763,False,True,0.009058372767018139,82.37323534064906
-6.442167,60,129.710565,False,True,0.010637627422858847,85.1585928023641
-6.065859,60,133.255928,False,True,0.10025400490823808,85.7226835824955
-6.64626,60,136.104484,False,True,0.009135980266933982,83.7267194204585
-6.076403,60,139.721769,False,True,0.06023907154543578,74.29666343506577
-6.737121,60,142.538024,False,True,0.02123674264935268,80.48493494194777
-5.532204,60,146.108362,False,True,0.001843515475947895,88.14666241682824
-6.146298,60,148.911352,False,True,0.013783889773473897,82.50556298654773
-5.856098,60,152.434399,False,True,0.009198957296421109,76.16976727755114
-6.149514,60,155.317221,False,True,0.08589967709184526,76.82176602541476
-5.744312,60,158.947824,False,True,0.05568583236439834,85.43687990058838
-6.086562,60,161.736711,False,True,0.07995621200957236,86.718233067574
-6.589181,60,164.567573,False,True,0.02101880171238195,77.57842489054082
-6.410158,60,168.104491,False,True,0.03228308390877374,88.2881097857218
-7.417118,60,170.96252,False,True,0.010116368752144505,83.07699827790333
-6.041698,60,174.51588,False,True,0.05289443559076869,79.35122943500805
-5.988439,60,177.321737,False,True,0.0023811716680983324,77.57431234000768
-6.038517,60,180.86431,False,True,0.08733484111534714,70.8013670461822
-5.876043,60,183.652579,False,True,0.04028169530240072,84.70671067927813
-6.995873,60,187.172379,False,True,0.03988576549201503,85.43028986715277
-6.479316,60,189.95545,False,True,0.04206420772054001,82.34268641581394
-5.878655,60,193.466274,False,True,0.07024360786548436,82.04063838202732
-7.178359,60,196.358187,False,True,0.03811562868541523,77.9091217158562
-6.156992,60,200.01261,False,True,0.004785321777950071,79.97122966371046
-6.371437,60,202.827628,False,True,0.0684080646943259,88.46385466895829
-6.088868,60,206.332362,False,True,0.04243206978840802,85.95813649289472
-5.515105,60,209.17452,False,True,0.018928771788124094,79.58698223794015
-6.838512,60,211.95162,False,True,0.03969230971041295,85.87967364550622
-5.530923,60,215.543402,False,True,0.027069986533642745,77.3229179641367
-7.486849,60,218.553206,False,True,0.02616774268876406,84.63603116462738
-6.375379,60,222.315719,False,True,0.038946374896655395,76.1228865361501
-7.100071,60,225.101589,False,True,0.026134090835448178,76.554604455256
-6.040716,60,228.683794,False,True,0.11713865598687807,71.97800425316022
-6.362128,60,231.509619,False,True,0.011387871726206063,89.31119398130156
-6.162229,60,234.97458,False,True,0.004254070519468113,83.34622053490413
-6.019282,60,237.848802,False,True,0.05604840061812776,84.31701446100774
-6.72011,60,241.34784,False,True,0.027001258336719562,78.56062023536604
-6.582763,60,244.121301,False,True,0.03480741225492325,73.42378809173822
-6.565373,60,247.636723,False,True,0.019354175822871432,82.55481748654239
-6.470373,60,250.577503,False,True,0.06382040785710427,80.53230558709294
-6.243426,60,254.085145,False,True,0.09125113651420963,83.63595654093723
-6.751835,60,256.937948,False,True,0.0071735549098479595,76.97591409106829
-7.331009,60,260.590725,False,True,0.01888590033048563,81.97211865744866
-6.308824,60,263.419958,False,True,0.01216624931380321,86.4772208401382
-7.263229,60,266.191906,False,True,0.03081724428011105,83.32667638452178
-5.843167,60,269.698824,False,True,0.05666299155781499,74.77938312394768
-7.027316,60,272.500077,False,True,0.03524199008916651,83.95313207302324
-6.557584,60,276.049442,False,True,0.004104516974582539,61.4422289873617
-6.016167,60,278.854883,False,True,0.11840166279776505,72.5961411764911
-7.148807,60,282.3538,False,True,0.011982037143301868,65.9085588495077
-6.990966,60,285.141928,False,True,0.02874534920495434,67.56537354528683
-6.691683,60,288.781814,False,True,0.03882321600458015,59.872978466089194
-6.709028,60,291.556608,False,True,0.008585053247632958,60.06580074410472
-6.452376,60,295.055877,False,True,0.04148248413688873,75.5233927751613
-7.510295,60,297.861032,False,True,0.0366485848586739,68.6034939365516
-7.047903,60,301.43322,False,True,0.003848816272508696,66.92082836039756
-6.514146,60,304.242553,False,True,0.042775168698610234,80.93735986919644
-7.162946,60,307.809266,False,True,0.0014491788534520857,89.59193149519321
-7.210395,60,310.650916,False,True,0.018021176178054897,73.21774788428597
-6.462947,60,315.306174,False,True,0.043787007845640644,70.51632254620658
-7.519804,60,320.957104,False,True,0.01980297091881443,73.49236206758624
-6.17627,60,324.173415,False,True,0.06515495946489924,71.01789532431694
-6.220539,60,328.005382,False,True,0.07948047813191832,72.34963542862383
-6.088003,60,330.774462,False,True,0.08327312600221924,73.04357448818428
-6.071219,60,334.328872,False,True,0.053755479473864186,49.43439189225637
-6.471084,60,337.151937,False,True,0.05428759881649523,65.20318662130667
-6.075646,60,341.570162,False,True,0.011797705004246116,66.77331985386094
-6.030169,60,345.931072,False,True,0.09987743097995923,75.25188848627023
-6.188418,60,351.610743,False,True,0.04582147560607715,82.22194505379095
-6.095959,60,355.636148,False,True,0.09476671525439927,76.87531231174178
-6.939646,60,360.244084,False,True,0.0005591403805268952,72.30569282331452
-6.858442,60,363.244327,False,True,0.010314490851724792,85.89086132533942
-7.8907,60,366.947199,False,True,0.04674344674848083,69.20392604698219
-6.194342,60,370.109529,False,True,0.016027594288669702,67.70677654549303
-6.301286,60,374.36653,False,True,0.0372600073987438,73.24752782209056
-6.009897,60,377.617273,False,True,0.0921923993074547,88.59038946294146
-6.506917,60,380.62634,False,True,0.034185893629637254,81.5495137246428
-5.955464,60,384.88843,False,True,0.07123935277942607,88.44685133425372
-6.092145,60,388.084104,False,True,0.08466786831875303,86.68542681873822
-6.429363,60,392.488608,False,True,0.017827602865712715,78.29301000517651
-6.116946,60,395.713971,False,True,0.08557719104613867,76.22620328625057
-7.239376,60,399.450325,False,True,0.005551679159773228,80.16379405107087
-6.397264,60,402.329313,False,True,0.006247634040590894,69.03546628638003
-6.365315,60,406.310259,False,True,0.02197859542110306,58.72488364079735
-5.780159,60,409.29592,False,True,0.024469005359562958,80.70881618322142
-6.173343,60,414.962769,False,False,0.04101464188121255,87.34683252891018
-6.238623,60,418.922672,False,True,0.06689913273365533,81.8628314518335
-6.049811,60,423.32145,False,True,0.07473921277547715,85.60327918249152
-6.067724,60,426.674217,False,True,0.05509538304365825,83.50890634355898
-6.419518,60,430.821172,False,True,0.005760329179723904,56.99828098415084
-6.125053,60,433.946077,False,True,0.01787485460066275,76.74455026261623
-5.897759,60,438.114748,False,True,0.04255535964573177,82.26322105114782
-6.37389,60,442.519442,False,True,0.02736215798364263,89.3533041669834
-7.45449,60,445.895525,False,True,0.029380367605064333,88.14757600496618
-7.636995,60,449.988153,False,True,0.044995325631244774,74.86316025887723
-6.10148,60,453.102963,False,True,0.05229951548497169,68.9953046074741
-6.364008,60,457.168596,False,True,0.046152478766366536,88.9292842058981
-6.660142,60,460.678475,False,True,0.008489795575430933,79.076025571038
-6.168993,60,464.325534,False,True,0.04100744874440817,83.1805621745722
-6.12777,60,467.304186,False,True,0.05918331399011675,79.78201207677226
-6.461502,60,471.009549,False,True,0.051507712587570774,66.77502909889762
-7.413692,60,473.928406,False,True,0.028345634165338283,69.15411205766046
-6.164374,60,477.826386,False,True,0.012553037083032154,44.20056271439696
-7.422326,60,480.67281,False,True,0.012481365163185074,62.73223254365956
-6.8666,60,484.207384,False,True,0.0296712589240229,61.13204224617983
-7.033364,60,486.94492,False,True,0.006039838706454139,58.85301005985964
-6.39468,60,490.588629,False,True,0.034504625433635465,64.90542502061649
-7.071501,60,493.581203,False,True,0.038705688517060105,76.26711386087055
-5.770903,60,496.519749,False,True,0.01838656442992783,53.68356391867764
-6.386184,60,500.088686,False,True,0.02049281709084634,76.64386607630667
-7.325707,60,502.970771,False,True,0.022031032021873825,30.33707669490462
-7.015052,60,506.461826,False,True,0.04257624780709218,63.06026145666815
-6.510644,60,509.263594,False,True,0.01535283410119637,66.59299514312328
-6.837338,60,512.750247,False,True,0.011429462204034662,62.102529505256456
-6.105651,60,515.533042,False,True,0.061583408122204746,63.1083198062286
-5.907022,60,519.182002,False,True,0.0022965131269931834,46.978925091579335
-6.763275,60,522.049188,False,True,0.02864302578976633,69.80411069124446
-7.430875,60,525.533629,False,True,0.0227788067432961,77.6008489120495
-6.847289,60,528.415725,False,True,0.04587953886339725,62.90872905081486
-7.584829,60,531.989001,False,True,0.04065791934891194,72.14701196655504
-7.026971,60,534.764906,False,True,0.025075467713484775,72.65269659569455
-6.585003,60,538.251509,False,True,0.004821793478189521,59.062476658453186
-6.870228,60,541.004593,False,True,0.03350230211046512,74.34370441935206
-7.619314,60,543.789216,False,True,0.021471307161920784,80.90793732618768
-6.710064,60,547.350112,False,True,0.01719290620715691,75.46052270889436
-6.676286,60,550.260014,False,True,0.014376491783192103,67.57499071221534
-6.775275,60,553.793087,False,False,0.02604478885114457,52.674647259108326
-6.186407,60,556.740088,False,True,0.09083918537147712,66.17265074819824
-6.393944,60,560.844589,False,True,0.005587158849920693,62.67171573566199
-5.758969,60,563.710948,False,True,0.00216921447219854,81.46767458307642
-7.387214,60,567.808854,False,True,0.03138071661628977,59.804452536363286
-6.203825,60,571.548279,False,True,0.07461752041981345,72.91425751900995
-7.042274,60,575.237969,False,True,0.03208236710401989,81.75842432662412
-5.984483,60,578.11986,False,True,0.0650770154463638,81.62047899999546
-6.276432,60,581.735342,False,True,0.07421590114849985,71.00657735561099
-7.858329,60,585.760448,False,True,0.04433103654616625,83.01136189530943
-5.887116,60,590.722633,False,True,0.0933767305050877,89.58408324707538
-6.542231,60,594.218102,False,True,0.004945784680722427,67.27106927110684
-6.355796,60,598.221393,False,True,0.014490837748046437,56.261149911869204
-7.400288,60,601.447085,False,True,0.019279165284848833,80.87309127167809
-6.60889,60,604.741824,False,True,0.017515081686979607,83.81615019790074
-7.245078,60,608.303349,False,True,0.0210332564179366,65.25110338922609
-5.84183,60,611.192638,False,True,0.08250044726817433,76.41542429160177
-6.279186,60,615.016704,False,True,0.0683113623712869,73.8811003390378
-6.130722,60,618.00091,False,True,0.05847998323155045,78.90033420710844
-6.717976,60,622.049968,False,True,0.0364460243101694,79.38686089227075
-6.229225,60,625.265738,False,True,0.03423753653627371,80.56738479724747
-7.181376,60,629.369287,False,True,0.016890377025549786,74.84544739114521
-6.058694,60,632.187529,False,True,0.11699796437875579,73.83839889729984
-5.825341,60,635.805019,False,True,0.05228802156682805,55.60725901572687
-6.699919,60,638.677862,False,True,0.011348698253432371,76.31461195235329
-7.489961,60,642.149819,False,False,0.022554955715132594,76.62872191083797
-6.43647,60,644.971629,False,True,0.04264486934859158,73.50578959699612
-6.952931,60,648.486773,False,True,0.017316971913135047,64.86604967080304
-7.188162,60,651.213217,False,True,0.0019638842058272363,76.35512163075407
-6.896043,60,654.032005,False,True,0.013625293308696725,83.6059671105186
-6.115207,60,657.89406,False,True,0.07466432482501327,79.98219521811801
-6.532494,60,660.651594,False,True,0.04477786948079011,78.67217355444268
-6.082542,60,664.132543,False,True,0.035382814084869665,87.60166339587823
-6.799973,60,666.892993,False,True,0.01361588365529414,55.74511475092961
-6.373054,60,670.399519,False,True,0.05382401938830658,81.58795238405098
-6.564422,60,673.253361,False,True,0.02346024279786663,69.24342652237968
-6.270915,60,676.944575,False,True,0.04714406835082352,77.49981121820511
-6.390793,60,679.681141,False,True,0.02105993100734946,83.38179502282672
-6.433462,60,683.157877,False,True,0.03531899738138264,77.5859694780485
-6.129226,60,686.012988,False,True,0.025369204835310154,76.73571273331143
-6.329614,60,689.570692,False,True,0.0193364421743976,70.6140763523845
-6.037415,60,692.380454,False,True,0.07153115403744482,85.7088699119812
-6.267901,60,695.877378,False,True,0.007805655300149525,60.27868226644448
-5.942973,60,698.65353,False,True,0.08771770797827948,64.97160616674257
-6.291498,60,702.21393,False,True,0.002389402940145363,68.420144084398
-6.542694,60,705.038086,False,True,0.03416592368235152,85.6885498240714
-6.100046,60,707.820974,False,True,0.0028365735732271934,88.73380574661044
-5.988297,60,711.400095,False,True,0.038220812691770356,62.645060636047866
-6.602306,60,714.223396,False,True,0.029592777102190163,66.58936110670184
-6.796679,60,717.730691,False,True,0.043032064807140724,85.56905696924798
-5.905808,60,720.575134,False,True,0.06788438790286214,83.03529326738177
-5.937477,60,724.143155,False,True,0.03492773546385131,87.13384563132809
-6.001655,60,727.061228,False,True,0.017836649084570284,82.94652118975817
-5.888326,60,730.585016,False,True,0.06300106511015709,76.20069990917949
-5.897878,60,733.476993,False,True,0.017356656209089848,80.75493729484916
-6.57948,60,736.980644,False,True,0.04022212924314009,59.93946421334638
-6.079609,60,739.785579,False,True,0.07908957278171241,89.1931581398077
-7.245976,60,743.375209,False,True,0.03877163093645357,80.05290898125153
-5.804376,60,746.131205,False,True,0.056182705638269485,74.83718415453777
-6.683985,60,749.737153,False,True,0.007254806806104529,65.00500792827359
-5.967763,60,752.648859,False,True,0.10761294757821874,84.7813653694649
-5.947208,60,755.623939,False,True,0.04856054033136369,59.69492082592909
-5.971097,60,759.234127,False,True,0.04292682704856377,86.75697357337576
-6.353392,60,762.111305,False,True,0.05098961899238827,67.24255011643316
-5.877984,60,765.626584,False,True,0.06559951309509784,44.423203281600465
-5.913038,60,768.464579,False,True,0.011821422435128506,60.64035452547307
-6.212465,60,771.955404,False,True,0.05721603300339735,71.51484478323476
-5.309029,60,774.846447,False,True,0.006126714982875682,72.56675062309714
-5.883037,60,778.346539,False,True,0.007818596396401731,52.89525283985649
-5.927835,60,781.159173,False,True,0.046493593042098505,66.8511699707522
-6.942334,60,784.694003,False,True,0.020724340622120536,40.71007964909362
-5.434964,60,787.524231,False,True,0.03227836772559878,80.30398245386974
-6.315878,60,791.059972,False,True,0.05661921303829723,68.81793193764832
-5.259575,60,793.973061,False,True,0.014261511449002482,75.19092019101892
-6.599793,60,798.552913,False,True,0.017226296122549868,79.03505027346199
-6.422866,60,802.222648,False,True,0.03104819922282126,64.6863474392486
-7.024322,60,806.903381,False,True,0.03818879510989534,67.96661979600182
-5.93769,60,810.085557,False,True,0.0804941115770928,80.7580905093228
-7.044237,60,813.295877,False,True,0.03174813608315787,86.03007224416893
-6.027025,60,817.403459,False,True,0.08156327727143872,79.5402003951939
-5.774952,60,820.440857,False,True,0.05726207511695195,79.39083684855771
-5.981698,60,824.052788,False,True,0.0737665149154418,87.26244372575258
-5.791721,60,826.920111,False,True,0.01472195158366733,86.79617807359818
-6.038143,60,830.644911,False,True,0.04221564760742367,86.85914745588087
-7.32107,60,833.480636,False,True,0.006775953623279518,77.55287706411882
-6.793689,60,836.943308,False,True,0.05284377723991184,85.1737866551086
-6.167415,60,839.65313,False,True,0.036324446725542095,80.04778807709313
-6.639649,60,843.096083,False,True,0.03928457965045671,81.95054796668951
-5.956306,60,846.026683,False,True,0.06686598876352857,74.99571664836407
-7.176734,60,849.679985,False,True,0.012680369979592465,84.66747147859851
-6.814207,60,852.644556,False,True,0.01955054368538445,87.03219703662884
-6.949722,60,856.155101,False,True,0.04042460052513931,85.63260172945698
-6.757038,60,858.949717,False,True,0.004146562233117532,80.70580265708907
-6.857591,60,861.708892,False,True,0.009642462224613152,84.48605996277317
-7.064955,60,865.256139,False,True,0.026997193161300094,80.64794480179883
-7.779071,60,868.002,False,True,0.05231822652733718,84.67715398672912
-5.755647,60,871.444291,False,True,0.03999455543387367,80.28360652802718
-5.57574,60,874.232315,False,True,0.019255752498859368,82.55482317996912
-5.757333,60,877.730575,False,True,0.05954069300370918,83.89341124139801
-6.037852,60,880.528136,False,True,0.07824312615770894,82.52532853511306
-6.500684,60,884.013139,False,True,0.0023592020562341644,88.76623889255251
-6.318223,60,886.818816,False,True,0.025664569988026423,81.86227599555339
-6.237324,60,890.383878,False,True,0.019435910670305562,76.86367150616958
-7.44336,60,893.25088,False,True,0.018991315762090757,79.70781631006466
-5.796926,60,896.726797,False,True,0.02530840883900992,82.47550679494812
-7.805568,60,899.529151,False,True,0.05547155922152265,83.92494198259587
-5.772746,60,902.917888,False,True,0.03845216121654933,84.80912524414828
-5.52027,60,905.657222,False,True,0.030259748685347095,89.41446008265638
-7.278242,60,909.205151,False,True,0.04826485555829166,88.95723068932374
-6.722236,60,911.923756,False,True,0.05523083148905481,84.62906077035258
-5.554113,60,914.743525,False,True,0.028890707272853564,83.5292010680472
-5.980363,60,918.270945,False,True,0.10129619289254618,86.77914463124358
-5.330682,60,921.081534,False,True,0.009911016184534174,73.06552641845293
-5.72757,60,924.64594,False,True,0.043331102082588585,87.30177159067696
-6.051933,60,927.418523,False,True,0.06326335150713576,85.15708591770337
-6.65369,60,930.897712,False,True,0.011712103029186231,79.98046260072995
-6.625581,60,933.738346,False,True,0.038117145529097216,76.69058309730154
-5.863438,60,937.24708,False,True,0.030274700057819577,82.93863632341196
-6.888819,60,940.043891,False,True,0.00578629146641965,71.88228314401034
-6.676893,60,943.563458,False,True,0.041725426123503176,88.18230208268109
-6.692666,60,947.143064,False,True,0.012286954354457646,70.77646708318619
-5.968593,60,950.916293,False,True,0.05476389902234047,81.52460871614798
-5.703582,60,954.060869,False,True,0.0009113961389783896,83.03890293468979
-5.892458,60,957.566047,False,True,0.059908409704362106,78.46577818318424
-6.216381,60,961.08278,False,True,0.0623278912080059,85.866896525325
-6.816435,60,964.75796,False,True,0.0148518739489708,86.22153028748286
-6.16163,60,969.66777,False,True,0.05507703988359813,81.01545827836256
-6.20968,60,972.969151,False,True,0.013180682919488287,87.78662002728728
-6.399261,60,977.065589,False,True,0.04042788261712579,74.2255220403057
-5.627827,60,980.443727,False,True,0.011838670636433702,75.95748465235305
-6.99789,60,984.304511,False,True,0.0008481164250877925,74.34404327221618
-5.755651,60,987.179389,False,True,0.01676496444952428,88.16624419880281
-6.646309,60,990.781257,False,True,0.0035771227411983807,88.0636301006607
-6.167241,60,993.571337,False,True,0.008253502611117534,82.58255408473933
-6.548138,60,997.134275,False,True,0.025460664512862895,89.53661427642045
-5.971197,60,1000.043975,False,True,0.05062730296788112,89.90418153228725
-7.189446,60,1003.523608,False,True,0.02909657864822945,89.53949836000135
-6.179299,60,1006.333029,False,True,0.05727851544922995,72.67407790021981
-6.467501,60,1009.84355,False,True,0.046683943578784214,87.1426606847784
-6.505685,60,1012.657554,False,True,0.015048689703729414,70.19045694557434
-6.110359,60,1016.148809,False,True,0.060296947076800556,73.62216006389947
-6.304434,60,1018.938078,False,True,0.0748975361959325,86.23202075970285
-6.257228,60,1021.809695,False,True,0.05270888406097784,75.96783119718233
-6.912909,60,1025.398679,False,True,0.01427889272526145,68.98036151562133
-6.469646,60,1028.278491,False,True,0.03569571687529775,83.36733187064819
-5.945623,60,1031.765034,False,True,0.08807532444667378,74.11089942843935
-7.46894,60,1034.67202,False,True,0.019606037473140336,63.58495787587832
-7.250639,60,1038.310311,False,True,0.026080252687120307,88.24328970676184
-6.087606,60,1041.182709,False,True,0.08596191537915653,68.81602091823166
-5.983789,60,1044.691066,False,True,0.15650481647705936,58.28698314710656
-7.050708,60,1047.448743,False,True,0.045828973297929496,56.069832704003275
-6.151959,60,1050.949636,False,True,0.04143336300200007,71.8820661032135
-7.044913,60,1053.721386,False,True,0.019189216723097088,76.71859424239743
-6.296971,60,1057.270332,False,True,0.06382469458333345,71.19654011315109
-5.78657,60,1060.055491,False,True,0.03172648476063788,84.29286039719315
-5.93195,60,1063.542783,False,True,0.0004832532454221864,76.18752821519415
-6.916413,60,1066.390516,False,True,0.020994955316622935,84.21642202748578
-7.11723,60,1069.155693,False,True,0.022325642063629483,74.37982102109441
-5.663811,60,1072.655097,False,True,0.018275030990564625,68.58853969487754
-6.442294,60,1075.474314,False,True,0.024546011598543072,76.26376394857972
-5.871757,60,1078.9198,False,True,0.0708613081209646,74.43229076164047
-6.2366,60,1081.735241,False,True,0.03152265753643326,85.49634046113056
-6.373681,60,1085.229912,False,True,0.03164794537053242,72.20957513299331
-5.880279,60,1087.994493,False,True,0.011128645963425844,84.82792376122576
-6.038102,60,1091.526786,False,True,0.08861764395729751,77.10391625939707
-6.655374,60,1094.415746,False,True,0.044640357999170155,78.73242556154538
-6.220914,60,1097.949107,False,True,0.011603435228138587,71.0593598580768
-5.727596,60,1100.783183,False,True,0.02113186407527207,83.0188236130025
-7.337074,60,1104.326951,False,True,0.021203028964632387,88.67609096034795
-7.293085,60,1107.121312,False,True,0.02718353462962741,88.82213022795051
-6.099471,60,1110.646698,False,True,0.020108989699477088,89.62289883812453
-6.129653,60,1113.485609,False,True,0.0757316397735051,80.66679325439988
-6.036591,60,1117.027238,False,True,0.07714354212832779,75.0818577675369
-6.367139,60,1119.816987,False,True,0.019771599545598165,80.53568636837004
-6.551813,60,1122.546874,False,True,0.020102193833732535,72.44747325098409
-6.05742,60,1126.422072,False,True,0.04706839324876388,82.66854311871225
-7.524584,60,1129.235043,False,True,0.022874879401509098,71.96259514725502
-7.080771,60,1132.70865,False,True,0.03249276976245803,77.16362788538746
-6.267756,60,1136.018335,False,True,0.03061363719815667,81.26261614637579
-5.822157,60,1141.158542,False,True,0.02299173653994173,80.3297558948445
-5.548881,60,1144.43504,False,True,0.02600612057412959,77.91153144208087
-6.67233,60,1148.596614,False,True,0.03400592965827212,78.74302719784951
-7.125155,60,1151.807688,False,True,0.025671277664394986,71.9133685157115
-6.23286,60,1155.726157,False,True,0.01417766668089513,84.97959205471594
-6.278467,60,1158.743086,False,True,0.040953170381383394,84.23180233399674
-6.175567,60,1162.38277,False,True,0.058865671855316,71.78482506933106
-5.911329,60,1165.501024,False,True,0.0003370141734184984,83.67373149703118
-6.315826,60,1169.127874,False,True,0.029272945949725276,88.46810181450442
-6.620129,60,1172.196435,False,True,0.05402807554701204,76.19387714037798
-6.413298,60,1175.099141,False,True,0.028286128580028484,87.13745674203582
-6.310568,60,1178.685416,False,True,0.03066955718939512,81.7156309383479
-7.180988,60,1181.456187,False,True,0.01581163161481182,54.84824909989315
-6.42727,60,1184.998537,False,True,0.04502665494159142,79.73503311660296
-6.791789,60,1187.785789,False,True,0.04341814083456594,85.63688249176295
-7.478406,60,1191.234553,False,True,0.03259887016077125,85.56633823078857
-6.766753,60,1194.350514,False,True,0.026327464949724252,70.00616613865621
-6.046446,60,1198.018942,False,True,0.0007676050400267607,78.76436227129102
-6.15723,60,1200.842202,False,True,0.04563434615099256,64.14273587236603
-6.797789,60,1204.331578,False,True,0.06456127850603538,82.71613911879649
-7.017959,60,1207.162533,False,True,0.04870875804314843,78.43589371690453
-5.958981,60,1210.657438,False,True,0.06260435084078655,80.31014133480802
-6.130055,60,1213.447681,False,True,0.06371895626005003,83.50590144856544
-6.365664,60,1216.995806,False,True,0.000154865713571485,67.1738540144964
-6.007438,60,1219.844718,False,True,0.08379595054259237,71.6763224586209
-6.319251,60,1223.314685,False,True,0.0550795090871941,56.57062725615959
-5.973071,60,1226.163151,False,True,0.06575474091913859,89.16960712363034
-6.737223,60,1228.961661,False,True,0.015251749428578137,87.13578731532772
-6.258554,60,1232.519782,False,True,0.08642744362280762,80.98705864371291
-6.309828,60,1235.346129,False,True,0.028364404701775547,77.26504384946954
-5.887604,60,1238.836928,False,True,0.05474519882484864,87.4352935397964
-5.907016,60,1241.582839,False,True,0.046662127178235896,75.33963996880931
-6.168953,60,1245.144136,False,True,0.07620683757112152,84.07812230646236
-5.921057,60,1247.930318,False,True,0.06204165327747692,75.18132323506889
-7.336378,60,1251.515465,False,True,0.0505609287619168,88.86772399251558
-6.709514,60,1254.33492,False,True,0.04487978782370412,72.05796470735075
-5.872837,60,1257.847752,False,True,0.046400942868302354,84.28631842519299
-6.083074,60,1260.808142,False,True,0.07481127482323338,71.02955037501424
-5.930108,60,1264.513265,False,True,0.08369387296228087,79.04282281795398
-5.816375,60,1267.307446,False,True,0.051380412781265886,83.22015114308849
-6.192544,60,1270.803197,False,True,0.014428772272396315,87.48934588937313
-6.50458,60,1273.724599,False,True,0.034009564689076704,85.24053626361076
-6.034363,60,1276.576741,False,True,0.09976577766985756,72.7487168737125
-6.108075,60,1280.116029,False,True,0.07638701831140654,73.69492581393916
-6.229135,60,1282.865283,False,True,0.0880998632023876,78.5208731721676
-5.979252,60,1286.383763,False,True,0.07344679196439574,63.95810811559071
-6.970805,60,1289.109392,False,True,0.036021325567972745,80.94166392482718
-6.268584,60,1292.608952,False,False,0.03484607803047103,82.3223078498559
-6.10276,60,1295.43646,False,True,0.04124874145159296,76.81097779753378
-6.393978,60,1299.203974,False,True,0.008844740885085465,57.690284946310946
-5.743991,60,1301.981262,False,True,0.019803276075516525,71.14174308395489
-6.776094,60,1305.564033,False,True,0.013011987969197215,87.45286999463178
-6.347278,60,1308.643307,False,True,0.04993378719766707,82.48374351965874
-5.824484,60,1312.108632,False,True,0.03946645381317538,74.05412860325616
-6.404079,60,1314.839026,False,True,0.021459443569219683,65.32120968789681
-6.339522,60,1318.264012,False,True,0.03762329152336916,89.88257865982803
-6.714913,60,1321.013509,False,True,0.001954709553021697,58.08061223944591
-6.126081,60,1324.597477,False,True,0.04603557827219259,79.57355217676492
-6.308224,60,1327.471976,False,True,0.006996080205552645,78.14286458626623
-5.53239,60,1330.293533,False,True,0.02880405062792362,71.40219984050158
-6.519476,60,1333.780249,False,True,0.029662329457170372,80.82367310506135
-6.097943,60,1336.678931,False,True,0.032437421673719824,62.06147829511914
-6.10111,60,1340.202829,False,True,0.04531577307960113,80.07077232812644
-6.53919,60,1343.056793,False,True,0.005150921626326101,66.37928223188578
-7.174552,60,1346.56682,False,True,0.005732142155153067,86.96291774821363
-6.013589,60,1349.380469,False,True,0.003533953925740508,81.25301107236696
-5.93368,60,1352.857124,False,True,0.06837141113578397,58.98738487713466
-7.474386,60,1355.640919,False,True,0.03814272914885584,80.98089061623166
-7.552247,60,1359.169937,False,True,0.02845691157022857,83.67769387839013
-5.935042,60,1361.919146,False,True,0.021855184422133453,84.8315321445491
-5.469232,60,1365.366896,False,True,0.0008070436786865847,72.91037973316766
-6.079563,60,1368.249449,False,True,0.062400874358242285,70.94787595662372
-6.492204,60,1371.90592,False,True,0.021565914327562247,84.71934622390437
-6.415907,60,1374.694222,False,True,0.004519126192935232,84.4916072885224
-5.795169,60,1377.488011,False,False,0.03035632075130343,81.93769063350257
-6.871814,60,1380.998738,False,True,0.023413036620594026,68.91585934752545
-6.416074,60,1383.772416,False,True,0.03085064175631789,66.71169598897393
-7.278714,60,1387.287147,False,True,0.02170481873561006,80.95895768731845
-5.620383,60,1390.059697,False,True,0.011281035958441567,88.53948488643736
-5.907967,60,1393.566992,False,True,0.07248261381564944,84.43648001077318
-7.408392,60,1396.397342,False,True,0.03379916510026951,84.5633242436139
-6.578028,60,1399.9707,False,True,0.0026590111117592123,66.46924366426049
-6.164149,60,1402.8648,False,True,0.014773502011423975,64.15653116926487
-5.732771,60,1406.637933,False,True,0.04514169250808009,80.91398053701243
-5.753221,60,1409.469274,False,True,0.043064460369846964,62.37755191641888
-6.310354,60,1412.963203,False,True,0.02827854558481696,86.56943382032408
-5.519888,60,1415.83484,False,True,0.0020800807172640916,72.22731719940435
-6.319211,60,1419.349964,False,True,0.049924339530765444,81.47382487396781
-6.856671,60,1422.150308,False,True,0.04340597321979507,55.2848986064688
-6.930873,60,1425.628663,False,True,0.01579079989483669,68.76189498990497
-6.1089,60,1428.464122,False,True,0.08639975474548371,86.77353949360852
-6.66129,60,1431.24478,False,True,0.06817950527707142,82.12563761495613
-6.883686,60,1434.745931,False,False,0.012963726601291248,71.02854536545979
-6.34935,60,1437.47025,False,True,0.04754822176869557,69.15322209190022
-6.242703,60,1440.930239,False,True,0.00850457736154333,75.22732135799731
-5.72982,60,1443.766815,False,True,0.04137616363052317,61.249413764353825
-6.282208,60,1447.226242,False,True,0.05264505380666172,72.9422138490027
-6.427034,60,1450.021335,False,True,0.04604726139148986,89.9142367604305
-5.859395,60,1453.468867,False,True,0.07303887326135311,70.47212559199107
-5.985155,60,1456.250398,False,True,0.09213218743222595,70.10780042885096
-6.98872,60,1459.844692,False,True,0.04190017565388081,69.80731128494257
-5.734145,60,1462.604246,False,True,0.05069289799923369,65.67069595490052
-6.339292,60,1466.321004,False,True,0.02143845209799627,81.2512159491684
-6.666709,60,1469.29582,False,True,0.028111893454816884,79.5893699998957
-6.079053,60,1472.784248,False,True,0.02608934305578646,75.84177171601934
-5.780238,60,1475.5286,False,True,0.034579771894835055,78.24441435639987
-6.489775,60,1478.31076,False,True,0.0030209646211999,87.05606744761496
-6.347311,60,1481.766015,False,True,0.0038585235447095613,71.70602203741682
-6.056993,60,1484.520914,False,True,0.025915738948805805,81.45438468398206
-5.530336,60,1488.120075,False,True,0.0445555509802684,83.43021513725269
-7.476873,60,1490.849392,False,True,0.02066140330839618,86.77303072771382
-6.036096,60,1494.336648,False,True,0.05823403253208696,64.98251176706688
-6.540452,60,1497.099823,False,True,0.005733033079161839,80.11855298472106
-7.669089,60,1500.621879,False,True,0.04939576985848047,84.75626632689692
-6.268371,60,1503.353013,False,True,0.03891090892651232,85.60924270535669
-5.980208,60,1506.803942,False,True,0.038092892720389175,89.34588415737166
-6.365112,60,1509.571751,False,True,0.0029143277731263663,85.76271110456489
-6.18125,60,1513.036191,False,True,0.04894993634800132,82.08323074095901
-5.404758,60,1515.892875,False,True,0.010551660967998332,82.31422992332526
-6.010839,60,1519.431645,False,True,0.07599433334152882,82.97122271384306
-6.020856,60,1522.173839,False,True,0.03191295912025262,75.24876145189745
-5.596541,60,1525.813014,False,True,0.019358118791146354,84.0133245040732
-6.209836,60,1529.167657,False,True,0.04889352405928044,86.42112052295187
-5.970511,60,1531.95945,False,True,0.047788894240884054,86.04013493211957
-7.737456,60,1535.434873,False,True,0.03173654677473108,82.35388648123549
-6.690561,60,1538.191923,False,True,0.03766729855779484,85.43765026410013
-6.643191,60,1541.847608,False,True,0.006101141340253611,83.9063777309875
-5.622437,60,1544.630101,False,True,0.00710451795884577,79.34736495997502
-7.149324,60,1548.251274,False,True,0.06422441192880875,79.22580726663024
-7.484344,60,1551.118674,False,True,0.021639221736402585,79.65187299803831
-5.928076,60,1554.617144,False,True,0.07110132022968976,71.44777821258162
-5.95826,60,1557.402769,False,True,0.10414864457752927,89.46624251372657
-6.517401,60,1560.86573,False,True,0.04766488435941906,86.30630650356017
-6.566356,60,1563.627269,False,True,0.04114285615015867,88.03229423696493
-6.586461,60,1567.145651,False,True,0.0049047734586962904,83.68220157829728
-6.612472,60,1569.905952,False,True,0.03691926338979581,69.60721866659644
-5.761951,60,1573.346552,False,True,0.024950756086033983,80.94683055960611
-5.910693,60,1576.148767,False,True,0.06324672131512116,89.35395505771295
-6.340838,60,1579.054387,False,True,0.06772879368683135,71.21619811433706
-7.688135,60,1582.577185,False,True,0.046741933247231165,70.52793286700825
-6.040589,60,1585.390478,False,True,0.07216964718620181,69.95866767270611
-6.232482,60,1588.859542,False,True,0.05591108505361291,77.22688137809915
-5.972073,60,1591.594496,False,True,0.11318693794478075,73.21761555117692
-7.071195,60,1595.143044,False,True,0.01557016967921033,67.65708884847159
-7.00035,60,1597.926605,False,True,0.029461686004887626,77.7591144299066
-6.483202,60,1601.438776,False,True,0.06497490409413692,80.77320031804416
-6.836205,60,1604.198767,False,True,0.041317108586547295,81.10166571391342
-6.502499,60,1607.708142,False,True,0.0017380490662310746,71.7888140638896
-6.57299,60,1611.245945,False,True,0.012264839292807398,74.73132527031713
-6.052631,60,1615.025438,False,True,0.07810474725967934,57.39397686763346
-5.724842,60,1618.374821,False,True,0.007633322997956539,79.98657879462442
-6.197894,60,1625.924349,False,True,0.07068992207754185,81.57703382554982
-5.807441,60,1630.395394,False,True,0.038793296505466396,65.79177082906071
-6.141194,60,1635.480456,False,True,0.05048457780419408,74.59505097341375
-6.078532,60,1639.118718,False,True,0.06656774288934682,82.34535996534628
-6.462572,60,1642.477095,False,True,0.043811298669151066,79.01760411422222
-6.144067,60,1646.540132,False,True,0.05752735665812626,77.62547618382882
-6.251433,60,1650.371431,False,True,0.00426104929583683,65.42528864646044
-5.985026,60,1654.888085,False,True,0.0832577820872215,77.6128601365768
-6.976214,60,1658.172487,False,True,0.01510583031392063,87.61384608812567
-6.221905,60,1662.725889,False,True,0.033328394710566873,79.59357499572042
-6.488116,60,1665.834202,False,True,0.025193431142372984,78.82194153467739
-6.594578,60,1669.341274,False,True,0.004501904864414104,79.2248602770192
-6.242806,60,1672.212425,False,True,0.04699803389643224,75.76258486620617
-6.544543,60,1675.678277,False,True,0.05999423079087826,80.16620319213494
-6.840972,60,1678.488629,False,True,0.02084097860438197,84.7939172295073
-5.723142,60,1681.951719,False,True,0.03347927562797119,64.3772339467647
-7.517304,60,1684.750569,False,True,0.021745237739000174,60.87037019947059
-7.21053,60,1688.38026,False,True,0.001398488700607381,63.34950340663226
-5.837262,60,1691.233638,False,True,0.042183494271426904,66.46198398422577
-6.724352,60,1694.146183,False,True,0.05458700120404199,79.37880425815177
-7.256228,60,1697.72239,False,True,0.012251794368249382,88.41400463160102
-6.122365,60,1700.552897,False,True,0.02501518536754902,86.1692421328114
-6.286411,60,1704.011699,False,True,0.1141260250598467,88.38354349710849
-6.199964,60,1706.89199,False,True,0.07144864924717996,54.22819165539445
-6.505985,60,1710.409356,False,True,0.049876006546234045,85.65524828077545
-6.4719,60,1713.168607,False,True,0.026597282355901926,77.04018157096867
-6.025203,60,1716.808012,False,True,0.08972701892640161,79.90115704307041
-5.951356,60,1719.572684,False,True,0.028260397425343114,64.29577610299421
-5.629302,60,1723.000743,False,True,0.01020744401332063,73.4397294938293
-6.531879,60,1725.74016,False,True,0.02284691753503731,65.95100418972517
-6.189103,60,1729.334933,False,True,0.03357236895752419,88.36452913134251
-7.29728,60,1732.132181,False,True,0.015138419056899633,72.18177787681365
-5.910758,60,1735.646868,False,True,0.014359846674921623,74.75231795217694
-6.426129,60,1738.357289,False,True,0.030042402700643744,68.22773373915821
-5.757496,60,1741.844209,False,True,0.04460791685120016,65.60792212388772
-7.178778,60,1744.602892,False,True,0.02827894075803167,60.29246975411507
-5.839715,60,1747.450401,False,True,0.04318898697731239,78.97678123134834
-6.551234,60,1750.960187,False,True,0.061322357512213696,67.36584937676315
-6.069606,60,1753.693279,False,False,0.05055955817571904,80.8214957950954
-6.787445,60,1757.161984,False,True,0.010620762794680095,87.24339953997449
-6.055345,60,1760.068762,False,False,0.04087496425273828,65.12337566430644
-6.07038,60,1763.530148,False,True,0.04819193388891396,86.02686404705861
-7.384543,60,1766.282223,False,True,0.03507780511801527,80.26568049096497
-7.120001,60,1769.741826,False,True,0.0047255084906227575,78.95780146934631
-7.817788,60,1772.602818,False,True,0.05360828738046962,78.25747250850614
-6.661894,60,1776.17025,False,True,0.041550242572725646,85.53167215222803
-5.724286,60,1778.934554,False,True,0.0006119134380267836,85.94157929670132
-6.218942,60,1782.399411,False,True,0.030609052696725335,75.50496679055671
-7.662381,60,1785.268528,False,True,0.032759527009693125,81.28328201329163
-6.851239,60,1788.776626,False,True,0.0190343477476293,74.32351883806645
-7.712884,60,1791.75808,False,True,0.03806982453327605,64.82576355848938
-5.969363,60,1794.510821,False,True,0.10012480610765251,85.99717447078413
-5.9661,60,1798.068567,False,True,0.06823628650741564,72.200839152614
-6.74944,60,1800.850106,False,True,0.046496012362046125,78.41860411765772
-7.115147,60,1804.365743,False,True,0.01519630157235198,88.64079781095805
-5.962453,60,1807.29491,False,True,0.06040475028196141,81.65426152080559
-5.548735,60,1810.899692,False,True,0.002206696221476975,87.05542074107606
-6.456648,60,1813.825691,False,True,0.027011865461317633,71.66548962799136
-6.960395,60,1817.489512,False,True,0.029667416065958133,74.4339976918745
-6.185927,60,1820.512874,False,True,0.00867051823686743,76.58315399376966
-5.935094,60,1824.175378,False,True,0.04372526651086749,86.45473483319591
-7.051191,60,1827.137301,False,True,0.022170028862241894,85.58130125494459
-6.91108,60,1830.852775,False,True,0.027590158435558513,66.80952930025886
-6.744379,60,1833.766382,False,True,0.012268382550754922,77.70539241752923
-7.733507,60,1837.260927,False,True,0.040749583440888915,80.05693690060725
-7.266983,60,1840.097042,False,True,0.00634142451130828,87.20743830984348
-6.782209,60,1843.576955,False,True,0.026468798797807055,82.92854510087557
-5.351595,60,1846.361599,False,True,0.00844844986888765,88.52557313125375
-7.139486,60,1849.087964,False,True,0.011671606995236262,86.50835675296376
-7.083332,60,1852.734056,False,True,0.026691347941633407,71.22227313423413
-6.591295,60,1855.443964,False,True,0.012995022284306608,79.9438068838361
-7.567303,60,1859.103551,False,True,0.05739922151943891,89.62512505645975
-7.309517,60,1861.983955,False,True,0.012712475901645523,89.71533049767667
-7.08239,60,1865.549834,False,True,0.03981200986403559,89.19438009327321
-5.715482,60,1868.344331,False,True,0.03188618761125769,70.60361758314639
-6.483291,60,1871.826584,False,True,0.04735729697952128,80.83431873790873
-6.596508,60,1874.633046,False,True,0.039067516482943355,78.3710236081594
-6.657922,60,1878.136255,False,True,0.015286344864432394,72.26480920919818
-6.487266,60,1881.006915,False,True,0.005393057347616917,84.82906597679629
-7.278368,60,1884.496586,False,True,0.010213436811468609,83.39266222739126
-6.455822,60,1887.392192,False,True,0.06746125028281508,86.97111636634952
-6.060456,60,1891.090167,False,True,0.062133874213556296,83.67184461491907
-5.858899,60,1893.91931,False,True,0.0037836059986247005,82.40686939825278
-6.149567,60,1896.685438,False,True,0.03493326083183038,77.08006294825591
-5.695259,60,1900.163821,False,True,0.028691492768203927,78.6270352832909
-5.82443,60,1902.883571,False,True,0.003122396101698177,82.52805042381522
-6.583192,60,1906.566936,False,True,0.0036905391222208372,85.71100211148593
-6.894218,60,1909.716936,False,True,0.06436150957549024,87.45840008881041
-6.966812,60,1913.372234,False,True,0.0027388535280498194,71.23367214550079
-6.694648,60,1916.208139,False,True,0.05561364189397436,75.71068929999417
-6.989019,60,1919.904732,False,True,0.057211825078848755,89.42773035938448
-7.319642,60,1922.771652,False,True,0.013574460637676929,75.23400834679587
-6.144685,60,1926.396437,False,True,0.07144779817341756,79.6089628133795
-6.962887,60,1929.191258,False,True,0.0123083513067788,87.93123908262682
-6.222258,60,1933.247202,False,True,0.05443468000778687,86.93419678234707
-6.516444,60,1936.022106,False,False,0.05359554931853733,80.20711435061274
-6.860863,60,1939.491307,False,False,0.03530314032658755,81.31421605687538
-5.998404,60,1942.33291,False,True,0.05530262485667835,86.74178156046648
-6.115593,60,1945.788743,False,True,0.09498862680664119,84.02767088428396
-5.91023,60,1950.557566,False,True,0.06332034300797275,85.85574479044278
-6.663866,60,1954.399543,False,True,0.019993328182683415,88.51015239818587
-5.983813,60,1958.657175,False,True,0.016061120989117873,87.12641393935307
-6.867513,60,1961.900404,False,True,0.010659018075907644,81.55233205091685
-6.342351,60,1966.048126,False,True,0.027960523152564094,89.57927894851788
-5.893669,60,1969.199145,False,True,0.05312027875880149,82.15052233991075
-7.68519,60,1973.16979,False,True,0.017189769811280477,86.0318170145448
-6.402616,60,1976.334003,False,True,0.028204230613908733,88.89612855740361
-5.870784,60,1980.906465,False,True,0.06805596459516104,85.75174324335802
-5.834826,60,1985.023091,False,True,0.07419194688595265,89.49615574977112
-6.345245,60,1989.728652,False,True,0.007203052914955507,72.39941700579128
-5.785808,60,1992.645556,False,True,0.06250081411393746,80.51151666130501
-7.420745,60,1996.468929,False,True,0.011891215201637913,88.94261537384327
-5.730496,60,1999.33675,False,True,0.05589072655306114,82.79456650922779
-7.440326,60,2003.769175,False,True,0.025017062732415923,72.9175360133876
-5.855619,60,2007.000411,False,True,0.04089805209938668,89.5618367911343
-6.400154,60,2011.397481,False,True,0.023330016491130867,70.90468417036206
-5.722534,60,2015.164379,False,True,0.004294319006109828,56.20666427837521
-6.128168,60,2018.040435,False,True,0.014293198012252387,70.27875157180928
-6.672182,60,2021.794769,False,True,0.031743354645316996,66.63601025914221
-5.938715,60,2024.677076,False,True,0.04886355492285033,79.23205004298349
-5.810088,60,2028.316846,False,True,0.07719761272953228,74.4538708314848
-5.876396,60,2031.237583,False,True,0.03730068189669156,59.6795918275486
-6.101562,60,2034.869193,False,True,0.08170943682528593,83.71692376344363
-6.43818,60,2037.844995,False,True,0.031157936983586702,76.3274206861573
-6.589475,60,2041.543333,False,True,0.041828269282927565,59.4559428758207
-5.937618,60,2044.819714,False,True,0.04868928199708264,79.07663242261248
-5.942414,60,2048.787902,False,True,0.06001995648976985,77.7752399348044
-6.387839,60,2051.727781,False,True,0.013530568087635541,48.05308427414344
-6.452339,60,2055.375831,False,True,0.007906064679301612,54.461995514819186
-6.652177,60,2058.511169,False,True,0.003680510725347714,75.0453350678822
-7.215084,60,2062.208057,False,True,0.002802229116105285,76.3865409011568
-6.025007,60,2065.23194,False,True,0.008265857455240272,74.24298873817928
-5.629741,60,2068.238501,False,True,0.007445064977936296,67.74507121931457
-5.732863,60,2072.151124,False,True,0.0031036859046334347,64.88781319932612
-6.604889,60,2075.098072,False,True,0.023609863728165904,61.90981839004996
-6.620277,60,2078.769533,False,True,0.05366074946385731,73.92141853044797
-6.306205,60,2081.642697,False,True,0.0011578500565091222,58.30569394198996
-5.730675,60,2085.190871,False,True,0.030657438908242955,83.37941814805215
-6.200946,60,2088.156622,False,True,0.06382829016667463,83.12408705499197
-6.011589,60,2091.880859,False,True,0.07390707352417608,86.08723027172955
-6.104525,60,2094.792619,False,True,0.07792198100096535,88.54232458948896
-6.518557,60,2098.455037,False,True,0.0022509742429637734,71.4449751371917
-7.545813,60,2101.540755,False,True,0.0301538339768848,88.97501579674541
-7.683297,60,2105.234492,False,True,0.033129010013892866,72.12026768735463
-6.878831,60,2108.122921,False,True,0.01531644822511299,73.78441774377787
-6.350577,60,2111.639811,False,True,0.006213868073719141,74.50517148543322
-6.124008,60,2114.700657,False,True,0.03949318423575113,84.37923531576187
-6.191907,60,2117.582193,False,True,0.005149415825355366,86.49133913953521
-7.361888,60,2121.207768,False,True,0.02113178843801125,88.73342695619138
-6.260076,60,2124.050501,False,True,0.056031974845081,71.12896259271751
-6.310463,60,2127.745678,False,True,0.05170040004946862,81.8465192622146
-6.150809,60,2130.871593,False,True,0.04104838105742505,81.01374477752977
-6.585215,60,2134.619594,False,True,0.024992880720435144,80.36455086036679
-5.952321,60,2137.49019,False,True,0.028639451273293703,86.8551715878188
-6.6353,60,2141.06718,False,True,0.018222962620189024,83.17559553504695
-7.245776,60,2143.888189,False,True,0.017532645282627945,82.77770729668374
-6.018031,60,2147.453084,False,True,0.043532912650930594,89.79128604627033
-6.169652,60,2150.302336,False,True,0.036907627288122906,88.8529730994472
-6.30011,60,2153.918765,False,True,0.024462942309138053,81.17658811824309
-6.295299,60,2156.744559,False,True,0.03602579184448557,86.1785506331219
-6.543282,60,2160.513052,False,True,0.013361520719958164,87.30015602477008
-6.138244,60,2163.635759,False,True,0.03271337386797263,88.40383501609571
-6.21539,60,2167.792542,False,True,0.059303181966708876,81.4220873294823
-6.134528,60,2170.615968,False,True,0.053928256565406896,89.45863379588964
-6.283669,60,2173.523063,False,True,0.07894970859505474,85.91564747563403
-6.290567,60,2177.525872,False,True,0.0005652807235708203,82.02515136715287
-6.459631,60,2180.379762,False,True,0.02492616853261671,76.0616020418918
-7.359166,60,2184.051778,False,True,0.03719315111460034,71.8187139036259
-6.546658,60,2186.946741,False,True,0.0201286199867095,83.41613272140776
-5.916564,60,2190.826917,False,True,0.041694041322339455,84.92678937386447
-6.093304,60,2194.186315,False,True,0.014629219798493338,89.58684055473124
-7.054643,60,2198.451374,False,True,0.03644358479393038,87.57339744199768
-6.33251,60,2201.682218,False,True,0.041732255140921354,86.89453537852424
-6.807392,60,2206.061138,False,True,0.03509194450634402,85.48580359574754
-6.178842,60,2208.989956,False,True,0.06696723250565714,86.54157509878
-5.917813,60,2212.751979,False,True,0.0897830240253179,84.61053214691626
-6.47909,60,2215.818426,False,True,0.004419880890140049,80.73083592225697
-5.99293,60,2219.439712,False,True,0.08871156172061515,86.46357985159774
-6.26582,60,2222.411974,False,True,0.05102189373423338,74.47696622345286
-6.801256,60,2225.487391,False,True,0.01566337077003842,77.4257646195894
-5.693682,60,2229.210368,False,True,0.004714976253408415,81.83739583616081
-6.738782,60,2232.21706,False,True,0.022090389357884193,84.80928447917651
-6.099903,60,2236.05239,False,True,0.0223847380501953,86.73040362625368
-7.035865,60,2238.980605,False,True,0.013053503922978132,67.29802186931322
-7.255813,60,2242.494431,False,True,0.002161489117328618,77.77441828569891
-7.307487,60,2245.458103,False,True,0.022556575592453294,73.98393006979283
-6.008081,60,2249.002964,False,True,0.04911198797702397,89.44711859231302
-6.668072,60,2251.91044,False,True,0.0501486542039645,85.42435159755466
-7.238028,60,2255.686059,False,True,0.012531721544614561,82.16904301317592
-6.979021,60,2258.662673,False,True,0.0011145690429246492,87.65579175379011
-7.568873,60,2262.208687,False,True,0.02693624053148721,84.77242948352192
-6.525985,60,2265.040792,False,True,0.028398171144568447,79.23679913151305
-6.263335,60,2268.666288,False,True,0.04371347914318689,81.81741176074718
-5.95806,60,2271.59001,False,True,0.045344198019973136,87.91901451524801
-5.941348,60,2275.259989,False,True,0.08427167106802459,87.83844499037237
-6.455909,60,2278.449399,False,True,0.06518141872743428,89.87423328361986
-7.559014,60,2281.696278,False,True,0.02380815888341028,85.6696140026559
-6.103041,60,2285.803274,False,True,0.03593246774480109,89.29834471715536
-6.587046,60,2289.325145,False,True,0.03231383436242324,88.50237698018739
-6.692482,60,2293.426833,False,True,0.0027812819107453715,89.52182561325641
-6.322956,60,2296.540777,False,True,0.04878945500652758,88.95829231902302
-5.626367,60,2300.511587,False,True,0.016033638363849214,80.12602517607095
-6.007224,60,2303.835075,False,True,0.06969625558437144,89.092450326337
-5.671495,60,2307.875399,False,True,0.02431675134239767,87.51351010095976
-5.798592,60,2311.013283,False,True,0.06491453123937993,88.41029394546021
-6.791097,60,2315.111948,False,True,0.044227619969120946,84.38015019318235
-5.97221,60,2318.278388,False,True,0.013708112139487985,89.69654995820885
-6.63674,60,2322.223424,False,True,0.013278826856833995,86.34372486187002
-7.055772,60,2325.350188,False,True,0.016648022232429116,79.75935382208064
-6.32348,60,2329.383967,False,True,0.0404798574004911,85.21924572318815
-6.301772,60,2332.544162,False,True,0.014573292318948081,86.33629149234135
-6.739821,60,2335.795563,False,True,0.015162501315440623,83.02504589373137
-7.207923,60,2339.778854,False,True,0.005798280136639512,82.70145726573188
-6.308059,60,2343.231154,False,True,0.0714594736837283,89.55470574519222
-6.572473,60,2347.890699,False,True,0.04306017442264341,88.81441181931484
-5.760284,60,2351.502684,False,False,0.03953436584373346,86.96033294834635
-6.036413,60,2355.817048,False,True,0.054377958395494176,84.62535871811018
-6.947871,60,2358.924097,False,True,0.051784941684540495,80.19265373809482
-6.551182,60,2362.627977,False,True,0.04914497719351003,86.61517865680611
-7.825111,60,2365.630034,False,True,0.04385516972658217,87.62581514418802
-6.393351,60,2369.317326,False,True,0.004913144369654225,88.27046722989954
-6.407477,60,2372.321608,False,True,0.02170319783219095,79.4139865091706
-6.629461,60,2376.145335,False,True,0.03693098346530874,88.90152305446051
-6.048804,60,2379.216448,False,True,0.026072065464862782,84.28290297461461
-5.731827,60,2382.851866,False,True,0.014960257109477753,80.09787780991238
-6.18867,60,2386.09748,False,True,0.039945537668775746,86.71097339906994
-7.156066,60,2389.86429,False,True,0.031785454211877145,89.50464629402516
-6.377123,60,2392.957883,False,True,0.03625836062637752,83.52225879536506
-5.978042,60,2395.917804,False,True,0.0415656293615039,74.41776261165934
-6.657714,60,2399.651109,False,True,0.03645685910866041,75.63493863626331
-6.35769,60,2402.71847,False,True,0.0028728594712138303,70.81057718478763
-6.230083,60,2406.796234,False,True,0.006147163361247266,81.91059432461073
-5.456316,60,2409.680113,False,True,0.010336726801654011,88.16195154015746
-7.50007,60,2413.603408,False,True,0.04345029826224278,83.88361000065886
-6.81903,60,2416.423333,False,True,0.0017607348084342674,89.14251276202553
-6.05529,60,2420.193069,False,True,0.09337478723958706,71.60806343119158
-5.765419,60,2422.989077,False,True,0.04288285534209411,77.72165913486113
-7.496352,60,2428.301312,False,True,0.018789956631769168,75.81894775912947
-6.152838,60,2432.076156,False,True,0.06648528930009794,89.53487628688549
-6.977482,60,2436.240895,False,True,0.018533017410551453,85.42578944227049
-6.082607,60,2439.073335,False,True,0.02941540765881374,81.02335489892565
-6.872369,60,2442.777062,False,True,0.019024345094308788,86.70167018374325
-5.992212,60,2445.640989,False,True,0.01610508597085939,78.94728482670021
-7.387337,60,2448.491654,False,True,0.032978916615564416,84.15558145215776
-6.066055,60,2452.362678,False,True,0.061683010758012996,78.02615137557561
-5.909481,60,2455.278813,False,True,0.05422841800827325,87.46446779682864
-6.795243,60,2459.617171,False,True,0.06777692734591499,85.02740780604574
-5.849665,60,2462.599495,False,True,0.05419338577351904,89.55968071309793
-5.830972,60,2466.578675,False,True,0.07286952512566354,80.85587941070365
-5.834862,60,2469.541018,False,True,0.032970868425993824,81.4290830133461
-6.262305,60,2473.241359,False,True,0.05308410815533897,85.72810471287545
-6.202774,60,2477.392797,False,True,0.06067755014148083,77.52748447154252
-5.972156,60,2481.784817,False,True,0.06669384060274015,89.24200559507868
-6.031483,60,2484.884447,False,True,0.06923859378174074,82.22030910181805
-6.127761,60,2488.704717,False,True,0.033215249967827494,83.43687370031354
-5.88354,60,2491.904002,False,True,0.0016105472769738262,78.01085934408366
-5.800264,60,2495.7895,False,True,0.05790863600446692,78.47655815717975
-7.829896,60,2498.966515,False,True,0.045772201466247664,87.90119380645943
-7.392425,60,2502.586164,False,True,0.03373293460617302,83.24890348452544
-6.135086,60,2505.601183,False,True,0.06230715922492437,80.13726718645975
-5.951813,60,2508.977827,False,True,0.05730451572967735,76.13193356575927
-7.083588,60,2512.660387,False,True,0.05910519309885724,89.96189828423324
-5.626985,60,2515.509789,False,True,0.03206402875232057,81.26737778019896
-6.685482,60,2519.114803,False,True,0.0013860105031815798,65.76395294978886
-6.060771,60,2522.190235,False,True,0.027851186978310745,86.56840113917588
-6.196935,60,2526.126694,False,True,0.0412747391831709,64.1762221904585
-6.074926,60,2529.973439,False,True,0.02726207924445217,81.70261389003224
-7.604621,60,2534.51532,False,True,0.022609130174528178,74.26753806385526
-6.053501,60,2537.801907,False,True,0.0538529342689364,87.4967677941851
-6.800902,60,2541.406174,False,True,0.004407568466619362,85.80329466674063
-6.519855,60,2544.222436,False,True,0.05185555047867246,74.38696573927982
-5.389371,60,2547.830688,False,True,0.006147824980459238,73.29923148941205
-6.165467,60,2550.850674,False,True,0.05188518484690121,89.42566222934309
-6.068932,60,2554.562949,False,True,0.017325901728953003,82.54255757516859
-6.753086,60,2557.579721,False,True,0.00827763824474973,84.61927847140429
-6.110185,60,2560.946372,False,True,0.03901372997342381,81.40398075492654
-6.512229,60,2564.477248,False,True,0.006570645118766285,82.27987252035888
-6.09784,60,2567.227998,False,True,0.021089027933132796,85.31232555053015
-6.586401,60,2570.795553,False,True,0.016138061974946227,87.62288970382342
-5.750463,60,2573.59935,False,True,0.05188938034289122,86.36569636590445
-6.544832,60,2577.153587,False,True,0.03159997077886471,83.06888578649645
-7.449483,60,2580.039928,False,True,0.014416273690483674,72.18540232049608
-7.09833,60,2583.842113,False,True,0.025891060679891893,86.87777059153974
-6.003929,60,2586.888054,False,True,0.005749269143181416,84.40422409495521
-6.16631,60,2590.950263,False,True,0.038745109559480906,77.6790297130918
-6.284863,60,2594.174707,False,True,0.05463142708484861,85.50633937474134
-6.119558,60,2597.99372,False,True,0.0018597357893286783,75.1413965185062
-6.055798,60,2600.986878,False,True,0.011549869471686493,87.60359763897343
-5.862441,60,2604.533672,False,True,0.006249329189578351,73.99962489265589
-7.549523,60,2607.763539,False,True,0.04469816444574658,84.32641186382047
-5.929385,60,2611.674043,False,True,0.06161259155374207,86.86113115627327
-5.961965,60,2614.794726,False,True,0.02966724965943749,89.29046866341832
-5.808757,60,2617.779479,False,True,0.04016393888089836,88.62594716710585
-6.014078,60,2621.40562,False,True,0.04029211669553414,87.58950433193756
-6.708361,60,2624.532172,False,True,0.011290401941971564,84.26517047685982
-6.721854,60,2628.309089,False,True,0.020297167539428108,87.32982935434883
-6.112461,60,2631.609201,False,True,0.05125124940073649,88.55868267465506
-5.843477,60,2635.228593,False,True,0.031543695395615044,88.31337511175812
-5.924421,60,2638.601675,False,True,0.06336531913642328,89.48450351012737
-7.546893,60,2642.489922,False,True,0.02646144617039596,85.5886717948383
-6.042148,60,2646.31603,False,True,0.05745843386611117,85.6070196013431
-7.498475,60,2650.668983,False,True,0.02824031800297998,80.50177655268672
-6.047779,60,2653.681693,False,True,0.0043943422015913225,75.09732045990319
-7.071246,60,2657.37027,False,True,0.0366453772377657,87.94228438118115
-6.198181,60,2660.410898,False,True,0.018860552454858032,86.30108011199417
-7.339524,60,2663.936365,False,True,0.01953728816885312,79.87737331756233
-7.35998,60,2667.435763,False,True,0.028282998054910333,87.31479555093419
-5.942478,60,2670.41054,False,True,0.07598888285078248,79.25407114203693
-6.12482,60,2674.284538,False,True,0.030277153126130676,78.01984445650238
-6.260466,60,2677.52947,False,True,0.01924995988602368,87.94332608788991
-5.879615,60,2681.204968,False,True,0.07065892225334416,84.7775324958543
-6.083345,60,2684.130456,False,True,0.038492539733416736,86.87801324860847
-6.179622,60,2687.778056,False,True,0.060889272626811757,87.24101671155195
-5.996555,60,2690.558461,False,True,0.069559654138215,85.42135463064075
-6.040982,60,2694.100868,False,True,0.006301582861334549,72.02688470273709
-6.318656,60,2696.886014,False,True,0.011455550672051161,67.60053635637381
-6.100661,60,2700.380393,False,True,0.10693642345582342,88.76973585101743
-6.433708,60,2703.349671,False,True,0.03066277857926156,71.84665600783492
-6.244483,60,2707.333855,False,True,0.008736619509147281,88.79614636121408
-6.293191,60,2710.995356,False,True,0.0042937302293129115,81.13677292073609
-6.729745,60,2714.527494,False,True,0.025370940469167637,84.33878071498235
-5.945166,60,2717.438151,False,True,0.03704613405978694,78.62568327103209
-5.846985,60,2721.162656,False,True,0.023045584456643464,79.86378477531711
-7.197083,60,2724.052454,False,True,0.05381119012361618,75.5014175960584
-6.932598,60,2727.472112,False,True,0.002852532771549888,71.41032838942789
-6.539471,60,2731.248669,False,True,0.006849935239111337,61.00340276590991
-6.053137,60,2734.332424,False,True,0.05127580678880383,75.50284171207771
-6.103906,60,2738.114935,False,True,0.03339458088953699,80.90537823209222
-6.112822,60,2741.3138,False,True,0.021670078479934726,51.311845782216224
-7.417237,60,2745.310489,False,True,0.043416570450444114,71.04261816010697
-6.224831,60,2748.611099,False,True,0.055737047455605516,71.61086011019101
-5.610074,60,2753.504638,False,True,0.032102428649281776,74.39652766088032
-5.868523,60,2757.299063,False,True,0.026316689567540928,80.67407499538771
-6.265757,60,2761.225598,False,True,0.016060402653093216,60.717015349856005
-6.546492,60,2764.388486,False,True,0.05185698010446521,78.97394257463695
-7.596028,60,2768.142321,False,True,0.03290709769163781,72.05143837824751
-7.087552,60,2770.914644,False,True,0.03989321915127732,66.16037787034989
-7.826291,60,2774.421129,False,True,0.028077655825671205,51.14655227436485
-6.427697,60,2777.256563,False,False,0.008095886414241655,87.39346983662927
-5.83632,60,2780.123214,False,True,0.01319111434553896,87.38526782544956
-6.097489,60,2783.668591,False,True,0.0625452539862324,89.34794840588042
-6.725982,60,2786.461382,False,True,0.026223217116761326,76.92347541649467
