time/fps,time/iterations,time/time_elapsed,rollout/ep_len_mean,time/total_timesteps,rollout/ep_rew_mean,train/value_loss,train/learning_rate,train/loss,train/clip_fraction,train/approx_kl,train/policy_gradient_loss,train/explained_variance,train/clip_range,train/entropy_loss,train/n_updates
74,1,6,60.0,512,-6.504735375,,,,,,,,,,
74,2,13,60.0,1024,-6.6121166875,0.8111316541209816,0.0003,-0.01912035048007965,0.146484375,0.019622307,-0.019858955149538816,-0.1548711061477661,0.2,-2.475921967625618,10
74,3,20,60.0,1536,-6.552467666666666,0.28136090859770774,0.0003,-0.11956996470689774,0.083984375,0.013664842,-0.013699050270952284,0.39445924758911133,0.2,-2.4641696244478224,20
75,4,27,60.0,2048,-6.545527874999999,0.07461587376892567,0.0003,-0.1311216801404953,0.090234375,0.012544412,-0.01351323090493679,0.336891770362854,0.2,-2.460180789232254,30
70,5,36,60.0,2560,-6.532382349999999,0.05047617207746953,0.0003,-0.12473087757825851,0.0763671875,0.011891686,-0.015240514650940895,-1.1634390354156494,0.2,-2.455253353714943,40
68,6,44,60.0,3072,-6.5280301875,0.042754538625013085,0.0003,-0.11677445471286774,0.0556640625,0.01152148,-0.009629072376992554,-0.9787514209747314,0.2,-2.449747347831726,50
69,7,51,60.0,3584,-6.5147611071428555,0.04066284648142755,0.0003,-0.1346782147884369,0.0677734375,0.011291191,-0.014840018446557223,0.08040815591812134,0.2,-2.444375053048134,60
69,8,58,60.0,4096,-6.504892955882353,0.029084749915637077,0.0003,-0.1335899382829666,0.0931640625,0.0109608555,-0.015839937585406007,0.5356283485889435,0.2,-2.4478680580854415,70
70,9,65,60.0,4608,-6.498600828947367,0.012729635118739679,0.0003,-0.12820324301719666,0.0787109375,0.013417646,-0.019936913438141347,0.8214444369077682,0.2,-2.435347592830658,80
71,10,72,60.0,5120,-6.506177690476187,0.008436855842592194,0.0003,-0.14604304730892181,0.1171875,0.012090607,-0.020482464134693144,0.9240786135196686,0.2,-2.4053198426961897,90
71,11,78,60.0,5632,-6.502385391304347,0.010532666783547029,0.0003,-0.1344001740217209,0.080078125,0.009771569,-0.01399237490259111,0.8988323509693146,0.2,-2.402995651960373,100
72,12,85,60.0,6144,-6.50662056,0.00878982339054346,0.0003,-0.17281627655029297,0.23203125,0.0181037,-0.0272120017092675,0.8883665204048157,0.2,-2.4022563964128496,110
72,13,91,60.0,6656,-6.496416459999998,0.006333607897977345,0.0003,-0.14512281119823456,0.04921875,0.00972118,-0.011498166096862406,0.925463430583477,0.2,-2.405426102876663,120
72,14,98,60.0,7168,-6.476056439999999,0.004798902038601227,0.0003,-0.11712378263473511,0.083984375,0.009964494,-0.01263084280944895,0.9464661739766598,0.2,-2.3932162672281265,130
72,15,105,60.0,7680,-6.46285988,0.006267917109653354,0.0003,-0.1410396695137024,0.07578125,0.010829237,-0.018076258775545286,0.9364202544093132,0.2,-2.3822552472352982,140
72,16,112,60.0,8192,-6.46145031,0.0057626502675702795,0.0003,-0.14170975983142853,0.079296875,0.009587267,-0.015327994164545089,0.9419218339025974,0.2,-2.3644716322422026,150
72,17,119,60.0,8704,-6.43350139,0.00751449772506021,0.0003,-0.15970459580421448,0.1294921875,0.01158849,-0.019340507290326058,0.9255995377898216,0.2,-2.3396664768457414,160
73,18,126,60.0,9216,-6.45671681,0.013412463280837983,0.0003,-0.10119058936834335,0.1130859375,0.01333712,-0.020819797547301278,0.8748855292797089,0.2,-2.321552774310112,170
73,19,132,60.0,9728,-6.429512800000001,0.019648614746984094,0.0003,-0.13795782625675201,0.041015625,0.008409942,-0.008641430886927991,0.7086969912052155,0.2,-2.3172104567289353,180
73,20,139,60.0,10240,-6.4241150099999995,0.009367340273456648,0.0003,-0.15677233040332794,0.10546875,0.01447371,-0.01725605355168227,0.8859918713569641,0.2,-2.2789169758558274,190
73,21,146,60.0,10752,-6.402296950000001,0.01117561741557438,0.0003,-0.14570766687393188,0.0640625,0.010602162,-0.012902287009637803,0.8232053369283676,0.2,-2.2188026756048203,200
73,22,152,60.0,11264,-6.372952549999999,0.012932605191599578,0.0003,-0.14514094591140747,0.087890625,0.011990474,-0.01757863031234592,0.8673458695411682,0.2,-2.1691604137420653,210
73,23,160,60.0,11776,-6.34484506,0.01357753022457473,0.0003,-0.1368662416934967,0.12109375,0.014796636,-0.01053005075082183,0.839122548699379,0.2,-2.17681128680706,220
73,24,166,60.0,12288,-6.34896123,0.013170596823329106,0.0003,-0.0991806909441948,0.06171875,0.009269368,-0.014387299783993512,0.858200192451477,0.2,-2.218935579061508,230
73,25,173,60.0,12800,-6.337802330000001,0.01100420979782939,0.0003,-0.15477247536182404,0.1484375,0.014327011,-0.01585390311665833,0.872634083032608,0.2,-2.2795397132635116,240
73,26,180,60.0,13312,-6.329628200000001,0.011308997019659728,0.0003,-0.13993017375469208,0.0904296875,0.01385963,-0.015958430705359204,0.8537566661834717,0.2,-2.290518042445183,250
74,27,186,60.0,13824,-6.329547570000001,0.013390874164178968,0.0003,-0.12811799347400665,0.1244140625,0.010511346,-0.020168604352511464,0.7598103135824203,0.2,-2.2687097787857056,260
74,28,193,60.0,14336,-6.33093401,0.008378004084806889,0.0003,-0.11255645751953125,0.1005859375,0.010274317,-0.018256480735726655,0.8936000540852547,0.2,-2.253929430246353,270
74,29,200,60.0,14848,-6.354755610000001,0.008276174345519393,0.0003,-0.14232765138149261,0.1033203125,0.012445817,-0.017942391452379525,0.8903816416859627,0.2,-2.2291016817092895,280
73,30,207,60.0,15360,-6.3287492400000005,0.023104084411170334,0.0003,-0.1442968100309372,0.110546875,0.013364382,-0.015731889655580745,0.7705201655626297,0.2,-2.2374202430248262,290
73,31,214,60.0,15872,-6.337111719999999,0.0184336916427128,0.0003,-0.11443661153316498,0.1115234375,0.012578046,-0.015057352301664651,0.801835760474205,0.2,-2.2756275326013564,300
74,32,221,60.0,16384,-6.400367109999999,0.018124001228716224,0.0003,-0.14639879763126373,0.165234375,0.014212152,-0.019818280229810626,0.8209391534328461,0.2,-2.326050826907158,310
74,33,227,60.0,16896,-6.38559158,0.0232477618730627,0.0003,-0.07611740380525589,0.1185546875,0.011317654,-0.0197120193275623,0.8145428597927094,0.2,-2.3450459450483323,320
74,34,234,60.0,17408,-6.411739669999999,0.007608804688788951,0.0003,-0.17389072477817535,0.0931640625,0.0119058415,-0.020689012756338342,0.9348765537142754,0.2,-2.3162448406219482,330
74,35,241,60.0,17920,-6.418788770000001,0.017351702461019157,0.0003,-0.1650020182132721,0.1328125,0.015821772,-0.016861181164858862,0.8198543041944504,0.2,-2.3382002115249634,340
74,36,247,60.0,18432,-6.4142472,0.0032524882088182496,0.0003,-0.13668109476566315,0.11484375,0.013454967,-0.019048349233344197,0.9612280838191509,0.2,-2.3256507962942123,350
74,37,254,60.0,18944,-6.441261820000001,0.006871361981029622,0.0003,-0.14106325805187225,0.1255859375,0.013207029,-0.019604895875090733,0.9388875477015972,0.2,-2.294133350253105,360
74,38,261,60.0,19456,-6.45302432,0.008448355313157662,0.0003,-0.13473007082939148,0.1095703125,0.013091177,-0.019353322649840264,0.9333791807293892,0.2,-2.2757855623960497,370
74,39,268,60.0,19968,-6.444279429999999,0.008654600783484057,0.0003,-0.13946186006069183,0.1384765625,0.013222944,-0.02339124622521922,0.9305327162146568,0.2,-2.2284708857536315,380
74,40,275,60.0,20480,-6.47521562,0.00827648803824559,0.0003,-0.12049221992492676,0.0560546875,0.0103559,-0.013983503304189071,0.9091823026537895,0.2,-2.222888720035553,390
74,41,281,60.0,20992,-6.51429499,0.013954511226620525,0.0003,-0.15149039030075073,0.1015625,0.0118819345,-0.017585633066482843,0.8773720487952232,0.2,-2.2376349836587908,400
74,42,288,60.0,21504,-6.53659214,0.010371155658503994,0.0003,-0.12794919312000275,0.1107421875,0.012543544,-0.014789712033234537,0.8822879865765572,0.2,-2.2364256143569947,410
74,43,294,60.0,22016,-6.53353238,0.015521726693259552,0.0003,-0.11122941225767136,0.048828125,0.011658624,-0.012316179025219753,0.8486001640558243,0.2,-2.234799289703369,420
74,44,301,60.0,22528,-6.532872690000001,0.006335452059283852,0.0003,-0.14213187992572784,0.1830078125,0.015549976,-0.024069554964080454,0.9324693381786346,0.2,-2.241972401738167,430
73,45,311,60.0,23040,-6.5629009499999995,0.015793260710779577,0.0003,-0.13665683567523956,0.083203125,0.007790518,-0.017300046735908837,0.8934460505843163,0.2,-2.21358360350132,440
73,46,320,60.0,23552,-6.545668080000001,0.013002200645860284,0.0003,-0.1620751917362213,0.1146484375,0.012905544,-0.0194090613280423,0.9072371199727058,0.2,-2.2241363495588304,450
73,47,326,60.0,24064,-6.574943689999999,0.008274769131094217,0.0003,-0.12831604480743408,0.078515625,0.012399686,-0.01652865187788848,0.8992332071065903,0.2,-2.2055016249418258,460
73,48,333,60.0,24576,-6.55645676,0.017681651131715624,0.0003,-0.1370844542980194,0.059375,0.013089034,-0.012272164894966409,0.8649959862232208,0.2,-2.1976746916770935,470
72,49,343,60.0,25088,-6.565440390000001,0.009173499670578168,0.0003,-0.1347585767507553,0.0896484375,0.0104441475,-0.015387570019811392,0.9103975221514702,0.2,-2.173998737335205,480
72,50,353,60.0,25600,-6.595576450000001,0.007380883369478397,0.0003,-0.14974966645240784,0.0634765625,0.010031216,-0.015203669038601219,0.9158313125371933,0.2,-2.195768818259239,490
72,51,360,60.0,26112,-6.65236487,0.009172475209925323,0.0003,-0.15438246726989746,0.1611328125,0.013122126,-0.022671688423724846,0.9247464314103127,0.2,-2.259906792640686,500
72,52,368,60.0,26624,-6.658054239999999,0.013797958783106879,0.0003,-0.12098556756973267,0.11640625,0.012874151,-0.020519567467272282,0.8831073343753815,0.2,-2.298472633957863,510
72,53,376,60.0,27136,-6.61290797,0.006135883295792155,0.0003,-0.14810265600681305,0.123828125,0.013663841,-0.025759471789933742,0.9249064028263092,0.2,-2.2923923254013063,520
71,54,384,60.0,27648,-6.608466680000001,0.009317042777547612,0.0003,-0.13799509406089783,0.082421875,0.009349125,-0.012667637289268896,0.9340188428759575,0.2,-2.3183243006467817,530
71,55,392,60.0,28160,-6.59592218,0.00803361851722002,0.0003,-0.15581291913986206,0.13125,0.012615124,-0.021620487153995782,0.8885509297251701,0.2,-2.312877196073532,540
71,56,399,60.0,28672,-6.580874989999999,0.015329172450583428,0.0003,-0.12187235057353973,0.1423828125,0.013295146,-0.02237488770042546,0.8733394891023636,0.2,-2.31545794904232,550
71,57,407,60.0,29184,-6.574441139999999,0.008932544861454516,0.0003,-0.16812950372695923,0.102734375,0.0135888215,-0.023519877321086825,0.906096801161766,0.2,-2.3024797677993774,560
71,58,416,60.0,29696,-6.583035470000001,0.01674409651895985,0.0003,-0.1373639702796936,0.0619140625,0.010725029,-0.012823232467053459,0.8571806848049164,0.2,-2.238711416721344,570
71,59,424,60.0,30208,-6.57251099,0.007964479399379342,0.0003,-0.13470745086669922,0.0833984375,0.009911107,-0.0181411100726109,0.9235058650374413,0.2,-2.180292472243309,580
70,60,434,60.0,30720,-6.58453034,0.01639888154459186,0.0003,-0.10967657715082169,0.0810546875,0.01216978,-0.01668773121200502,0.8597757518291473,0.2,-2.23956193625927,590
70,61,441,60.0,31232,-6.568441669999999,0.011221581959398463,0.0003,-0.1454794853925705,0.1078125,0.011758527,-0.01718719705240801,0.9147834628820419,0.2,-2.261968794465065,600
70,62,449,60.0,31744,-6.54216816,0.013162364775780588,0.0003,-0.12297748774290085,0.0546875,0.010243625,-0.013147881836630404,0.8998019471764565,0.2,-2.2304965287446974,610
70,63,457,60.0,32256,-6.46420469,0.01509030390297994,0.0003,-0.14964915812015533,0.1111328125,0.012508003,-0.017222849186509848,0.8513255715370178,0.2,-2.2271673709154127,620
70,64,464,60.0,32768,-6.4540083300000015,0.01254815044812858,0.0003,-0.1542414426803589,0.1578125,0.018299278,-0.02142110182903707,0.8407373428344727,0.2,-2.1946186274290085,630
70,65,471,60.0,33280,-6.477011439999999,0.00891561429016292,0.0003,-0.1152748167514801,0.0224609375,0.008433595,-0.010643097932916134,0.8864431977272034,0.2,-2.1610709607601164,640
70,66,477,60.0,33792,-6.4970390700000005,0.023324462305754422,0.0003,-0.14184443652629852,0.08671875,0.014006601,-0.017762951453914867,0.7821013182401657,0.2,-2.117337945103645,650
70,67,484,60.0,34304,-6.4896008400000005,0.028570607013534755,0.0003,-0.12956182658672333,0.08671875,0.011743981,-0.014003025495912879,0.7776406556367874,0.2,-2.159286028146744,660
70,68,492,60.0,34816,-6.5081664199999985,0.0162195589276962,0.0003,-0.14465610682964325,0.1595703125,0.012360711,-0.02543563343497226,0.8415501862764359,0.2,-2.1366006284952164,670
70,69,499,60.0,35328,-6.5049225800000015,0.02590510610025376,0.0003,-0.10881099104881287,0.1599609375,0.013930336,-0.020657999627292156,0.84595787525177,0.2,-2.1537713706493378,680
70,70,505,60.0,35840,-6.51932314,0.024047422886360435,0.0003,-0.10991687327623367,0.0685546875,0.010269994,-0.015910316820372826,0.8358722031116486,0.2,-2.118993452191353,690
70,71,512,60.0,36352,-6.511904659999999,0.0251260626479052,0.0003,-0.14564421772956848,0.109765625,0.012330106,-0.020337887591449545,0.655828207731247,0.2,-2.0937146842479706,700
71,72,518,60.0,36864,-6.489399929999999,0.01404892816208303,0.0003,-0.1090141087770462,0.09921875,0.010110585,-0.015436911606229842,0.8419949114322662,0.2,-2.0826069831848146,710
71,73,525,60.0,37376,-6.501548460000001,0.0226375553291291,0.0003,-0.14251120388507843,0.0982421875,0.009327326,-0.015798103366978466,0.7967052906751633,0.2,-2.1292226344347,720
71,74,532,60.0,37888,-6.526278459999999,0.024053829663898796,0.0003,-0.10974102467298508,0.1232421875,0.012459375,-0.019101548404432834,0.8210392743349075,0.2,-2.029012380540371,730
71,75,539,60.0,38400,-6.5762913,0.016010466555599123,0.0003,-0.1170836091041565,0.0794921875,0.011139653,-0.014716643001884222,0.8569982349872589,0.2,-2.1968271404504778,740
71,76,546,60.0,38912,-6.599909190000001,0.014511689101345837,0.0003,-0.14341677725315094,0.1201171875,0.015218174,-0.01668353258864954,0.9045553281903267,0.2,-2.1882121711969376,750
71,77,553,60.0,39424,-6.57060466,0.01501170137198642,0.0003,-0.1434033215045929,0.055859375,0.009083021,-0.011305741494288668,0.8588404208421707,0.2,-2.262450525164604,760
71,78,560,60.0,39936,-6.528458690000001,0.015408273343928159,0.0003,-0.15163330733776093,0.0869140625,0.011829747,-0.020378908701241018,0.8230737894773483,0.2,-2.190299728512764,770
71,79,568,60.0,40448,-6.540389829999999,0.01760599681874737,0.0003,-0.12669344246387482,0.1138671875,0.011677448,-0.018078729190165177,0.8483856916427612,0.2,-2.21197509765625,780
71,80,575,60.0,40960,-6.490360699999999,0.011390794394537806,0.0003,-0.1736530065536499,0.0998046875,0.010467709,-0.016652019682805986,0.894334003329277,0.2,-2.2372128844261168,790
71,81,583,60.0,41472,-6.4948408,0.012510344001930207,0.0003,-0.14641591906547546,0.0857421875,0.012013448,-0.018533681891858576,0.8670609593391418,0.2,-2.2363906651735306,800
70,82,592,60.0,41984,-6.467929009999999,0.00960049125715159,0.0003,-0.14638906717300415,0.1154296875,0.013045987,-0.01978829507716,0.8798317834734917,0.2,-2.2419228196144103,810
70,83,600,60.0,42496,-6.502423359999999,0.005552116257604212,0.0003,-0.1276010125875473,0.09375,0.008437712,-0.017559644987341017,0.8953146263957024,0.2,-2.241502198576927,820
70,84,607,60.0,43008,-6.51671814,0.018913814472034572,0.0003,-0.1323292851448059,0.1119140625,0.0135150105,-0.019220314710400997,0.8458262830972672,0.2,-2.2638478845357897,830
70,85,614,60.0,43520,-6.477125559999999,0.012453167169587687,0.0003,-0.10840882360935211,0.1384765625,0.013704572,-0.025440070556942373,0.9120144173502922,0.2,-2.276145702600479,840
70,86,622,60.0,44032,-6.4833298500000005,0.005263281110092066,0.0003,-0.14690078794956207,0.1255859375,0.013489291,-0.019755753292702138,0.9375501833856106,0.2,-2.2619723618030547,850
70,87,629,60.0,44544,-6.47431287,0.006845879738102667,0.0003,-0.15055136382579803,0.0697265625,0.007818621,-0.014744660133146681,0.9205179437994957,0.2,-2.2935664772987367,860
70,88,635,60.0,45056,-6.47037495,0.005584628082579002,0.0003,-0.16111314296722412,0.098828125,0.011518922,-0.020834862324409186,0.9439371824264526,0.2,-2.2984673529863358,870
70,89,642,60.0,45568,-6.492513149999999,0.013621952035464346,0.0003,-0.14720097184181213,0.0865234375,0.010661142,-0.020145429042167963,0.8663966655731201,0.2,-2.3091291397809983,880
70,90,649,60.0,46080,-6.501271310000001,0.0078075330529827625,0.0003,-0.1224793940782547,0.0921875,0.012818357,-0.018676383944693953,0.9031054824590683,0.2,-2.306778058409691,890
70,91,656,60.0,46592,-6.523513800000002,0.011697198677575215,0.0003,-0.1411125659942627,0.098828125,0.0113303615,-0.01927952388068661,0.8627532571554184,0.2,-2.3176878094673157,900
71,92,663,60.0,47104,-6.55971401,0.010542717587668449,0.0003,-0.17070500552654266,0.094140625,0.012924684,-0.02127857615123503,0.8992015570402145,0.2,-2.292001557350159,910
71,93,669,60.0,47616,-6.56471178,0.010795421176590025,0.0003,-0.1500624418258667,0.1095703125,0.010981082,-0.018775448913220315,0.9003731906414032,0.2,-2.2804518908262255,920
71,94,676,60.0,48128,-6.563981600000001,0.012103814777219668,0.0003,-0.13944897055625916,0.1205078125,0.012686812,-0.020128328131977468,0.8783723413944244,0.2,-2.2793813914060594,930
71,95,683,60.0,48640,-6.527963499999999,0.013201963895699009,0.0003,-0.1537601798772812,0.093359375,0.011777051,-0.022613920306321235,0.8974814936518669,0.2,-2.311387690901756,940
71,96,689,60.0,49152,-6.494965079999999,0.007943783729569987,0.0003,-0.14263686537742615,0.10390625,0.011619684,-0.020603688282426445,0.8933045044541359,0.2,-2.241282108426094,950
71,97,696,60.0,49664,-6.48015432,0.015520628431113436,0.0003,-0.1311333179473877,0.116015625,0.013273656,-0.01996237486600876,0.8494977056980133,0.2,-2.194545087218285,960
71,98,703,60.0,50176,-6.433725220000001,0.014250803185859695,0.0003,-0.12474838644266129,0.111328125,0.011897487,-0.016798874188680202,0.8444521725177765,0.2,-2.17567435503006,970
71,99,710,60.0,50688,-6.384854620000001,0.014843794167973101,0.0003,-0.14536413550376892,0.13515625,0.013255235,-0.025898835191037507,0.8531468063592911,0.2,-2.1799794644117356,980
71,100,716,60.0,51200,-6.350888190000001,0.009458459698362277,0.0003,-0.1268952339887619,0.080078125,0.012428044,-0.02091366136446595,0.897510401904583,0.2,-2.117075726389885,990
71,101,723,60.0,51712,-6.332611470000001,0.010307676967931912,0.0003,-0.15888164937496185,0.1044921875,0.012376074,-0.018576911929994822,0.8876637741923332,0.2,-2.135991260409355,1000
71,102,730,60.0,52224,-6.307853380000001,0.016396612557582558,0.0003,-0.13002990186214447,0.1421875,0.014734896,-0.019949389330577105,0.7812963873147964,0.2,-2.1564568787813188,1010
71,103,736,60.0,52736,-6.2834964300000005,0.015706128149759024,0.0003,-0.1292722523212433,0.066015625,0.007539891,-0.014696493934025057,0.7912477105855942,0.2,-2.155836471915245,1020
71,104,743,60.0,53248,-6.298057480000001,0.011693466024007648,0.0003,-0.11605563759803772,0.0826171875,0.009639565,-0.0175448285182938,0.8873780518770218,0.2,-2.196364849805832,1030
71,105,751,60.0,53760,-6.2891536200000004,0.021047622081823647,0.0003,-0.12982767820358276,0.1072265625,0.010042889,-0.01850609863176942,0.7638108730316162,0.2,-2.1434798002243043,1040
71,106,758,60.0,54272,-6.282571939999998,0.018591267277952284,0.0003,-0.10244712233543396,0.0955078125,0.010576412,-0.01776373735629022,0.8326749056577682,0.2,-2.1123837769031524,1050
71,107,764,60.0,54784,-6.265981680000002,0.012086448294576257,0.0003,-0.09148558974266052,0.0884765625,0.012698995,-0.01400813008658588,0.8716083616018295,0.2,-2.071056789159775,1060
71,108,771,60.0,55296,-6.276929729999999,0.014002840733155608,0.0003,-0.10998015105724335,0.133203125,0.012007369,-0.02274471666314639,0.8604209870100021,0.2,-1.9990696996450423,1070
71,109,777,60.0,55808,-6.28956502,0.034000605694018304,0.0003,-0.12076885998249054,0.1095703125,0.014016497,-0.01983208132442087,0.6888645589351654,0.2,-2.0739964962005617,1080
71,110,784,60.0,56320,-6.26510955,0.015626476547913624,0.0003,-0.13043616712093353,0.1802734375,0.015858088,-0.019506387296132743,0.8835607171058655,0.2,-2.080848458409309,1090
71,111,791,60.0,56832,-6.28404527,0.010357357311295345,0.0003,-0.13624244928359985,0.145703125,0.013563639,-0.020898989192210136,0.8556027561426163,0.2,-2.0443416446447373,1100
71,112,800,60.0,57344,-6.28149679,0.019910841446835546,0.0003,-0.14458626508712769,0.1240234375,0.014578921,-0.016792667377740145,0.7552834898233414,0.2,-2.0538148686289786,1110
71,113,809,60.0,57856,-6.33298655,0.03881425114814192,0.0003,-0.1061624065041542,0.1443359375,0.012938072,-0.015136679727584123,0.6952362358570099,0.2,-2.141073849797249,1120
71,114,816,60.0,58368,-6.34093947,0.03786059813573957,0.0003,-0.10128436982631683,0.102734375,0.012836201,-0.01618544235243462,0.7215765416622162,0.2,-2.235113850235939,1130
71,115,823,60.0,58880,-6.34463813,0.015410198899917304,0.0003,-0.1435849517583847,0.112109375,0.009816491,-0.018704425008036197,0.8865126743912697,0.2,-2.2681889116764067,1140
71,116,830,60.0,59392,-6.385367630000001,0.013935330917593091,0.0003,-0.137492835521698,0.151953125,0.013480189,-0.022184077487327158,0.87553770840168,0.2,-2.291043835878372,1150
71,117,836,60.0,59904,-6.386568340000001,0.012272976787062361,0.0003,-0.15652163326740265,0.1375,0.01265026,-0.023828034853795543,0.8905122429132462,0.2,-2.291131854057312,1160
71,118,843,60.0,60416,-6.38945817,0.0058725421782583,0.0003,-0.1556585431098938,0.08984375,0.010280667,-0.0217996301013045,0.9472150392830372,0.2,-2.2859836548566816,1170
71,119,850,60.0,60928,-6.41521439,0.005315407479065471,0.0003,-0.14573363959789276,0.1501953125,0.014849296,-0.02542339328210801,0.9242114052176476,0.2,-2.267046195268631,1180
71,120,857,60.0,61440,-6.4353553099999985,0.011163397447671742,0.0003,-0.13898134231567383,0.0896484375,0.009471256,-0.01686724097235128,0.8748672157526016,0.2,-2.2811725050210954,1190
71,121,863,60.0,61952,-6.443975910000001,0.014544405147898943,0.0003,-0.12294857949018478,0.15859375,0.013368587,-0.030495039612287656,0.8243348896503448,0.2,-2.2415808737277985,1200
71,122,870,60.0,62464,-6.464087360000001,0.021530308236833662,0.0003,-0.11181781440973282,0.113671875,0.012242824,-0.019048237247625367,0.7617323398590088,0.2,-2.247996285557747,1210
71,123,876,60.0,62976,-6.454686369999999,0.01275746944011189,0.0003,-0.1517082154750824,0.185546875,0.014025712,-0.030667764390818773,0.8619142472743988,0.2,-2.2131131321191786,1220
71,124,883,60.0,63488,-6.47305833,0.012901138636516407,0.0003,-0.1269904524087906,0.088671875,0.008967352,-0.017203722009435297,0.8838459402322769,0.2,-2.1352983325719834,1230
71,125,890,60.0,64000,-6.47767073,0.02407505114097148,0.0003,-0.1098053827881813,0.11796875,0.010576533,-0.02103343197959475,0.7731315791606903,0.2,-2.1370176702737806,1240
71,126,896,60.0,64512,-6.480607160000001,0.02407414889894426,0.0003,-0.07109164446592331,0.0859375,0.011572806,-0.0176753701583948,0.7206386625766754,0.2,-2.1219535261392592,1250
71,127,903,60.0,65024,-6.425976459999999,0.024781099637039006,0.0003,-0.11886363476514816,0.07734375,0.009689086,-0.014893251389730721,0.6754685938358307,0.2,-2.1333196073770524,1260
71,128,910,60.0,65536,-6.405784470000001,0.03552812497364357,0.0003,-0.10555193573236465,0.062890625,0.009530544,-0.015176470379810781,0.7129532098770142,0.2,-2.0486243292689323,1270
72,129,917,60.0,66048,-6.39573712,0.01559570140670985,0.0003,-0.10280459374189377,0.1318359375,0.015309258,-0.01583892310154624,0.8758536651730537,0.2,-2.123659464716911,1280
72,130,923,60.0,66560,-6.3868751999999995,0.009739027451723814,0.0003,-0.12578518688678741,0.0884765625,0.011144312,-0.014844019606243819,0.8878233581781387,0.2,-2.196034574508667,1290
72,131,930,60.0,67072,-6.350845810000001,0.013158729823771864,0.0003,-0.12906764447689056,0.11953125,0.017425166,-0.023885562882060184,0.8494991660118103,0.2,-2.180226230621338,1300
72,132,936,60.0,67584,-6.353041019999998,0.030241565522737802,0.0003,-0.11669758707284927,0.0642578125,0.009847349,-0.013419215782778337,0.6936226487159729,0.2,-2.1477198600769043,1310
72,133,944,60.0,68096,-6.362742920000001,0.019703124917577954,0.0003,-0.14562688767910004,0.127734375,0.011070785,-0.019564247701782733,0.8187780380249023,0.2,-2.2243083626031876,1320
72,134,951,60.0,68608,-6.35526445,0.012868392682867125,0.0003,-0.11803147941827774,0.1201171875,0.010614323,-0.02501230198540725,0.799285888671875,0.2,-2.1949809223413466,1330
71,135,960,60.0,69120,-6.377049969999999,0.010178271285258233,0.0003,-0.16782881319522858,0.1408203125,0.013174236,-0.025236892304383217,0.8387494534254074,0.2,-2.1498175263404846,1340
71,136,969,60.0,69632,-6.3521054900000005,0.03033940023742616,0.0003,-0.14105196297168732,0.1056640625,0.010320814,-0.017861925053875894,0.7877451032400131,0.2,-2.254026046395302,1350
71,137,976,60.0,70144,-6.336479129999999,0.011904573219362646,0.0003,-0.14478781819343567,0.0765625,0.0134241525,-0.013899650640087201,0.8794428780674934,0.2,-2.2502768307924272,1360
71,138,983,60.0,70656,-6.346443299999999,0.011786502978065983,0.0003,-0.12280435860157013,0.09453125,0.009891218,-0.019097231852356344,0.9121474474668503,0.2,-2.260599836707115,1370
71,139,990,60.0,71168,-6.344339620000002,0.01423147261957638,0.0003,-0.174155130982399,0.166015625,0.01758681,-0.024145389714976772,0.8276998847723007,0.2,-2.2454611986875532,1380
71,140,996,60.0,71680,-6.365583199999999,0.016692675941158086,0.0003,-0.1475435048341751,0.1619140625,0.013414631,-0.029455399315338582,0.8602215349674225,0.2,-2.290927791595459,1390
71,141,1003,60.0,72192,-6.37674324,0.008248894204734824,0.0003,-0.1462099403142929,0.0962890625,0.011181653,-0.01652597858919762,0.9206255301833153,0.2,-2.307299381494522,1400
71,142,1010,60.0,72704,-6.413331049999999,0.010350045113591477,0.0003,-0.13176526129245758,0.071484375,0.010188644,-0.0131851582438685,0.8898765593767166,0.2,-2.2959669798612596,1410
71,143,1017,60.0,73216,-6.457619859999999,0.010912949097109959,0.0003,-0.14704114198684692,0.1494140625,0.014183316,-0.028936600708402694,0.8673885762691498,0.2,-2.350983074307442,1420
71,144,1024,60.0,73728,-6.419696560000001,0.014210345613537356,0.0003,-0.15769438445568085,0.1796875,0.01329105,-0.026065144594758748,0.8422012776136398,0.2,-2.327655977010727,1430
72,145,1031,60.0,74240,-6.45802461,0.01002601754735224,0.0003,-0.14154276251792908,0.14921875,0.013563939,-0.023728356626816095,0.9050156474113464,0.2,-2.2960220694541933,1440
72,146,1037,60.0,74752,-6.4879424199999995,0.020208485436160117,0.0003,-0.10619109869003296,0.109375,0.01330626,-0.01554026771336794,0.8415718525648117,0.2,-2.2820093840360642,1450
72,147,1044,60.0,75264,-6.46990653,0.011528453713981434,0.0003,-0.15180277824401855,0.10390625,0.011805886,-0.019590514924493617,0.8870555981993675,0.2,-2.2953918248414995,1460
72,148,1050,60.0,75776,-6.4769904,0.012427808641223236,0.0003,-0.16009217500686646,0.148828125,0.011583237,-0.0224259286391316,0.9162116572260857,0.2,-2.337573507428169,1470
72,149,1057,60.0,76288,-6.4895435899999985,0.006989784963661805,0.0003,-0.14992953836917877,0.106640625,0.013509008,-0.02156227327650413,0.9030474722385406,0.2,-2.311734214425087,1480
72,150,1064,60.0,76800,-6.518421200000001,0.01859189384849742,0.0003,-0.11439897119998932,0.1037109375,0.011495136,-0.02070099228294566,0.8408060818910599,0.2,-2.267581206560135,1490
72,151,1071,60.0,77312,-6.504093869999999,0.014012953196652234,0.0003,-0.14124158024787903,0.1115234375,0.009140802,-0.019955311680678278,0.9081399813294411,0.2,-2.2994369328022004,1500
72,152,1077,60.0,77824,-6.506083609999999,0.01763104220153764,0.0003,-0.1686725616455078,0.067578125,0.010099221,-0.01470490221399814,0.8452329337596893,0.2,-2.263541677594185,1510
72,153,1084,60.0,78336,-6.475519899999999,0.01752167851664126,0.0003,-0.1422843039035797,0.124609375,0.013015298,-0.01754373149597086,0.844421848654747,0.2,-2.287328216433525,1520
72,154,1091,60.0,78848,-6.45178996,0.010733332554809748,0.0003,-0.1428014189004898,0.1013671875,0.012436332,-0.01935808329144493,0.8437266051769257,0.2,-2.288649025559425,1530
72,155,1097,60.0,79360,-6.432577799999999,0.006352203598362393,0.0003,-0.11732020974159241,0.0638671875,0.008655554,-0.017245424794964492,0.9124600514769554,0.2,-2.232959899306297,1540
72,156,1104,60.0,79872,-6.45205402,0.019271818501874805,0.0003,-0.13896231353282928,0.1048828125,0.010356529,-0.01991205195663497,0.8166396170854568,0.2,-2.247524785995483,1550
72,157,1111,60.0,80384,-6.44681693,0.012225657521048561,0.0003,-0.1334744095802307,0.0791015625,0.008879627,-0.020005707000382244,0.9062823355197906,0.2,-2.2449722290039062,1560
72,158,1118,60.0,80896,-6.438214889999999,0.010531946364790202,0.0003,-0.14287085831165314,0.1130859375,0.012155362,-0.02027872027247213,0.8792610168457031,0.2,-2.303052097558975,1570
72,159,1125,60.0,81408,-6.43582122,0.014890866406494752,0.0003,-0.13923457264900208,0.1015625,0.011577919,-0.016779673786368222,0.8462710380554199,0.2,-2.2729073792695997,1580
72,160,1133,60.0,81920,-6.440426879999999,0.008700661652255803,0.0003,-0.11449146270751953,0.1609375,0.01189266,-0.017310851445654408,0.8949908465147018,0.2,-2.310080474615097,1590
72,161,1141,60.0,82432,-6.4312749,0.004672036739066243,0.0003,-0.17433400452136993,0.1025390625,0.011676449,-0.02307647097622976,0.9482837617397308,0.2,-2.287062460184097,1600
72,162,1148,60.0,82944,-6.402220539999998,0.00730506177060306,0.0003,-0.13445913791656494,0.1671875,0.015129883,-0.02718777603004128,0.8984949961304665,0.2,-2.233765071630478,1610
72,163,1155,60.0,83456,-6.37626017,0.012343096849508583,0.0003,-0.1266295611858368,0.0705078125,0.011501465,-0.015686820622067898,0.8749450147151947,0.2,-2.250111091136932,1620
72,164,1162,60.0,83968,-6.3729217700000005,0.01768696478102356,0.0003,-0.1346774697303772,0.1630859375,0.013721578,-0.020646697137271984,0.8435569256544113,0.2,-2.228045034408569,1630
72,165,1170,60.0,84480,-6.414421030000001,0.012109872041037306,0.0003,-0.13432428240776062,0.0978515625,0.010238644,-0.015139761049067602,0.8564548939466476,0.2,-2.235524544119835,1640
72,166,1177,60.0,84992,-6.4409335799999985,0.019263405830133706,0.0003,-0.1592336744070053,0.1169921875,0.010856481,-0.016624975291779264,0.8367363661527634,0.2,-2.2814996898174287,1650
72,167,1183,60.0,85504,-6.45025353,0.010848649707622827,0.0003,-0.15377481281757355,0.099609375,0.010742746,-0.016424202121561392,0.9066838473081589,0.2,-2.277689701318741,1660
72,168,1190,60.0,86016,-6.447232829999999,0.010985683649778366,0.0003,-0.14743931591510773,0.1337890625,0.012430315,-0.022454576345626264,0.8799348250031471,0.2,-2.308986547589302,1670
72,169,1197,60.0,86528,-6.436119490000001,0.018567785003688185,0.0003,-0.13114777207374573,0.073046875,0.009913524,-0.0172044369042851,0.8369655907154083,0.2,-2.317842587828636,1680
72,170,1204,60.0,87040,-6.457301190000001,0.011053144704783335,0.0003,-0.1346777081489563,0.117578125,0.011858911,-0.024278392596170307,0.8979368433356285,0.2,-2.3098936796188356,1690
72,171,1210,60.0,87552,-6.453776589999999,0.009129520884016529,0.0003,-0.12494989484548569,0.097265625,0.011676313,-0.020890090067405255,0.9175022020936012,0.2,-2.3039026111364365,1700
72,172,1217,60.0,88064,-6.452428479999998,0.013550006144214422,0.0003,-0.1693630963563919,0.0873046875,0.010834683,-0.019203977298457176,0.8820603713393211,0.2,-2.272858187556267,1710
72,173,1224,60.0,88576,-6.463191909999999,0.014363410195801406,0.0003,-0.15249289572238922,0.1330078125,0.011149691,-0.02595838540000841,0.8945755138993263,0.2,-2.207893857359886,1720
72,174,1231,60.0,89088,-6.4894089600000004,0.010537746967747808,0.0003,-0.17224064469337463,0.13984375,0.013127627,-0.02571552445879206,0.9158332571387291,0.2,-2.2650822937488555,1730
72,175,1237,60.0,89600,-6.473111909999999,0.006105207744985819,0.0003,-0.123748779296875,0.1099609375,0.010928191,-0.022016342706047,0.94236234202981,0.2,-2.209430941939354,1740
72,176,1244,60.0,90112,-6.487200509999999,0.017831357114482672,0.0003,-0.12111766636371613,0.100390625,0.0102925915,-0.016083370303385892,0.8618866950273514,0.2,-2.2396434128284453,1750
72,177,1251,60.0,90624,-6.485083910000001,0.013644847378600389,0.0003,-0.16092349588871002,0.17109375,0.011892761,-0.027050740586128087,0.8388080298900604,0.2,-2.255657598376274,1760
72,178,1258,60.0,91136,-6.44966451,0.013912365317810326,0.0003,-0.14265835285186768,0.1232421875,0.011398269,-0.01971489950083196,0.8620700091123581,0.2,-2.2745427548885346,1770
72,179,1264,60.0,91648,-6.422109779999999,0.007075701068970375,0.0003,-0.11213678121566772,0.1421875,0.01242156,-0.01863965162774548,0.931198351085186,0.2,-2.264000377058983,1780
72,180,1272,60.0,92160,-6.393401829999999,0.006717955143540166,0.0003,-0.16318805515766144,0.116015625,0.012955928,-0.023117535281926394,0.9009323343634605,0.2,-2.217545065283775,1790
72,181,1278,60.0,92672,-6.394975970000001,0.012322677479824051,0.0003,-0.14437884092330933,0.1330078125,0.0148056,-0.023854437074624,0.893703892827034,0.2,-2.2451189339160917,1800
72,182,1285,60.0,93184,-6.38740118,0.008021326386369765,0.0003,-0.154221311211586,0.140625,0.013876559,-0.02473190241144039,0.9093448892235756,0.2,-2.2853387773036955,1810
72,183,1292,60.0,93696,-6.3766273400000015,0.01257262802682817,0.0003,-0.13045752048492432,0.1103515625,0.01251046,-0.016350655618589373,0.9117312952876091,0.2,-2.2088546961545945,1820
72,184,1298,60.0,94208,-6.360716400000001,0.0041053839973756116,0.0003,-0.1510302722454071,0.2140625,0.014283653,-0.030510438862256704,0.9508932121098042,0.2,-2.1867759227752686,1830
72,185,1305,60.0,94720,-6.360163259999999,0.01031054278719239,0.0003,-0.10899657756090164,0.107421875,0.011782461,-0.024834232730790974,0.847782626748085,0.2,-2.1890891253948213,1840
72,186,1312,60.0,95232,-6.332271550000001,0.010951674467651173,0.0003,-0.1724366545677185,0.16484375,0.013984399,-0.02883900880115107,0.8364544808864594,0.2,-2.1816809475421906,1850
72,187,1318,60.0,95744,-6.347444100000001,0.006245944075635635,0.0003,-0.13041560351848602,0.10078125,0.01074439,-0.021727164497133345,0.935036189854145,0.2,-2.1921622425317766,1860
72,188,1326,60.0,96256,-6.31423457,0.018328840611502528,0.0003,-0.12269710004329681,0.11484375,0.012878595,-0.018368224275764077,0.8154033720493317,0.2,-2.1887498527765272,1870
72,189,1332,60.0,96768,-6.32163306,0.008358637950732373,0.0003,-0.12757712602615356,0.0984375,0.014332868,-0.018451230059145018,0.8523238748311996,0.2,-2.212539204955101,1880
72,190,1339,60.0,97280,-6.297321049999999,0.016172355000162498,0.0003,-0.150296151638031,0.137890625,0.0134255085,-0.026153498687199316,0.8239085376262665,0.2,-2.1923290342092514,1890
72,191,1345,60.0,97792,-6.337622230000001,0.011558581347344443,0.0003,-0.11719074100255966,0.0994140625,0.0128434505,-0.0189488626900129,0.8808297663927078,0.2,-2.156275621056557,1900
72,192,1352,60.0,98304,-6.357774389999999,0.019683382601942866,0.0003,-0.11296617239713669,0.1623046875,0.016702704,-0.022676268528448416,0.8168170005083084,0.2,-2.1438281655311586,1910
72,193,1358,60.0,98816,-6.36282081,0.013969506596913562,0.0003,-0.14683054387569427,0.11953125,0.012591246,-0.02154762969003059,0.8647572845220566,0.2,-2.2014733761548997,1920
72,194,1365,60.0,99328,-6.355101840000002,0.017256258497945966,0.0003,-0.13698559999465942,0.1125,0.010425394,-0.018891802278812975,0.8306900858879089,0.2,-2.0819985017180445,1930
72,195,1373,60.0,99840,-6.36777817,0.01581400366849266,0.0003,-0.14203345775604248,0.1478515625,0.010797158,-0.02404656769358553,0.9033433869481087,0.2,-2.161336523294449,1940
72,196,1379,60.0,100352,-6.38787116,0.01152886621421203,0.0003,-0.14186766743659973,0.083984375,0.009711144,-0.015175113850273193,0.8503664433956146,0.2,-2.175117349624634,1950
72,197,1386,60.0,100864,-6.40709601,0.020363386406097563,0.0003,-0.13247279822826385,0.085546875,0.010205708,-0.01621782339352649,0.659305065870285,0.2,-2.103788098692894,1960
72,198,1392,60.0,101376,-6.4134383,0.011246573639800772,0.0003,-0.12040802091360092,0.0931640625,0.010977136,-0.014040024884161539,0.8825621604919434,0.2,-2.083051347732544,1970
72,199,1399,60.0,101888,-6.406803449999997,0.01783500994788483,0.0003,-0.07970857620239258,0.151171875,0.0123037435,-0.012675468937959521,0.8489659875631332,0.2,-2.139856034517288,1980
72,200,1406,60.0,102400,-6.427661360000001,0.015895731467753648,0.0003,-0.13930873572826385,0.1193359375,0.01257538,-0.02079779114574194,0.8083959072828293,0.2,-2.0680702909827233,1990
72,201,1413,60.0,102912,-6.405351190000001,0.011993647081544623,0.0003,-0.09055633097887039,0.0935546875,0.010064302,-0.01709622406051494,0.8729809522628784,0.2,-2.0658464968204497,2000
72,202,1419,60.0,103424,-6.44956098,0.01224765574443154,0.0003,-0.11782018840312958,0.098828125,0.013861643,-0.016118308366276323,0.8699409812688828,0.2,-2.1604623973369597,2010
72,203,1427,60.0,103936,-6.429048170000001,0.019549427239689977,0.0003,-0.12521345913410187,0.1138671875,0.011300078,-0.01861314781708643,0.8483559638261795,0.2,-2.202558109164238,2020
72,204,1433,60.0,104448,-6.414635550000001,0.013675207627238705,0.0003,-0.16445201635360718,0.1404296875,0.017858189,-0.026740884635364635,0.8876850605010986,0.2,-2.18073793053627,2030
72,205,1440,60.0,104960,-6.39944525,0.02190290406579152,0.0003,-0.16107134521007538,0.1373046875,0.0119950045,-0.01762249888270162,0.8693329244852066,0.2,-2.209427696466446,2040
72,206,1446,60.0,105472,-6.402209970000001,0.010156418895348907,0.0003,-0.14819517731666565,0.120703125,0.012496306,-0.0200678602210246,0.9042689427733421,0.2,-2.1648215293884276,2050
72,207,1453,60.0,105984,-6.39140066,0.024441630532965063,0.0003,-0.11066040396690369,0.1126953125,0.010206387,-0.016968907066620888,0.756376102566719,0.2,-2.2386542737483976,2060
72,208,1459,60.0,106496,-6.390182149999999,0.00845687041291967,0.0003,-0.16051967442035675,0.131640625,0.010760398,-0.022017830761615186,0.8859719038009644,0.2,-2.1880528926849365,2070
72,209,1466,60.0,107008,-6.385674250000001,0.01263053304865025,0.0003,-0.12079678475856781,0.119140625,0.013992786,-0.025939155544620007,0.8364949226379395,0.2,-2.183252251148224,2080
72,210,1473,60.0,107520,-6.365370809999999,0.004745191763504408,0.0003,-0.11812666803598404,0.1197265625,0.010537902,-0.018666878680232913,0.9511161185801029,0.2,-2.1752344399690626,2090
72,211,1480,60.0,108032,-6.361751319999999,0.005441718889051117,0.0003,-0.16524462401866913,0.09375,0.011409271,-0.021433752222219483,0.9231708496809006,0.2,-2.1924512475728988,2100
72,212,1487,60.0,108544,-6.397930399999999,0.010730292921653017,0.0003,-0.137880340218544,0.1375,0.011283739,-0.022666529362322763,0.9221486449241638,0.2,-2.1676663160324097,2110
73,213,1493,60.0,109056,-6.40489811,0.021580433240160346,0.0003,-0.11380517482757568,0.0982421875,0.0105702225,-0.020125348737929018,0.7768000662326813,0.2,-2.1049771130084993,2120
73,214,1500,60.0,109568,-6.39499423,0.018277173954993488,0.0003,-0.11807310581207275,0.0939453125,0.010939103,-0.016606597136706112,0.8627842962741852,0.2,-2.1417578399181365,2130
73,215,1506,60.0,110080,-6.375906819999998,0.013206276611890643,0.0003,-0.1273873746395111,0.0751953125,0.011946125,-0.014130709652090446,0.8327048569917679,0.2,-2.160355547070503,2140
73,216,1513,60.0,110592,-6.31051133,0.004161557339830324,0.0003,-0.16470235586166382,0.10546875,0.011002151,-0.017190311872400343,0.9450317807495594,0.2,-2.124843046069145,2150
73,217,1519,60.0,111104,-6.319181419999999,0.009769752048305236,0.0003,-0.15216460824012756,0.0884765625,0.011632093,-0.018396825515083037,0.8403618186712265,0.2,-2.085580414533615,2160
73,218,1527,60.0,111616,-6.310647400000001,0.01846079749520868,0.0003,-0.08722804486751556,0.0908203125,0.014668299,-0.01734804400475696,0.6855061650276184,0.2,-2.089153343439102,2170
73,219,1534,60.0,112128,-6.32252246,0.022937058925163,0.0003,-0.12439477443695068,0.1310546875,0.013496206,-0.014960463240277022,0.8022470027208328,0.2,-2.1566750913858415,2180
73,220,1540,60.0,112640,-6.337629660000001,0.012829004018567503,0.0003,-0.11806388199329376,0.083203125,0.009559039,-0.015608647209592163,0.8989276960492134,0.2,-2.151530796289444,2190
73,221,1547,60.0,113152,-6.341534049999999,0.02306542918086052,0.0003,-0.1352708339691162,0.0916015625,0.011667475,-0.013650288456119597,0.7281932234764099,0.2,-2.1721705555915833,2200
73,222,1554,60.0,113664,-6.357824240000001,0.024528864538297057,0.0003,-0.14749926328659058,0.1,0.011332528,-0.020575736195314675,0.7866522967815399,0.2,-2.1244528859853746,2210
73,223,1560,60.0,114176,-6.339138969999999,0.01848193322075531,0.0003,-0.10812803357839584,0.1236328125,0.011780949,-0.022106452693697064,0.8024539351463318,0.2,-2.1726857364177703,2220
73,224,1567,60.0,114688,-6.3528474300000015,0.010618777328636498,0.0003,-0.1417585015296936,0.1109375,0.010122371,-0.019630278705153614,0.9073288962244987,0.2,-2.206252154707909,2230
73,225,1574,60.0,115200,-6.33989714,0.016068446880672126,0.0003,-0.15245185792446136,0.094921875,0.010545373,-0.01473702498478815,0.8809325024485588,0.2,-2.2459819585084917,2240
73,226,1581,60.0,115712,-6.37703849,0.012611766019836069,0.0003,-0.13417387008666992,0.1041015625,0.010563202,-0.02425861528608948,0.9237231090664864,0.2,-2.2173598170280457,2250
73,227,1587,60.0,116224,-6.382263160000001,0.017280567507259547,0.0003,-0.13117873668670654,0.0798828125,0.008118971,-0.014045964338583872,0.8931371420621872,0.2,-2.2076694697141646,2260
73,228,1594,60.0,116736,-6.426935240000001,0.017661688686348497,0.0003,-0.14004194736480713,0.1609375,0.013760375,-0.02210878983605653,0.85372693836689,0.2,-2.233930987119675,2270
73,229,1600,60.0,117248,-6.4711279600000005,0.004931833225418814,0.0003,-0.15611368417739868,0.1421875,0.013201933,-0.022718756960239263,0.9484553448855877,0.2,-2.292327347397804,2280
73,230,1608,60.0,117760,-6.43816704,0.004211251118977089,0.0003,-0.13437341153621674,0.089453125,0.010750096,-0.019628338038455696,0.9462898187339306,0.2,-2.270347484946251,2290
73,231,1617,60.0,118272,-6.418844509999999,0.011815424892120063,0.0003,-0.1559576839208603,0.073046875,0.008171616,-0.019603370665572585,0.8988835588097572,0.2,-2.226203966140747,2300
72,232,1629,60.0,118784,-6.417721460000001,0.01594388820230961,0.0003,-0.12151306122541428,0.115625,0.013933606,-0.015794173954054712,0.8769686743617058,0.2,-2.232990211248398,2310
72,233,1638,60.0,119296,-6.42256895,0.011458378186216579,0.0003,-0.13707628846168518,0.197265625,0.014351469,-0.031732001958880575,0.9055232033133507,0.2,-2.219521090388298,2320
72,234,1646,60.0,119808,-6.41421803,0.01173186328378506,0.0003,-0.1361818164587021,0.090625,0.009142928,-0.015954642120050266,0.9015030711889267,0.2,-2.242806965112686,2330
72,235,1655,60.0,120320,-6.401572740000001,0.016190025839023292,0.0003,-0.14150609076023102,0.0658203125,0.010070676,-0.015527064818888903,0.8491724878549576,0.2,-2.263122555613518,2340
72,236,1662,60.0,120832,-6.3597065299999995,0.01262747982982546,0.0003,-0.12972304224967957,0.091015625,0.011019614,-0.01718517643166706,0.855015903711319,0.2,-2.2384519219398498,2350
72,237,1669,60.0,121344,-6.3365989,0.010879523784387857,0.0003,-0.12133664637804031,0.1076171875,0.012988795,-0.02414886620827019,0.8715998977422714,0.2,-2.1899469166994097,2360
72,238,1675,60.0,121856,-6.355202520000001,0.03298402456566692,0.0003,-0.13424381613731384,0.0791015625,0.009926002,-0.016497734177391976,0.7061375081539154,0.2,-2.202783849835396,2370
72,239,1682,60.0,122368,-6.36210987,0.009164738288382069,0.0003,-0.15234757959842682,0.156640625,0.015288728,-0.027782638440839946,0.8348086029291153,0.2,-2.2210546344518662,2380
72,240,1689,60.0,122880,-6.3636956599999985,0.009875036461744457,0.0003,-0.12777362763881683,0.1890625,0.015877953,-0.028406404727138578,0.9000699371099472,0.2,-2.2613187193870545,2390
72,241,1696,60.0,123392,-6.39604508,0.011083851417060942,0.0003,-0.14547492563724518,0.0884765625,0.0108626,-0.022378413728438316,0.8915548473596573,0.2,-2.2559152483940124,2400
72,242,1703,60.0,123904,-6.400527709999999,0.014377741719363258,0.0003,-0.1510774791240692,0.118359375,0.012381375,-0.01916970146703534,0.8511825799942017,0.2,-2.2891756176948546,2410
72,243,1709,60.0,124416,-6.3786694499999985,0.006119350882363506,0.0003,-0.15769241750240326,0.1169921875,0.0114641525,-0.02515250938013196,0.9102633744478226,0.2,-2.290821287035942,2420
72,244,1716,60.0,124928,-6.356196499999999,0.0032787672374979594,0.0003,-0.15558350086212158,0.184375,0.014638197,-0.02630897801136598,0.9421399533748627,0.2,-2.2267803341150283,2430
72,245,1722,60.0,125440,-6.340433310000001,0.015691663773031904,0.0003,-0.14772412180900574,0.15078125,0.013706137,-0.02630096994689666,0.645088791847229,0.2,-2.171010595560074,2440
72,246,1729,60.0,125952,-6.392538999999999,0.016141231008805334,0.0003,-0.11836203932762146,0.155078125,0.012790368,-0.02335788981290534,0.8564206212759018,0.2,-2.260771909356117,2450
72,247,1735,60.0,126464,-6.372055829999999,0.015683015226386487,0.0003,-0.09973340481519699,0.0900390625,0.010525358,-0.017307592392899095,0.7992837280035019,0.2,-2.2438817620277405,2460
72,248,1743,60.0,126976,-6.37772193,0.0066092822147766125,0.0003,-0.1596529483795166,0.0962890625,0.009840507,-0.020941748941550032,0.90581876039505,0.2,-2.2182257413864135,2470
72,249,1749,60.0,127488,-6.396520850000001,0.01009843054926023,0.0003,-0.1462850421667099,0.124609375,0.010618692,-0.024769843835383654,0.8696209490299225,0.2,-2.1778572738170623,2480
72,250,1756,60.0,128000,-6.42052416,0.014059979643207043,0.0003,-0.12126392871141434,0.0609375,0.008724125,-0.014804263348923995,0.8857035040855408,0.2,-2.2218882024288176,2490
72,251,1762,60.0,128512,-6.398905330000002,0.008547035598894581,0.0003,-0.16562971472740173,0.14609375,0.014093034,-0.03028719361172989,0.9215908721089363,0.2,-2.2051355332136153,2500
72,252,1769,60.0,129024,-6.42998398,0.013054052635561674,0.0003,-0.14633071422576904,0.1162109375,0.01293754,-0.022014156566001475,0.8475051373243332,0.2,-2.21226609647274,2510
72,253,1776,60.0,129536,-6.419233770000001,0.019295360741671173,0.0003,-0.1190352588891983,0.1591796875,0.013221336,-0.018724195653339847,0.843454971909523,0.2,-2.223138007521629,2520
72,254,1782,60.0,130048,-6.4403140500000005,0.012474846205441282,0.0003,-0.1701129823923111,0.0697265625,0.011415858,-0.020122601118055174,0.9136552512645721,0.2,-2.1905700355768203,2530
72,255,1790,60.0,130560,-6.458686930000002,0.01438047462143004,0.0003,-0.14035862684249878,0.119921875,0.012002288,-0.02186206118494738,0.9106722474098206,0.2,-2.21360464990139,2540
72,256,1796,60.0,131072,-6.47332404,0.008684770070249214,0.0003,-0.11728273332118988,0.11796875,0.011356734,-0.017540179099887608,0.83556067943573,0.2,-2.2270668148994446,2550
72,257,1803,60.0,131584,-6.436536359999998,0.004267677343159448,0.0003,-0.139374241232872,0.059375,0.011131318,-0.015590807585977019,0.9294672384858131,0.2,-2.226260486245155,2560
72,258,1810,60.0,132096,-6.4255151,0.005220787369762547,0.0003,-0.14742670953273773,0.095703125,0.011434145,-0.020446615840774028,0.9435072056949139,0.2,-2.22280552983284,2570
72,259,1817,60.0,132608,-6.459719879999999,0.009886987443314866,0.0003,-0.14846962690353394,0.10078125,0.0111968,-0.0236706952622626,0.81266750395298,0.2,-2.2145178467035294,2580
72,260,1824,60.0,133120,-6.47484785,0.02631292991572991,0.0003,-0.1540772020816803,0.2080078125,0.016077008,-0.02685996681684628,0.7282199263572693,0.2,-2.2241822987794877,2590
72,261,1830,60.0,133632,-6.466812409999999,0.013052677147788927,0.0003,-0.14927074313163757,0.1236328125,0.01133498,-0.02295427260687575,0.8945029526948929,0.2,-2.2022340655326844,2600
72,262,1837,60.0,134144,-6.48318671,0.0198062046431005,0.0003,-0.13979491591453552,0.1333984375,0.0134138195,-0.025283706292975695,0.8655969798564911,0.2,-2.2287747859954834,2610
72,263,1844,60.0,134656,-6.46585614,0.009910013881744817,0.0003,-0.1335044950246811,0.0841796875,0.013802197,-0.023428733483888207,0.838410347700119,0.2,-2.217702731490135,2620
73,264,1851,60.0,135168,-6.428668209999999,0.017687883350299673,0.0003,-0.12764917314052582,0.071484375,0.009135479,-0.016336891555693,0.8488141596317291,0.2,-2.216110014915466,2630
73,265,1858,60.0,135680,-6.450095190000001,0.005540701135760173,0.0003,-0.13067899644374847,0.1173828125,0.011075081,-0.022369698504917324,0.9490631483495235,0.2,-2.1869991600513456,2640
73,266,1864,60.0,136192,-6.438698989999999,0.019633720570709556,0.0003,-0.1511421799659729,0.2119140625,0.014318669,-0.030605185823515058,0.8186828047037125,0.2,-2.221136784553528,2650
73,267,1871,60.0,136704,-6.478708289999999,0.012223777669714764,0.0003,-0.14773428440093994,0.1388671875,0.013077557,-0.021755193767603487,0.8930440619587898,0.2,-2.2125690281391144,2660
73,268,1878,60.0,137216,-6.486459420000001,0.011257335089612752,0.0003,-0.15081705152988434,0.13359375,0.013772218,-0.020877216680673882,0.8851249888539314,0.2,-2.2343709975481034,2670
73,269,1884,60.0,137728,-6.51450581,0.009878740855492651,0.0003,-0.15951131284236908,0.173046875,0.013916617,-0.030350138247013093,0.9124530553817749,0.2,-2.1995716422796248,2680
73,270,1892,60.0,138240,-6.517251110000002,0.01597093622549437,0.0003,-0.1593925952911377,0.066796875,0.011591877,-0.018670750642195345,0.8894213140010834,0.2,-2.1936922818422318,2690
73,271,1898,60.0,138752,-6.51833146,0.005576521923649125,0.0003,-0.13724082708358765,0.12578125,0.01161642,-0.019705654494464396,0.9447612091898918,0.2,-2.2498380333185195,2700
73,272,1906,60.0,139264,-6.507261649999999,0.0126803990395274,0.0003,-0.13250766694545746,0.099609375,0.011282797,-0.019719932659063487,0.9100543931126595,0.2,-2.234406942129135,2710
73,273,1912,60.0,139776,-6.46294428,0.008858258416876198,0.0003,-0.14176928997039795,0.069140625,0.007874658,-0.02003201497136615,0.844530463218689,0.2,-2.2209111362695695,2720
73,274,1919,60.0,140288,-6.50789631,0.016402343718800692,0.0003,-0.142795592546463,0.115625,0.010812124,-0.0241096269688569,0.8363993316888809,0.2,-2.267089328169823,2730
73,275,1926,60.0,140800,-6.51530787,0.012040056759724393,0.0003,-0.15701720118522644,0.1181640625,0.010587404,-0.02337351308669895,0.8633560687303543,0.2,-2.297626519203186,2740
73,276,1933,60.0,141312,-6.511878959999999,0.005507566372398287,0.0003,-0.1652296930551529,0.127734375,0.011143822,-0.020277469500433652,0.955699011683464,0.2,-2.321546921133995,2750
73,277,1939,60.0,141824,-6.49575199,0.01185152183752507,0.0003,-0.161139577627182,0.1630859375,0.013592072,-0.025382646778598427,0.9143939316272736,0.2,-2.2812105417251587,2760
72,278,1950,60.0,142336,-6.48419696,0.009238919033668936,0.0003,-0.162133127450943,0.16484375,0.012551817,-0.029352096456568687,0.9312004521489143,0.2,-2.2853285133838654,2770
72,279,1958,60.0,142848,-6.465849540000001,0.005950807043700479,0.0003,-0.16335055232048035,0.1576171875,0.013819873,-0.023990497249178587,0.9491838328540325,0.2,-2.299077758193016,2780
72,280,1965,60.0,143360,-6.433893810000001,0.0046611192490672694,0.0003,-0.15789777040481567,0.138671875,0.015011444,-0.029454461322166024,0.957871176302433,0.2,-2.230471965670586,2790
72,281,1973,60.0,143872,-6.39664036,0.008420946262776851,0.0003,-0.14848731458187103,0.155859375,0.011481843,-0.028652750770561397,0.9101879596710205,0.2,-2.232536271214485,2800
72,282,1982,60.0,144384,-6.36369561,0.010591357748489827,0.0003,-0.12348673492670059,0.1833984375,0.01303808,-0.027499221544712783,0.8303441256284714,0.2,-2.1707496732473373,2810
72,283,1989,60.0,144896,-6.37535487,0.0075377693341579285,0.0003,-0.11224063485860825,0.10546875,0.011432271,-0.02106439545750618,0.8440278470516205,0.2,-2.154950720071793,2820
72,284,1997,60.0,145408,-6.38329663,0.01264157634577714,0.0003,-0.12805722653865814,0.13515625,0.01449623,-0.02100571386399679,0.7726712077856064,0.2,-2.1117651224136353,2830
72,285,2007,60.0,145920,-6.393907810000001,0.020180226815864444,0.0003,-0.11034652590751648,0.1408203125,0.012007159,-0.014429408812429757,0.8114948719739914,0.2,-2.150843361020088,2840
72,286,2013,60.0,146432,-6.372364829999998,0.015029622305883094,0.0003,-0.10356456786394119,0.0607421875,0.009648324,-0.013797754846746103,0.7976684719324112,0.2,-2.148889312148094,2850
72,287,2020,60.0,146944,-6.37267199,0.02738361827796325,0.0003,-0.11887767910957336,0.128515625,0.009830907,-0.021427863917779177,0.8030807226896286,0.2,-2.18652486205101,2860
72,288,2027,60.0,147456,-6.327264500000001,0.009557121491525322,0.0003,-0.1353471875190735,0.113671875,0.0110570695,-0.02155617278185673,0.8321161568164825,0.2,-2.1503902971744537,2870
72,289,2034,60.0,147968,-6.294964529999999,0.007458131888415665,0.0003,-0.10776658356189728,0.1359375,0.013331076,-0.021018442540662364,0.9028520733118057,0.2,-2.150766780972481,2880
72,290,2042,60.0,148480,-6.32042051,0.004436962932231836,0.0003,-0.17342615127563477,0.1482421875,0.013334378,-0.021845450275577605,0.948760848492384,0.2,-2.2028119921684266,2890
72,291,2049,60.0,148992,-6.312210630000001,0.013316793652484194,0.0003,-0.1335163414478302,0.10390625,0.011336306,-0.019032810296630488,0.8699152320623398,0.2,-2.2264455020427705,2900
72,292,2056,60.0,149504,-6.338527699999999,0.010187549269176088,0.0003,-0.1436084508895874,0.1400390625,0.012239855,-0.017264382808934896,0.8658749610185623,0.2,-2.196146696805954,2910
72,293,2064,60.0,150016,-6.36342125,0.01022517702076584,0.0003,-0.152094304561615,0.128515625,0.011606606,-0.0219957516877912,0.9122125282883644,0.2,-2.236135348677635,2920
72,294,2071,60.0,150528,-6.401709460000001,0.012241714634001255,0.0003,-0.13997001945972443,0.105078125,0.011306925,-0.018360443267738447,0.869459256529808,0.2,-2.2296203106641768,2930
72,295,2077,60.0,151040,-6.380095319999999,0.018601354327984154,0.0003,-0.11371135711669922,0.1458984375,0.013316931,-0.02404558632406406,0.8261981010437012,0.2,-2.196053037047386,2940
72,296,2084,60.0,151552,-6.337129640000001,0.01928767396020703,0.0003,-0.10452169924974442,0.1384765625,0.012102885,-0.021825749933486804,0.785220667719841,0.2,-2.216244265437126,2950
72,297,2091,60.0,152064,-6.349585439999999,0.011230614682426676,0.0003,-0.16361664235591888,0.1451171875,0.01402057,-0.028290604415815324,0.8519488126039505,0.2,-2.1854440182447434,2960
72,298,2098,60.0,152576,-6.341443900000001,0.01881327760638669,0.0003,-0.1535528004169464,0.0638671875,0.008770816,-0.014509101107250899,0.7220302224159241,0.2,-2.2287772715091707,2970
72,299,2105,60.0,153088,-6.365977469999999,0.014150241168681531,0.0003,-0.1232585683465004,0.16171875,0.014737662,-0.02510000154725276,0.857882097363472,0.2,-2.2747031897306442,2980
72,300,2113,60.0,153600,-6.43023269,0.010021413129288703,0.0003,-0.14165721833705902,0.084375,0.011188807,-0.01624309541657567,0.9130032807588577,0.2,-2.256317064166069,2990
72,301,2119,60.0,154112,-6.43123252,0.009540413419017568,0.0003,-0.13831107318401337,0.1267578125,0.011612143,-0.02413964280858636,0.9260674938559532,0.2,-2.280310019850731,3000
72,302,2127,60.0,154624,-6.421230990000001,0.012115527468267828,0.0003,-0.11536087840795517,0.0576171875,0.0089227585,-0.014127009903313592,0.8356834053993225,0.2,-2.3104841262102127,3010
72,303,2133,60.0,155136,-6.42891918,0.00888430152554065,0.0003,-0.1537467986345291,0.1818359375,0.014067264,-0.027703044313238934,0.8600073158740997,0.2,-2.2778929710388183,3020
72,304,2140,60.0,155648,-6.430868459999999,0.013783133728429675,0.0003,-0.14327210187911987,0.1939453125,0.013625046,-0.025107821665005758,0.8262960314750671,0.2,-2.306107386946678,3030
72,305,2147,60.0,156160,-6.4549781500000005,0.009009559627156705,0.0003,-0.16779296100139618,0.1111328125,0.011875885,-0.01832765306462534,0.906959280371666,0.2,-2.2986678957939146,3040
72,306,2154,60.0,156672,-6.43195807,0.005094136408297345,0.0003,-0.16722837090492249,0.177734375,0.013852342,-0.02899207315640524,0.9451973922550678,0.2,-2.344772493839264,3050
72,307,2161,60.0,157184,-6.441404960000001,0.00978028422105126,0.0003,-0.13019882142543793,0.04453125,0.008206245,-0.010344009497202933,0.8962330222129822,0.2,-2.3345748841762544,3060
72,308,2169,60.0,157696,-6.4344436,0.004320006453781389,0.0003,-0.14857181906700134,0.10703125,0.010669107,-0.018914006190607326,0.9169664457440376,0.2,-2.3165118128061293,3070
72,309,2176,60.0,158208,-6.459658329999999,0.008504697500029579,0.0003,-0.13246092200279236,0.105078125,0.011934273,-0.01761420745169744,0.8731652647256851,0.2,-2.3073511600494383,3080
72,310,2183,60.0,158720,-6.4407280400000015,0.006165779984439723,0.0003,-0.1611478477716446,0.1154296875,0.0137942275,-0.021207898866850882,0.9238642081618309,0.2,-2.297220727801323,3090
72,311,2191,60.0,159232,-6.403768329999999,0.022050700976978987,0.0003,-0.11977468430995941,0.148828125,0.015063515,-0.025493644690141083,0.765919879078865,0.2,-2.2888434708118437,3100
72,312,2199,60.0,159744,-6.43017037,0.009540823998395353,0.0003,-0.161377415060997,0.059765625,0.009299813,-0.01819682774366811,0.8978372886776924,0.2,-2.2573892176151276,3110
72,313,2206,60.0,160256,-6.43902799,0.012725677667185664,0.0003,-0.15351799130439758,0.1751953125,0.01461558,-0.022057925118133426,0.9033027663826942,0.2,-2.2681436240673065,3120
72,314,2213,60.0,160768,-6.467042320000001,0.005440878579975106,0.0003,-0.14775516092777252,0.155859375,0.012935112,-0.02583300167461857,0.9289623126387596,0.2,-2.285749489068985,3130
72,315,2221,60.0,161280,-6.456944139999999,0.0103964013280347,0.0003,-0.13753436505794525,0.1513671875,0.014974454,-0.022730222472455354,0.9119464606046677,0.2,-2.286531773209572,3140
72,316,2228,60.0,161792,-6.45006128,0.00887093405763153,0.0003,-0.1642933189868927,0.1697265625,0.014421895,-0.021061590395402164,0.9167383387684822,0.2,-2.306000679731369,3150
72,317,2235,60.0,162304,-6.448018209999999,0.0075059350463561715,0.0003,-0.13955913484096527,0.13515625,0.01361572,-0.03247308915597387,0.9357741624116898,0.2,-2.2956638664007185,3160
72,318,2241,60.0,162816,-6.4392752699999996,0.01020771278126631,0.0003,-0.15474793314933777,0.107421875,0.013810811,-0.01768027168000117,0.9007189646363258,0.2,-2.289062061905861,3170
72,319,2248,60.0,163328,-6.475440100000001,0.009340334581793286,0.0003,-0.13315162062644958,0.14140625,0.012355357,-0.025010133918840438,0.8585844933986664,0.2,-2.257471391558647,3180
72,320,2255,60.0,163840,-6.493234860000001,0.006477767281467095,0.0003,-0.17185057699680328,0.147265625,0.013503213,-0.02865200054075103,0.9265843853354454,0.2,-2.2554679691791533,3190
72,321,2262,60.0,164352,-6.48907253,0.012451771169435234,0.0003,-0.11439848691225052,0.04921875,0.009612825,-0.014832456107251346,0.8903778791427612,0.2,-2.242803093791008,3200
72,322,2269,60.0,164864,-6.476815790000002,0.00792363245273009,0.0003,-0.1479874849319458,0.0958984375,0.009271999,-0.02124851116677746,0.9108573421835899,0.2,-2.27172689139843,3210
72,323,2277,60.0,165376,-6.488381760000001,0.0038478176618809814,0.0003,-0.16682367026805878,0.1599609375,0.012611661,-0.027371703053358943,0.937392570078373,0.2,-2.2400600582361223,3220
72,324,2285,60.0,165888,-6.43533003,0.010402996072662063,0.0003,-0.14161142706871033,0.12421875,0.012961557,-0.02191379863070324,0.8991649299860001,0.2,-2.2661996722221374,3230
72,325,2293,60.0,166400,-6.437861280000001,0.009198398102307692,0.0003,-0.128243550658226,0.1125,0.012899412,-0.020901264424901457,0.8914708644151688,0.2,-2.2547040313482283,3240
72,326,2300,60.0,166912,-6.414719179999999,0.006321176310302689,0.0003,-0.15564033389091492,0.20625,0.015232347,-0.032280400296440345,0.9015016630291939,0.2,-2.2149825930595397,3250
72,327,2308,60.0,167424,-6.386822079999998,0.009890869772061706,0.0003,-0.1508217602968216,0.1267578125,0.010943528,-0.022559979127254336,0.9124854132533073,0.2,-2.193312630057335,3260
72,328,2315,60.0,167936,-6.3936838499999995,0.017600095400121064,0.0003,-0.1352633684873581,0.13125,0.011194439,-0.021499135199701414,0.8208210468292236,0.2,-2.083569249510765,3270
72,329,2323,60.0,168448,-6.395363520000001,0.010321283404482528,0.0003,-0.1360219568014145,0.0798828125,0.011929068,-0.017315584525931627,0.9156828448176384,0.2,-2.135113263130188,3280
72,330,2331,60.0,168960,-6.40672688,0.009160550672095268,0.0003,-0.15155228972434998,0.178515625,0.02077385,-0.026878889452200384,0.8892277479171753,0.2,-2.1836560279130937,3290
72,331,2339,60.0,169472,-6.381692559999999,0.005979406810365617,0.0003,-0.13558608293533325,0.1466796875,0.01834123,-0.023452990676742048,0.9394241012632847,0.2,-2.194356119632721,3300
72,332,2348,60.0,169984,-6.332911719999999,0.021387303026858717,0.0003,-0.14722561836242676,0.0984375,0.010587645,-0.019118927663657814,0.826064795255661,0.2,-2.165340831875801,3310
72,333,2355,60.0,170496,-6.348810629999999,0.013764944404829293,0.0003,-0.0996008962392807,0.0892578125,0.010296077,-0.01917982996092178,0.845783069729805,0.2,-2.1496192276477815,3320
72,334,2362,60.0,171008,-6.395911289999999,0.009355347085511312,0.0003,-0.14816582202911377,0.1259765625,0.01320715,-0.02294694011216052,0.9249039441347122,0.2,-2.1274042397737505,3330
72,335,2369,60.0,171520,-6.38291979,0.013625891820993274,0.0003,-0.12996985018253326,0.137890625,0.010556798,-0.019686055742204188,0.8935202658176422,0.2,-2.085413099825382,3340
72,336,2376,60.0,172032,-6.37256486,0.010658206511288881,0.0003,-0.1359836310148239,0.103515625,0.011942342,-0.015974243090022357,0.7819145023822784,0.2,-2.0831590831279754,3350
72,337,2383,60.0,172544,-6.356133120000001,0.00954416040913202,0.0003,-0.11904288083314896,0.1076171875,0.009276008,-0.0146550887147896,0.8454714566469193,0.2,-2.1135773330926897,3360
72,338,2391,60.0,173056,-6.400582549999998,0.015568409743718804,0.0003,-0.16774435341358185,0.2568359375,0.020048125,-0.027907182124909013,0.767744705080986,0.2,-2.1306528568267824,3370
72,339,2398,60.0,173568,-6.392822759999999,0.010064401826821268,0.0003,-0.1584118753671646,0.176953125,0.01931201,-0.02469018443953246,0.9389530383050442,0.2,-2.200534847378731,3380
72,340,2406,60.0,174080,-6.39565133,0.007235505018616095,0.0003,-0.14511531591415405,0.1611328125,0.014324695,-0.02247303499607369,0.9300192296504974,0.2,-2.190263995528221,3390
72,341,2413,60.0,174592,-6.41454293,0.013609426253242417,0.0003,-0.1155751645565033,0.121875,0.011215543,-0.02109117084182799,0.8366057425737381,0.2,-2.190316933393478,3400
72,342,2420,60.0,175104,-6.377555279999999,0.00928548417869024,0.0003,-0.15855520963668823,0.153515625,0.012410894,-0.023973335343180226,0.907453715801239,0.2,-2.233569693565369,3410
72,343,2429,60.0,175616,-6.39111163,0.00766896980931051,0.0003,-0.14796636998653412,0.1615234375,0.013333592,-0.024083808297291398,0.8823734521865845,0.2,-2.2840138882398606,3420
72,344,2436,60.0,176128,-6.41025469,0.01204657027265057,0.0003,-0.10323172062635422,0.106640625,0.01065402,-0.0185562523198314,0.8905905932188034,0.2,-2.244531738758087,3430
72,345,2444,60.0,176640,-6.40922805,0.004773368600581307,0.0003,-0.1566295623779297,0.08359375,0.010295533,-0.017947276413906366,0.9340730980038643,0.2,-2.2842751294374466,3440
72,346,2451,60.0,177152,-6.37615476,0.014762125327251852,0.0003,-0.11156181991100311,0.133203125,0.012289517,-0.0193523378635291,0.8839438483119011,0.2,-2.2832268863916396,3450
72,347,2458,60.0,177664,-6.4125983699999995,0.01311582798953168,0.0003,-0.1488700956106186,0.2259765625,0.016188335,-0.03239786860067397,0.9031179025769234,0.2,-2.254670652747154,3460
72,348,2466,60.0,178176,-6.418999849999999,0.011874943145085127,0.0003,-0.14248739182949066,0.117578125,0.010269723,-0.01742953330394812,0.9135443866252899,0.2,-2.2393314838409424,3470
72,349,2474,60.0,178688,-6.39876185,0.008008147071814164,0.0003,-0.16435076296329498,0.1078125,0.012879616,-0.018946052284445614,0.9135894104838371,0.2,-2.210580524802208,3480
72,350,2482,60.0,179200,-6.381394860000001,0.02057492362218909,0.0003,-0.1309085488319397,0.1658203125,0.011895556,-0.023897279088851066,0.7210032343864441,0.2,-2.187621971964836,3490
72,351,2489,60.0,179712,-6.366017570000001,0.00889461037586443,0.0003,-0.14528192579746246,0.10234375,0.010515109,-0.02143894862383604,0.9389049895107746,0.2,-2.2275427252054216,3500
72,352,2496,60.0,180224,-6.387865809999999,0.01796065116650425,0.0003,-0.13855572044849396,0.117578125,0.010405939,-0.022495776950381696,0.7947677671909332,0.2,-2.1745097011327745,3510
72,353,2504,60.0,180736,-6.358120180000001,0.020388018991798162,0.0003,-0.10778030753135681,0.1013671875,0.0105689755,-0.018834298965521155,0.8167573511600494,0.2,-2.175468924641609,3520
72,354,2511,60.0,181248,-6.387187620000001,0.0132046231883578,0.0003,-0.10874278098344803,0.183984375,0.01452302,-0.025150711456080898,0.8370473235845566,0.2,-2.219579192996025,3530
72,355,2518,60.0,181760,-6.37347853,0.03240058812079951,0.0003,-0.1201767697930336,0.194140625,0.01368292,-0.026711125136353077,0.7812129408121109,0.2,-2.212071788311005,3540
72,356,2527,60.0,182272,-6.37876069,0.013277883414411917,0.0003,-0.12466660887002945,0.1123046875,0.012435572,-0.020203712640795856,0.8246686607599258,0.2,-2.168480283021927,3550
72,357,2534,60.0,182784,-6.372434039999999,0.01669335279148072,0.0003,-0.1501419097185135,0.195703125,0.014534434,-0.02229875585762784,0.8580547273159027,0.2,-2.2497061669826506,3560
72,358,2541,60.0,183296,-6.370571099999999,0.01360321335378103,0.0003,-0.17627887427806854,0.111328125,0.012009662,-0.017680348793510346,0.8958313018083572,0.2,-2.25298048555851,3570
72,359,2548,60.0,183808,-6.33807193,0.015084285754710436,0.0003,-0.13859356939792633,0.1037109375,0.012529456,-0.023922051544650456,0.8594671189785004,0.2,-2.1969780921936035,3580
72,360,2556,60.0,184320,-6.374087179999999,0.009882915992056951,0.0003,-0.1576933115720749,0.1197265625,0.01107414,-0.02167288806522265,0.8569539934396744,0.2,-2.2139320760965346,3590
72,361,2563,60.0,184832,-6.369881710000002,0.008494534209603444,0.0003,-0.15891557931900024,0.1365234375,0.011771776,-0.0218080586346332,0.9004376754164696,0.2,-2.254254138469696,3600
72,362,2569,60.0,185344,-6.3768042099999995,0.00875877866637893,0.0003,-0.15625490248203278,0.1123046875,0.012647333,-0.02431006656261161,0.8812365084886551,0.2,-2.162552472949028,3610
72,363,2576,60.0,185856,-6.39334022,0.014729506045114249,0.0003,-0.16036194562911987,0.1869140625,0.015758183,-0.021309327939525245,0.840603232383728,0.2,-2.2356747150421143,3620
72,364,2584,60.0,186368,-6.37684141,0.019027144351275636,0.0003,-0.1255936324596405,0.2330078125,0.018858628,-0.02588853194611147,0.8379102200269699,0.2,-2.239089259505272,3630
72,365,2591,60.0,186880,-6.38334696,0.011572282199631445,0.0003,-0.15384389460086823,0.155078125,0.013981553,-0.025741985661443322,0.8822056129574776,0.2,-2.196727657318115,3640
72,366,2598,60.0,187392,-6.341474160000001,0.026256808335892855,0.0003,-0.11947159469127655,0.073046875,0.009394294,-0.019022060045972466,0.5948146283626556,0.2,-2.1541959285736083,3650
72,367,2605,60.0,187904,-6.370866219999999,0.025211617350578308,0.0003,-0.09803759306669235,0.108984375,0.014456673,-0.01938808655831963,0.6946441233158112,0.2,-2.1262029320001603,3660
72,368,2613,60.0,188416,-6.36754772,0.013398152729496359,0.0003,-0.14413343369960785,0.096875,0.010143786,-0.017282555846031757,0.8563761860132217,0.2,-2.1572148114442826,3670
72,369,2620,60.0,188928,-6.352715989999999,0.007935866550542413,0.0003,-0.1418476104736328,0.128515625,0.014635275,-0.015197473973967136,0.9203816130757332,0.2,-2.1515788435935974,3680
72,370,2627,60.0,189440,-6.33998987,0.014892106736078858,0.0003,-0.14979185163974762,0.0982421875,0.01207456,-0.019292072393000126,0.7485043704509735,0.2,-2.1650797367095946,3690
72,371,2635,60.0,189952,-6.3772896600000015,0.010173924994887784,0.0003,-0.1493859738111496,0.13671875,0.01493283,-0.019218272890429943,0.8700389713048935,0.2,-2.1932428002357485,3700
72,372,2643,60.0,190464,-6.3895228600000005,0.01898189080529846,0.0003,-0.15353260934352875,0.1837890625,0.0152488155,-0.01856105122133158,0.836423322558403,0.2,-2.2410452246665953,3710
72,373,2650,60.0,190976,-6.399478029999999,0.023654677160084247,0.0003,-0.12867555022239685,0.123046875,0.013722196,-0.021735701797297224,0.8508736044168472,0.2,-2.277251896262169,3720
72,374,2657,60.0,191488,-6.37623962,0.014260645600734279,0.0003,-0.1561288982629776,0.1076171875,0.012289835,-0.024140685610473157,0.8124728202819824,0.2,-2.2686948865652083,3730
72,375,2666,60.0,192000,-6.398155350000001,0.0160954786115326,0.0003,-0.13736781477928162,0.089453125,0.010854583,-0.01722842426970601,0.8931316360831261,0.2,-2.278183251619339,3740
72,376,2673,60.0,192512,-6.3742991700000005,0.008540109556633979,0.0003,-0.15002310276031494,0.1111328125,0.012249228,-0.021163423953112215,0.9242333620786667,0.2,-2.2736715346574785,3750
72,377,2680,60.0,193024,-6.36964996,0.014479876053519547,0.0003,-0.12859930098056793,0.0765625,0.009709956,-0.014897545386338607,0.8131567239761353,0.2,-2.213692361116409,3760
72,378,2687,60.0,193536,-6.342703959999999,0.01849543533753604,0.0003,-0.1361081600189209,0.102734375,0.010903879,-0.020519593049539254,0.7093221545219421,0.2,-2.1844574600458144,3770
72,379,2693,60.0,194048,-6.37366624,0.010116470308275893,0.0003,-0.16837278008460999,0.1640625,0.012704818,-0.03589077810756862,0.8162556737661362,0.2,-2.131170490384102,3780
72,380,2700,60.0,194560,-6.36437699,0.02663167582359165,0.0003,-0.10509514063596725,0.087109375,0.010918367,-0.017462691606488077,0.7878934442996979,0.2,-2.179208439588547,3790
72,381,2708,60.0,195072,-6.373959309999999,0.00848281608778052,0.0003,-0.14796137809753418,0.1201171875,0.010787845,-0.01915495823486708,0.889337070286274,0.2,-2.241825410723686,3800
72,382,2715,60.0,195584,-6.3946038199999995,0.009698312627733685,0.0003,-0.11961131542921066,0.1244140625,0.010819531,-0.023695270961616187,0.8990456983447075,0.2,-2.1794462144374847,3810
72,383,2723,60.0,196096,-6.3989047900000005,0.016021603130502625,0.0003,-0.1667930632829666,0.0703125,0.009585206,-0.01897958656481933,0.8558211177587509,0.2,-2.2069927632808684,3820
72,384,2730,60.0,196608,-6.354878399999999,0.014520492329029366,0.0003,-0.13995365798473358,0.1927734375,0.01575722,-0.026824704877799376,0.8996065258979797,0.2,-2.2025715738534926,3830
71,385,2738,60.0,197120,-6.3314047,0.009653695768793113,0.0003,-0.13599972426891327,0.079296875,0.0118724685,-0.019869321677833795,0.8973354622721672,0.2,-2.1679877609014513,3840
71,386,2745,60.0,197632,-6.327406410000001,0.014250718196853996,0.0003,-0.14851228892803192,0.1181640625,0.0115333535,-0.024636181426467375,0.770769327878952,0.2,-2.1251999586820602,3850
71,387,2754,60.0,198144,-6.30963421,0.01443748371093534,0.0003,-0.12286889553070068,0.1955078125,0.014017925,-0.026625891152070834,0.7978173643350601,0.2,-2.160783952474594,3860
71,388,2761,60.0,198656,-6.327836899999999,0.006270198250422254,0.0003,-0.15006178617477417,0.155078125,0.012984501,-0.03029708922840655,0.9191923141479492,0.2,-2.1449823796749117,3870
71,389,2768,60.0,199168,-6.348806530000001,0.01798611112171784,0.0003,-0.11928138136863708,0.0841796875,0.011503606,-0.014132660650648176,0.8355877697467804,0.2,-2.156360554695129,3880
71,390,2775,60.0,199680,-6.386305969999998,0.03482156654354185,0.0003,-0.11896561086177826,0.174609375,0.014235038,-0.022632931219413878,0.7751743644475937,0.2,-2.2137363463640214,3890
71,391,2782,60.0,200192,-6.378052370000002,0.01667420086450875,0.0003,-0.1565622240304947,0.12578125,0.010303795,-0.02174011477618478,0.7886421531438828,0.2,-2.1961244851350785,3900
