r,l,t,success,freeze_attempted,d_m,alpha_deg,cum_timesteps,d_mm
-22.004021,60,3.317346,False,True,0.0758889534442397,89.95360353012593,60,75.88895344423969
-10.064077,60,3.319582,False,True,0.0169191949348984,89.017118630719,120,16.9191949348984
-20.00358,60,3.324885,False,True,0.0568984875179299,80.60805053880631,180,56.8984875179299
-18.002208,60,3.32712,False,True,0.1163227439720782,87.33030435090015,240,116.3227439720782
-16.00673,60,6.514492,False,True,0.0584835447504333,84.7957693025928,300,58.483544750433296
-12.008185,60,6.517488,False,True,0.0030969071537021,81.4206941910041,360,3.0969071537021
-16.001123,60,6.530017,False,True,0.1012968080338797,77.43178143780257,420,101.29680803387971
-16.000589,60,6.534012,False,True,0.0905719716578814,85.82839917762105,480,90.5719716578814
-18.007523,60,10.517385,False,True,0.034308103517932,85.55141873174958,540,34.308103517932004
-10.001791,60,10.524924,False,True,0.0164916396164951,81.53814845476771,600,16.4916396164951
-8.002837,60,10.527386,False,True,0.0933678318867281,84.11993275657787,660,93.36783188672811
-12.003931,60,10.533921,False,True,0.0591708469689926,84.34990698588331,720,59.1708469689926
-12.023281,60,13.538861,False,True,0.0016250657981153,89.61477026506402,780,1.6250657981153
-10.008987,60,13.548911,False,True,0.0164695107146328,87.70126389553997,840,16.4695107146328
-16.113965,60,13.550653,False,True,0.0023172642993405,81.95033479675857,900,2.3172642993405
-11.999363,60,13.552174,False,True,0.0154891707767408,79.27549018670736,960,15.4891707767408
-8.001167,60,17.562953,False,True,0.0600294675436725,80.20617476467828,1020,60.029467543672496
-10.000478,60,17.570492,False,True,0.1417530508603111,77.4257326586775,1080,141.75305086031108
-10.005062,60,17.574549,False,True,0.0473133942796623,78.13129281145197,1140,47.313394279662305
-5.999347,60,17.582088,False,False,0.0823611833875365,77.73141479376451,1200,82.3611833875365
-12.000315,60,20.627869,False,True,0.0576504678189967,74.06190314546383,1260,57.6504678189967
-8.009365,60,20.628874,False,True,0.0190869045188171,83.13607489681114,1320,19.0869045188171
-8.008854,60,20.633379,False,True,0.0164093029375658,87.72614231149585,1380,16.4093029375658
-12.001101,60,20.637408,False,True,0.0901627541495759,84.8722532100412,1440,90.1627541495759
-6.006924,60,24.626693,False,False,0.0130582144059403,82.48195698774407,1500,13.058214405940301
-12.003175,60,24.630171,False,True,0.0304524079120202,89.05472013525032,1560,30.4524079120202
-12.003771,60,24.630384,False,True,0.083653371027893,72.74460930205193,1620,83.653371027893
-8.014249,60,24.634231,False,True,0.0133534983398051,81.49093995395906,1680,13.353498339805101
-16.002597,60,27.758877,False,True,0.1090497474779347,85.95580153206932,1740,109.04974747793469
-8.004373,60,27.764896,False,True,0.01392314924256,84.7780943056301,1800,13.923149242560001
-9.999128,60,27.766416,False,True,0.050397965813189,79.37603406613805,1860,50.397965813188996
-9.999439,60,27.772434,False,True,0.1205975793963732,69.95865548801191,1920,120.59757939637319
-8.008253,60,31.69772,False,True,0.0014075155268466,85.1001746072251,1980,1.4075155268466
-8.003649,60,31.704585,False,True,0.0736389022084822,84.97706076182656,2040,73.6389022084822
-6.000635,60,31.709264,False,False,0.1520581616913722,84.96845614420667,2100,152.05816169137222
-10.004567,60,31.718144,False,True,0.0325258833675657,84.9964164275525,2160,32.5258833675657
-8.001032,60,34.810721,False,True,0.135946225809963,80.852201137051,2220,135.94622580996298
-8.018921,60,34.817718,False,True,0.0009161301054966,86.88910934869307,2280,0.9161301054966
-12.002174,60,34.81826,False,True,0.099912437193741,83.48503861557012,2340,99.912437193741
-8.000276,60,34.824259,False,True,0.0725148372884123,75.26614920508825,2400,72.51483728841231
-7.997894,60,38.825554,False,True,0.0230208090622076,74.82409535179742,2460,23.0208090622076
-10.004896,60,38.832555,False,True,0.0484948597755573,88.47009575716257,2520,48.4948597755573
-10.007141,60,38.833093,False,True,0.0278264074038286,86.3458048973313,2580,27.8264074038286
-6.010886,60,38.841093,False,False,0.0254127676700086,87.69522157766336,2640,25.4127676700086
-7.99698,60,42.035869,False,True,0.0349858391967673,75.8350806644499,2700,34.9858391967673
-6.003408,60,42.03687,False,False,0.0943134618118364,80.2850339887341,2760,94.3134618118364
-6.003443,60,42.049408,False,False,0.0768429402785828,74.1439882685959,2820,76.84294027858279
-7.984608,60,42.051427,False,True,0.0005535153955336,73.08121958044599,2880,0.5535153955336
-10.001357,60,46.117785,False,True,0.117958972953579,89.95430580222487,2940,117.958972953579
-6.001772,60,46.125324,False,False,0.0545580394770678,82.68150124067405,3000,54.558039477067794
-9.998041,60,46.130788,False,True,0.1437093027663875,61.712120012240696,3060,143.70930276638748
-10.010418,60,46.137325,False,True,0.0197715202497951,74.98044775312275,3120,19.7715202497951
-6.005219,60,49.199909,False,False,0.0578726412396741,89.70591723064167,3180,57.8726412396741
-6.006061,60,49.204916,False,False,0.000781915973157,88.96371197051117,3240,0.781915973157
-6.008975,60,49.212593,False,False,0.0289746731096711,89.45263908732356,3300,28.9746731096711
-10.000362,60,49.220131,False,True,0.0869448617314876,80.84233256736131,3360,86.9448617314876
-6.008454,60,53.085702,False,False,0.0083299215057006,82.40694873045511,3420,8.3299215057006
-6.15965,60,53.089798,False,False,0.0974766090735313,87.79494363897871,3480,97.47660907353129
-8.007244,60,53.092281,False,True,0.06747445620831,84.99182879459605,3540,67.47445620831
-6.001607,60,53.098343,False,False,0.1162847225198212,84.68255543042532,3600,116.28472251982119
-8.00164,60,56.174112,False,True,0.125230615211055,86.47831251000756,3660,125.230615211055
-7.998121,60,56.175172,False,True,0.0554580884249181,75.3212840366302,3720,55.4580884249181
-6.000953,60,56.192687,False,False,0.0314143510889773,79.26525261461488,3780,31.4143510889773
-6.006787,60,56.194693,False,False,0.0345610135066028,88.96459179631907,3840,34.561013506602805
-6.003002,60,59.268298,False,False,0.0866370333595801,84.51804774021564,3900,86.6370333595801
-6.005291,60,59.274273,False,False,0.0752531252837774,84.0388146898041,3960,75.2531252837774
-6.001571,60,59.275836,False,False,0.056022850189838,82.45551264640744,4020,56.022850189837996
-5.99617,60,59.284848,False,False,0.0144333687482664,74.33601782768865,4080,14.4333687482664
-6.01197,60,63.307477,False,False,0.0047156698099454,87.92686171122088,4140,4.715669809945401
-6.013033,60,63.307992,False,False,0.0231425714067606,88.56756336094553,4200,23.142571406760602
-7.999603,60,63.313032,False,True,0.0656949827779428,82.36161013803591,4260,65.69498277794281
-8.003086,60,63.316557,False,True,0.060769797164622,80.25460464626197,4320,60.769797164622
-6.001676,60,66.402787,False,False,0.1307907110101077,88.7106368380829,4380,130.79071101010769
-6.00043,60,66.409337,False,False,0.0813168280553017,78.54455340123833,4440,81.3168280553017
-6.019661,60,66.414777,False,False,0.0493159211476938,88.63504214728873,4500,49.3159211476938
-8.00004,60,66.418318,False,True,0.0177929064375561,84.05310070714948,4560,17.7929064375561
-6.0077,60,70.353306,False,False,0.0120446078477277,87.02647459551427,4620,12.044607847727699
-6.007936,60,70.360845,False,False,0.0130169745458128,81.19791719728912,4680,13.0169745458128
-8.002458,60,70.361638,False,True,0.0542057484186766,80.17396452792418,4740,54.2057484186766
-6.006608,60,70.368182,False,False,0.0337757684204439,80.38219335283023,4800,33.7757684204439
-5.998259,60,73.43158,False,False,0.1051242259009529,73.9303681951816,4860,105.1242259009529
-6.001689,60,73.433572,False,False,0.0041443721271378,73.83672597792255,4920,4.1443721271378
-6.00123,60,73.439119,False,False,0.0982696670663753,89.89949423079217,4980,98.2696670663753
-8.005251,60,73.44111,False,True,0.0807159646258595,87.19061948537411,5040,80.7159646258595
-5.978669,60,77.479628,False,False,0.0171927706738971,65.93988501144383,5100,17.1927706738971
-8.001921,60,77.481623,False,True,0.0415752858899941,78.08390296701565,5160,41.575285889994106
-5.98252,60,77.485167,False,False,0.0211642115173706,85.7981458138674,5220,21.1642115173706
-6.00406,60,77.489161,False,False,0.0295384252059285,89.8855257175434,5280,29.5384252059285
-5.997819,60,80.606305,False,False,0.0743474533818743,75.65239779811608,5340,74.3474533818743
-6.000006,60,80.60676,False,False,0.0446405846986308,83.31074700373492,5400,44.6405846986308
-10.006791,60,80.60676,False,True,0.0437630072355951,80.94043256126675,5460,43.7630072355951
-6.002673,60,80.607305,False,False,0.0527066311771796,77.91422615656599,5520,52.7066311771796
-6.151826,60,84.566621,False,False,0.0074658449628591,77.06533025119926,5580,7.4658449628591
-8.004815,60,84.569623,False,True,0.1050924656837122,89.3898985143579,5640,105.09246568371219
-5.994833,60,84.572615,False,False,0.0700655283577619,74.11746867202147,5700,70.0655283577619
-5.996363,60,84.579158,False,False,0.0417817691579963,80.08584509120772,5760,41.7817691579963
-6.015658,60,87.712717,False,False,0.0198748846480922,87.30454896023527,5820,19.874884648092202
-9.975925,60,87.717157,False,True,0.0349918974992243,58.157941476382405,5880,34.9918974992243
-6.007748,60,87.717261,False,False,0.0066341035564686,85.18686808659872,5940,6.6341035564686
-6.005378,60,87.720255,False,False,0.086244288081861,83.71710841239815,6000,86.244288081861
-8.001928,60,91.635318,False,True,0.0511451307766981,80.32620176391681,6060,51.145130776698096
-6.08183,60,91.63932,False,False,0.0716427395983034,67.68069375889851,6120,71.64273959830341
-5.997405,60,91.645856,False,False,0.0598833276937541,70.77032508893471,6180,59.883327693754104
-8.003511,60,91.652843,False,True,0.0783230935694421,87.87033378320433,6240,78.32309356944211
-5.999916,60,94.755351,False,False,0.044900011474096,75.90672773477233,6300,44.900011474096004
-6.001211,60,94.755351,False,False,0.1392626376538154,87.45975432151054,6360,139.2626376538154
-7.986204,60,94.757893,False,True,0.0444877651118727,67.89424745152407,6420,44.4877651118727
-5.995081,60,94.770012,False,False,0.0289068641107654,66.49939105566413,6480,28.9068641107654
-5.997821,60,98.758791,False,False,0.0740634266546546,75.25542191769279,6540,74.06342665465459
-6.007474,60,98.768795,False,False,0.0382047098035608,88.96180201856718,6600,38.204709803560796
-8.005671,60,98.76933,False,True,0.0189208773362228,87.06925601445171,6660,18.920877336222798
-6.002839,60,98.772329,False,False,0.0304542084402307,84.25731447973298,6720,30.454208440230698
-5.979504,60,101.938697,False,False,0.0383373580512149,62.389309776809405,6780,38.3373580512149
-8.001509,60,101.942688,False,True,0.0088597299514438,80.85801042401627,6840,8.8597299514438
-5.974619,60,101.944232,False,False,0.0229675390899746,61.887815247106765,6900,22.9675390899746
-6.003488,60,101.950226,False,False,0.0156813851379051,77.83943499482868,6960,15.6813851379051
-6.000424,60,105.851935,False,False,0.149248696856933,84.020085834586,7020,149.248696856933
-5.997675,60,105.85492,False,False,0.0882588763641282,71.0655497420138,7080,88.2588763641282
-6.012547,60,105.86046,False,False,0.0037373575456418,86.16424540701932,7140,3.7373575456418
-6.002486,60,105.86046,False,False,0.0517104883865069,81.19194621927525,7200,51.7104883865069
-6.005539,60,108.970895,False,False,0.0347007042939954,81.57300176838632,7260,34.7007042939954
-6.019466,60,108.970895,False,False,0.0210127341425613,71.73561898030829,7320,21.0127341425613
-6.000353,60,108.976389,False,False,0.0809952336987759,80.42882906834002,7380,80.99523369877589
-6.002688,60,108.976389,False,False,0.034419480721531,84.70184645570049,7440,34.419480721530995
-5.999608,60,112.003008,False,False,0.0955200455446358,74.21990369753854,7500,95.5200455446358
-6.002242,60,112.003008,False,False,0.0204951532832777,84.16250120601939,7560,20.4951532832777
-5.999527,60,112.010547,False,False,0.0750842384629808,77.2567219892706,7620,75.0842384629808
-9.974994,60,112.010547,False,True,0.0195659349610848,67.02830500765744,7680,19.5659349610848
-6.004589,60,115.965412,False,False,0.0300203448033253,82.36570729138984,7740,30.0203448033253
-6.000479,60,115.971905,False,False,0.0724718759187872,83.65492222509536,7800,72.4718759187872
-6.001131,60,115.973391,False,False,0.0708059543230214,82.02370896697353,7860,70.80595432302141
-8.000068,60,115.980929,False,True,0.0058272132850493,86.86809791078203,7920,5.827213285049299
-6.003769,60,119.133767,False,False,0.0360125203264176,83.09940734121405,7980,36.0125203264176
-5.997713,60,119.141305,False,False,0.051570646950311,77.15251178323328,8040,51.570646950311
-6.00248,60,119.14586,False,False,0.03096213916021,85.46138322537318,8100,30.96213916021
-6.012793,60,119.153398,False,False,0.0243372664028098,87.5655909836618,8160,24.3372664028098
-6.007775,60,123.152667,False,False,0.0243702686345682,85.56325877032955,8220,24.370268634568202
-5.998986,60,123.152667,False,False,0.1523670167238102,69.25467564092486,8280,152.3670167238102
-5.979473,60,123.156208,False,False,0.1135964433349481,80.54698711735361,8340,113.5964433349481
-6.000122,60,123.156208,False,False,0.0682102048729075,87.4963525664426,8400,68.21020487290751
-6.006548,60,126.28187,False,False,0.0400869620469513,87.85568464755305,8460,40.0869620469513
-6.000623,60,126.282858,False,False,0.0614405597909558,83.1019779371422,8520,61.4405597909558
-6.007269,60,126.288406,False,False,0.0425107500307582,83.97666486381858,8580,42.5107500307582
-6.003355,60,126.290397,False,False,0.0271378019615458,88.96650739846187,8640,27.1378019615458
-6.005542,60,130.21897,False,False,0.0118313344575939,85.28097920101585,8700,11.831334457593899
-6.001791,60,130.22399,False,False,0.087428783175715,86.90727447850016,8760,87.428783175715
-6.010121,60,130.2245,False,False,0.004584768479898,83.79835810855782,8820,4.584768479898
-6.004695,60,130.226509,False,False,0.0036916751308136,82.22142541646318,8880,3.6916751308136
-6.004889,60,133.336758,False,False,0.0052147876930668,84.04115435282098,8940,5.214787693066801
-6.003638,60,133.344297,False,False,0.0138135879433414,84.79656352604871,9000,13.8135879433414
-6.00312,60,133.348303,False,False,0.041862645567381,85.64153145432213,9060,41.862645567381
-5.996608,60,133.35684,False,False,0.0241766806532016,74.96380377932431,9120,24.1766806532016
-6.003551,60,137.349526,False,False,0.0318817035666385,85.05876384913645,9180,31.881703566638496
-6.001479,60,137.352805,False,False,0.0728868192522129,89.72209781189359,9240,72.88681925221289
-6.001399,60,137.35352,False,False,0.1209935590003324,85.41308428327552,9300,120.9935590003324
-6.000993,60,137.363328,False,False,0.1151438901111596,82.11527332706044,9360,115.14389011115959
-5.999072,60,140.516659,False,False,0.0659975439154166,78.91384752040531,9420,65.9975439154166
-6.000795,60,140.517648,False,False,0.069449639138445,86.28806710119423,9480,69.449639138445
-6.101312,60,140.528185,False,False,0.0192981407294252,77.73342381436599,9540,19.2981407294252
-6.01221,60,140.53118,False,False,0.0092266049069583,88.89624316463052,9600,9.226604906958299
-6.008393,60,144.442181,False,False,0.0156755794811743,83.85123191296255,9660,15.6755794811743
-7.999557,60,144.44972,False,True,0.0685656644891589,81.80819669413816,9720,68.5656644891589
-5.99827,60,144.453234,False,False,0.0476351920993278,82.4016365851512,9780,47.6351920993278
-7.99662,60,144.460773,False,True,0.0770865701765494,77.03899546711415,9840,77.08657017654939
-6.001659,60,147.509868,False,False,0.0797709530657701,77.80631898615077,9900,79.7709530657701
-6.007724,60,147.510868,False,False,0.0447601462501108,79.05968025549572,9960,44.7601462501108
-6.003648,60,147.525393,False,False,0.0732672383807161,88.71448307607102,10020,73.2672383807161
-5.998295,60,147.525393,False,False,0.0236606638536482,74.93875530546771,10080,23.6606638536482
-6.000418,60,151.476987,False,False,0.1248102743802113,88.28619400937754,10140,124.81027438021131
-6.000316,60,151.476987,False,False,0.1162097250709721,82.87911745635495,10200,116.2097250709721
-6.004723,60,151.483521,False,False,0.0556588411163122,84.81719508102665,10260,55.658841116312196
-8.004611,60,151.486517,False,True,0.0524904207104917,87.54295383412776,10320,52.490420710491705
-6.002105,60,154.583441,False,False,0.0514469986554092,85.46413572718303,10380,51.4469986554092
-6.003822,60,154.589989,False,False,0.0229268924475454,88.0958956650712,10440,22.926892447545402
-6.019748,60,154.594441,False,False,0.0127191049354259,88.95976300195936,10500,12.7191049354259
-6.007119,60,154.600974,False,False,0.0409393486463087,86.95952219977286,10560,40.9393486463087
-5.999414,60,158.563325,False,False,0.0763534768284329,78.83630433685408,10620,76.35347682843289
-6.019307,60,158.563325,False,False,0.0279686976739947,89.72798950503488,10680,27.9686976739947
-5.943059,60,158.567853,False,False,0.0357313376385889,82.95717155494302,10740,35.7313376385889
-5.993476,60,158.571858,False,False,0.0397405243598338,69.83255450086692,10800,39.7405243598338
-6.001836,60,161.702834,False,False,0.1162045014225634,89.1367619145225,10860,116.2045014225634
-5.989792,60,161.704845,False,False,0.076440881740685,63.08701651979812,10920,76.440881740685
-6.003744,60,161.709389,False,False,0.1020877112979647,83.09153224310326,10980,102.0877112979647
-6.001292,60,161.71137,False,False,0.056345696752069,88.18109428785836,11040,56.345696752068996
-6.011444,60,165.731304,False,False,0.0289123553567672,86.40215872662672,11100,28.9123553567672
-6.003838,60,165.735147,False,False,0.0733027067842838,88.51706112523065,11160,73.3027067842838
-6.0018,60,165.738842,False,False,0.1037915135175907,85.59541223459927,11220,103.7915135175907
-8.090742,60,165.743683,False,True,0.0535038031393639,70.16592565147096,11280,53.503803139363896
-6.001872,60,168.923774,False,False,0.1230941487152148,85.84191953916188,11340,123.0941487152148
-6.001614,60,168.925768,False,False,0.0670670763357376,82.22795766239011,11400,67.0670763357376
-5.999955,60,168.928146,False,False,0.0876676340219592,82.23214929957332,11460,87.6676340219592
-6.083281,60,168.930319,False,False,0.0433642911401163,80.63668469550038,11520,43.3642911401163
-5.999655,60,172.056999,False,False,0.0266738223618138,72.8831744342623,11580,26.6738223618138
-6.003202,60,172.056999,False,False,0.0459418940239837,82.51003116776076,11640,45.9418940239837
-6.179314,60,172.061588,False,False,0.0378402541093733,87.29585799157528,11700,37.8402541093733
-6.004762,60,172.064538,False,False,0.040103433147139,88.78701726259698,11760,40.103433147139
-5.998465,60,176.063835,False,False,0.0508304996355115,81.41079233371327,11820,50.8304996355115
-6.000894,60,176.064824,False,False,0.1149014643538473,80.8963251332928,11880,114.90146435384729
-6.035863,60,176.070379,False,False,0.0328838321468464,89.45199655033912,11940,32.883832146846395
-6.004925,60,176.072362,False,False,0.0379377203705867,88.0867319198435,12000,37.9377203705867
-6.007045,60,179.199041,False,False,0.0540185158852475,79.30176638700878,12060,54.0185158852475
-6.007852,60,179.203081,False,False,0.0237787145042156,80.0936391092388,12120,23.7787145042156
-6.017863,60,179.207576,False,False,0.0007502582572711,89.93837413486284,12180,0.7502582572711
-6.000948,60,179.210619,False,False,0.0728886714893017,79.94377256408801,12240,72.8886714893017
-5.999695,60,183.104363,False,False,0.0308890853680612,79.87625510907841,12300,30.8890853680612
-6.007084,60,183.10991,False,False,0.0200367660427082,84.98311964369385,12360,20.036766042708198
-6.006784,60,183.110367,False,False,0.0604259288328007,88.3978919799101,12420,60.4259288328007
-6.000816,60,183.116907,False,False,0.0682877007817782,83.73213624473091,12480,68.2877007817782
-6.006954,60,186.244573,False,False,0.0362708309964313,81.73257213376856,12540,36.2708309964313
-6.00701,60,186.250659,False,False,0.0376299370982386,84.72566937620127,12600,37.6299370982386
-5.999299,60,186.257903,False,False,0.0609767970228492,87.52263576628206,12660,60.9767970228492
-6.004625,60,186.265441,False,False,0.0577165000644764,80.48022762893358,12720,57.7165000644764
-6.002938,60,190.23583,False,False,0.0241181904876147,79.80990051411966,12780,24.1181904876147
-6.000996,60,190.243369,False,False,0.0997160632789966,86.94732312966515,12840,99.7160632789966
-8.008367,60,190.247828,False,True,0.008054507356276,84.77329010498562,12900,8.054507356276
-6.001718,60,190.254367,False,False,0.1207507935605249,83.65195656439576,12960,120.7507935605249
-6.005529,60,193.337139,False,False,0.0381652016674608,86.82448881985968,13020,38.1652016674608
-6.004145,60,193.339685,False,False,0.076892790241433,89.92503393042755,13080,76.892790241433
-6.002771,60,193.345683,False,False,0.0030332543784423,74.33821451398944,13140,3.0332543784423
-6.001588,60,193.346202,False,False,0.0579505062393562,84.86360128375695,13200,57.9505062393562
-8.002545,60,197.224758,False,True,0.0703523411232468,80.60384947168822,13260,70.3523411232468
-6.002496,60,197.227746,False,False,0.0416434216763077,80.16135533593499,13320,41.643421676307696
-6.004861,60,197.232297,False,False,0.0237895788105015,84.66655266665695,13380,23.789578810501503
-6.005987,60,197.235284,False,False,0.0353819580515364,80.67718593674593,13440,35.3819580515364
-6.009242,60,200.385604,False,False,0.0204896268806776,83.71589150307533,13500,20.4896268806776
-6.000724,60,200.391703,False,False,0.1030054592363469,67.57172882057971,13560,103.0054592363469
-6.005094,60,200.394145,False,False,0.0308584122351077,88.70010982425964,13620,30.8584122351077
-6.007546,60,200.402233,False,False,0.0314910966253452,83.94879319916849,13680,31.491096625345204
-6.001889,60,204.438526,False,False,0.0554003325139249,83.58461984272779,13740,55.4003325139249
-5.992815,60,204.439516,False,False,0.0172261166262192,75.48358892318213,13800,17.226116626219202
-6.001119,60,204.444063,False,False,0.1369426405047715,81.40137124414507,13860,136.9426405047715
-6.000716,60,204.450073,False,False,0.1058601222193934,79.57024362999952,13920,105.86012221939339
-6.0029,60,207.522239,False,False,0.0978394677457879,79.91707691036851,13980,97.8394677457879
-6.004727,60,207.53077,False,False,0.0230386817981863,81.12601916513451,14040,23.0386817981863
-5.995783,60,207.531866,False,False,0.0548324413977642,73.5209374213487,14100,54.8324413977642
-5.999664,60,207.539405,False,False,0.0286767377573579,77.07807693643282,14160,28.6767377573579
-6.002214,60,211.511766,False,False,0.1085316563798053,83.61806510404054,14220,108.5316563798053
-6.005128,60,211.514756,False,False,0.0221213798963609,85.00880096002768,14280,22.1213798963609
-6.003862,60,211.518302,False,False,0.0387442989293745,77.08886384500013,14340,38.744298929374494
-6.003614,60,211.522295,False,False,0.0955763164660218,82.60766226544798,14400,95.5763164660218
-5.994407,60,214.620726,False,False,0.0229670841557263,77.43458787698836,14460,22.967084155726297
-5.99791,60,214.624726,False,False,0.017367929677116,79.7202246881654,14520,17.367929677116
-6.001146,60,214.632265,False,False,0.0739478776926308,74.50808868672897,14580,73.9478776926308
-5.995276,60,214.641301,False,False,0.0166836401703827,77.66900595207352,14640,16.683640170382702
-6.001027,60,218.612257,False,False,0.1031067924815275,81.57165006675584,14700,103.1067924815275
-8.002512,60,218.613255,False,True,0.0740371326737305,85.02344650384566,14760,74.0371326737305
-6.000486,60,218.616807,False,False,0.0819139847469256,71.96949665106027,14820,81.9139847469256
-5.965759,60,218.617799,False,False,0.0616445544924396,52.133376241821935,14880,61.6445544924396
-6.014823,60,221.745975,False,False,0.0210696941228614,84.75807148545552,14940,21.069694122861403
-8.00174,60,221.752517,False,True,0.0833750444429277,81.32480097223582,15000,83.3750444429277
-5.999487,60,221.753976,False,False,0.0275038680038827,78.3938249130846,15060,27.5038680038827
-6.005974,60,221.758512,False,False,0.0859507517291502,87.91731767767068,15120,85.9507517291502
-5.98133,60,224.842885,False,False,0.0105581542483485,68.35948853647523,15180,10.5581542483485
-5.999026,60,224.846872,False,False,0.0130039725423472,78.03533174918557,15240,13.0039725423472
-6.010454,60,224.850424,False,False,0.0304744055910254,88.94432518490017,15300,30.4744055910254
-6.003228,60,224.852439,False,False,0.0429954823205891,88.33746741633124,15360,42.9954823205891
-6.00098,60,228.855725,False,False,0.0614362919262634,79.00853976548481,15420,61.4362919262634
-6.005601,60,228.860721,False,False,0.0141942769145887,78.31614067815566,15480,14.1942769145887
-6.003475,60,228.863263,False,False,0.0729923814030373,88.62870188214843,15540,72.99238140303731
-6.010639,60,228.86826,False,False,0.0101256666297907,87.50547756809138,15600,10.1256666297907
-5.999586,60,231.990557,False,False,0.1514722944903684,74.01278567995944,15660,151.4722944903684
-6.001055,60,231.995529,False,False,0.1214755329391721,79.66998700232605,15720,121.4755329391721
-6.00716,60,231.997099,False,False,0.0145163628583506,81.30292840581531,15780,14.5163628583506
-8.002634,60,232.004074,False,True,0.0433429534453684,84.54974854642629,15840,43.3429534453684
-6.010669,60,235.921664,False,False,0.0219967688174366,82.37934500974863,15900,21.9967688174366
-5.999653,60,235.922656,False,False,0.0011813839743527,81.28357996228462,15960,1.1813839743527
-5.999851,60,235.925204,False,False,0.0525994078289563,75.52659723008725,16020,52.5994078289563
-6.00437,60,235.929203,False,False,0.0406930070254945,88.04611460335224,16080,40.693007025494495
-5.864096,60,239.004672,False,False,0.0239548841243725,87.79355573910902,16140,23.9548841243725
-5.997947,60,239.008664,False,False,0.0026470838531453,74.75807013448541,16200,2.6470838531452996
-6.010247,60,239.018746,False,False,0.0476992726034552,79.1277200076462,16260,47.699272603455206
-6.004964,60,239.019741,False,False,0.0885372164856573,87.20065766242593,16320,88.5372164856573
-8.007612,60,242.937486,False,True,0.0378463979576729,85.61478204409336,16380,37.846397957672906
-6.012687,60,242.943482,False,False,0.0462737243824945,86.13408194646995,16440,46.2737243824945
-6.000085,60,242.945024,False,False,0.1272303370695805,78.97203655403763,16500,127.2303370695805
-6.052108,60,242.955537,False,False,0.0551755707906074,87.83778036961287,16560,55.1755707906074
-6.000515,60,246.082121,False,False,0.0485096242116745,81.44967885486167,16620,48.5096242116745
-5.996734,60,246.086115,False,False,0.0459283422597339,76.05141252968654,16680,45.928342259733896
-6.009064,60,246.086663,False,False,0.0341730770156677,81.608867473875,16740,34.1730770156677
-6.059323,60,246.094652,False,False,0.065988459479779,83.96104673541485,16800,65.988459479779
-6.003853,60,249.963389,False,False,0.0735749922514591,82.78567755408935,16860,73.5749922514591
-6.012669,60,249.96977,False,False,0.0224054494134468,82.89553485402884,16920,22.4054494134468
-6.002543,60,249.970927,False,False,0.0374851236704212,80.46182645112944,16980,37.4851236704212
-6.008197,60,249.982309,False,False,0.0447985649159468,87.17782840064059,17040,44.7985649159468
-5.920726,60,253.129855,False,False,0.0071869600873089,81.10627027494887,17100,7.1869600873089
-6.006662,60,253.129855,False,False,0.0109280314250403,84.55282530829712,17160,10.928031425040299
-7.999238,60,253.137393,False,True,0.1025962851347227,69.16380436897732,17220,102.5962851347227
-5.98781,60,253.137393,False,False,0.0323079800925815,67.04644626699063,17280,32.307980092581495
-6.001675,60,257.101615,False,False,0.0385705751496165,82.98444223641754,17340,38.5705751496165
-5.999096,60,257.111139,False,False,0.0270209272654145,78.89861339649903,17400,27.0209272654145
-6.002345,60,257.111863,False,False,0.0929285108329854,86.72747339931169,17460,92.9285108329854
-6.007216,60,257.119401,False,False,0.0226366757820405,83.87890109035294,17520,22.636675782040502
-6.002802,60,260.240761,False,False,0.0785474542906741,86.8313058067941,17580,78.5474542906741
-5.955057,60,260.244305,False,False,0.0376424280466827,87.03033343868688,17640,37.642428046682696
-5.999119,60,260.247296,False,False,0.03914743391639,77.80828569580866,17700,39.14743391639
-6.001846,60,260.251843,False,False,0.1229875148537416,87.80050156660516,17760,122.9875148537416
-6.009044,60,264.151104,False,False,0.0496645772592589,81.3201090921355,17820,49.6645772592589
-6.004346,60,264.157138,False,False,0.067456857656392,85.83418547379495,17880,67.456857656392
-8.004325,60,264.161682,False,True,0.0201490671918698,87.04659213233809,17940,20.1490671918698
-6.006871,60,264.165673,False,False,0.0541911281337814,85.10141619753279,18000,54.1911281337814
-5.995552,60,267.307018,False,False,0.0596320909656044,71.81677297312585,18060,59.6320909656044
-6.002847,60,267.31355,False,False,0.0608153563803462,79.08009475996901,18120,60.8153563803462
-6.016027,60,267.315287,False,False,0.0421540662733882,88.83155359127854,18180,42.154066273388196
-6.001059,60,267.323822,False,False,0.0305255337858988,79.65618687720567,18240,30.5255337858988
-6.059175,60,271.579871,False,False,0.0141548840810255,84.84314971531651,18300,14.1548840810255
-5.986682,60,271.585987,False,False,0.0198997078193911,67.26591066021821,18360,19.8997078193911
-6.004708,60,271.594525,False,False,0.115553798624894,81.31686340612413,18420,115.553798624894
-6.008913,60,271.595527,False,False,0.0436156997438854,78.81935542835804,18480,43.6156997438854
-6.015986,60,274.808434,False,False,0.008027539432741,83.60801976719179,18540,8.027539432741
-5.960097,60,274.815972,False,False,0.0154349376621464,60.10700860749811,18600,15.4349376621464
-6.001604,60,274.818436,False,False,0.0744581166830821,83.93153432230963,18660,74.4581166830821
-5.99144,60,274.826976,False,False,0.0758341359627098,61.92758504359319,18720,75.8341359627098
-5.998946,60,278.831965,False,False,0.0283731478889458,78.41634094461696,18780,28.3731478889458
-6.00831,60,278.835967,False,False,0.0262096536718453,89.59397064546216,18840,26.209653671845302
-6.003441,60,278.843506,False,False,0.002795084699775,80.71640026581319,18900,2.795084699775
-6.007674,60,278.8515,False,False,0.0451914185737899,85.00051568446278,18960,45.1914185737899
-5.996568,60,281.918108,False,False,0.0936549914808444,54.96677246535986,19020,93.6549914808444
-6.027416,60,281.924193,False,False,0.0264587128735198,81.07026771701405,19080,26.4587128735198
-6.006467,60,281.925647,False,False,0.0366559509506729,86.99326108165393,19140,36.6559509506729
-6.003306,60,281.931731,False,False,0.0599468506136382,86.83286813663824,19200,59.9468506136382
-5.991833,60,285.074186,False,False,0.0534105368656943,64.19732862230568,19260,53.410536865694304
-6.005823,60,285.079738,False,False,0.0711845645592256,87.55570430688346,19320,71.1845645592256
-6.009704,60,285.079761,False,False,0.0115158965602324,87.29392687200766,19380,11.5158965602324
-6.001789,60,285.087277,False,False,0.1653929083164785,87.51497129265988,19440,165.3929083164785
-6.002975,60,289.135203,False,False,0.1044133461755694,78.39171344024093,19500,104.4133461755694
-5.995952,60,289.135722,False,False,0.1203496106730707,56.93329538840682,19560,120.3496106730707
-5.999589,60,289.136202,False,False,0.0900654674583374,69.03218783316379,19620,90.06546745833741
-6.001676,60,289.136743,False,False,0.0704989404197716,76.7315057664462,19680,70.4989404197716
-6.001971,60,292.23546,False,False,0.1107654839195606,71.95435614901076,19740,110.76548391956061
-7.991924,60,292.242,False,True,0.006079054927945,78.77483829731763,19800,6.079054927945
-6.003752,60,292.245453,False,False,0.0958406169338626,86.1082753467283,19860,95.8406169338626
-6.110888,60,292.250995,False,False,0.0602950962190109,81.89555457316642,19920,60.2950962190109
-6.011401,60,296.148487,False,False,0.0156256250098705,86.5681539449227,19980,15.6256250098705
-5.91301,60,296.148487,False,False,0.0180340960625881,62.28706067721728,20040,18.0340960625881
-6.00286,60,296.159013,False,False,0.0271600671223415,76.29004276776064,20100,27.160067122341502
-5.955928,60,296.159013,False,False,0.006363331880774,63.68069357269524,20160,6.363331880774
-6.021728,60,299.228901,False,False,0.0918108379986074,87.2733628242742,20220,91.8108379986074
-6.001481,60,299.235902,False,False,0.0130047428662947,76.07083516383915,20280,13.0047428662947
-6.078595,60,299.237447,False,False,0.0197740755455914,88.76474143291044,20340,19.7740755455914
-6.000314,60,299.240435,False,False,0.1540177433066476,76.42865136333553,20400,154.01774330664762
-5.991517,60,303.223165,False,False,0.012685465517418,74.85619987987384,20460,12.685465517418
-6.021282,60,303.224163,False,False,0.0041245785321365,85.7825219708868,20520,4.1245785321365
-5.987888,60,303.227711,False,False,0.0086529576819759,71.63429416532365,20580,8.6529576819759
-6.006405,60,303.2357,False,False,0.0449968140401847,84.2064097900709,20640,44.9968140401847
-5.999789,60,306.287722,False,False,0.0130652923033891,77.22954419444798,20700,13.0652923033891
-6.008625,60,306.292262,False,False,0.0170048570464199,69.58356679696443,20760,17.0048570464199
-6.00542,60,306.292747,False,False,0.0674702402286355,89.04994407062759,20820,67.4702402286355
-6.102205,60,306.299261,False,False,0.0749207463944082,57.060252618853234,20880,74.9207463944082
-6.010092,60,310.163802,False,False,0.059728939057041,80.57413725932379,20940,59.728939057040996
-5.995453,60,310.167511,False,False,0.0320932015630694,72.95722778262999,21000,32.0932015630694
-6.003705,60,310.170858,False,False,0.1032340337986874,80.33751561955555,21060,103.23403379868739
-5.970347,60,310.176399,False,False,0.002037992676786,66.67414223834383,21120,2.0379926767859997
-5.995173,60,313.271441,False,False,0.0511876504440295,76.04279255647104,21180,51.1876504440295
-5.994396,60,313.273438,False,False,0.0118372808859093,72.27320849190197,21240,11.8372808859093
-5.908429,60,313.27898,False,False,0.0370984149664422,67.13680580203038,21300,37.0984149664422
-6.004224,60,313.282969,False,False,0.0515646046991411,88.16124148880836,21360,51.5646046991411
-5.992338,60,317.283366,False,False,0.061647867748407,65.55631146988327,21420,61.647867748406995
-5.989634,60,317.284359,False,False,0.0389969452158421,67.20823911127711,21480,38.996945215842096
-5.998987,60,317.290905,False,False,0.0456676442725783,78.79405151192083,21540,45.6676442725783
-5.962142,60,317.292898,False,False,0.0286470761760464,56.959376306977454,21600,28.6470761760464
-5.996223,60,320.416803,False,False,0.0427589247903706,72.08308217490509,21660,42.7589247903706
-5.974352,60,320.417801,False,False,0.0742782154436316,49.76107099147284,21720,74.2782154436316
-5.966091,60,320.422323,False,False,0.0013602537803216,68.42066807039132,21780,1.3602537803216
-5.998891,60,320.42534,False,False,0.0713436329841776,63.84124945763661,21840,71.3436329841776
-7.983457,60,324.314337,False,True,0.01667142530703,68.7244019360582,21900,16.67142530703
-5.994163,60,324.315337,False,False,0.0194706633861692,70.70278904289303,21960,19.4706633861692
-5.985741,60,324.321876,False,False,0.0017559067433015,68.61683164113738,22020,1.7559067433015
-6.004307,60,324.322876,False,False,0.0756035316101547,85.25856577281967,22080,75.6035316101547
-5.86381,60,327.491648,False,False,0.0023430134275163,73.61204331620269,22140,2.3430134275162997
-5.92546,60,327.496319,False,False,0.0124216460028877,55.24965625474976,22200,12.4216460028877
-5.961152,60,327.49721,False,False,0.033448343516443,57.95323851217712,22260,33.448343516442996
-5.977917,60,327.503857,False,False,0.0062313877357534,66.83920947162974,22320,6.231387735753399
-5.985803,60,331.466082,False,False,0.0538514189642156,62.68419372119506,22380,53.851418964215604
-5.911791,60,331.466082,False,False,0.0223755804473642,50.52697955460601,22440,22.3755804473642
-5.968653,60,331.480615,False,False,0.0003444221915609,66.14339218731376,22500,0.3444221915609
-5.975619,60,331.480615,False,False,0.0165716017314566,64.83641076817975,22560,16.5716017314566
-5.99915,60,334.614706,False,False,0.1364491014816338,65.88724023295954,22620,136.44910148163382
-5.92428,60,334.61625,False,False,0.0231300062264331,53.57117183217329,22680,23.1300062264331
-5.980118,60,334.617247,False,False,0.0138103185939362,67.92195829381222,22740,13.8103185939362
-5.994302,60,334.621238,False,False,0.0417977589983302,69.85253756771807,22800,41.7977589983302
-6.00815,60,337.635184,False,False,0.082886895150238,86.90479463577262,22860,82.886895150238
-6.132318,60,337.640277,False,False,0.0682487027223757,63.42668390846175,22920,68.2487027223757
-5.97708,60,337.641189,False,False,0.0191272225110009,64.89007661080724,22980,19.1272225110009
-5.989742,60,337.648728,False,False,0.0308654862848004,70.71224233729798,23040,30.8654862848004
-5.994782,60,341.67154,False,False,0.0799662553822501,65.40351126564754,23100,79.96625538225011
-6.001834,60,341.679079,False,False,0.0061436138303444,78.74846550139958,23160,6.1436138303444
-5.990449,60,341.681527,False,False,0.0343221930782567,71.76856440945025,23220,34.3221930782567
-6.001956,60,341.689066,False,False,0.0324014436347331,80.40686221480912,23280,32.4014436347331
-5.985783,60,344.822065,False,False,0.0718354736200885,61.195932016321166,23340,71.83547362008851
-6.001875,60,344.829066,False,False,0.1267628935282892,89.5737637217334,23400,126.76289352828921
-5.993314,60,344.829603,False,False,0.089228732286392,62.835438132766086,23460,89.228732286392
-5.998427,60,344.835603,False,False,0.0825568839007994,71.10459117638558,23520,82.5568839007994
-6.002,60,348.816035,False,False,0.0979465020561277,84.07428144769887,23580,97.9465020561277
-5.989532,60,348.823573,False,False,0.0815400510731219,58.555584480785626,23640,81.5400510731219
-5.949753,60,348.825033,False,False,0.0230907190185572,55.07007012671134,23700,23.0907190185572
-6.009937,60,348.833567,False,False,0.0230876148167577,77.9787508178572,23760,23.0876148167577
-5.981539,60,351.963852,False,False,0.0148171202184225,64.86452317720153,23820,14.8171202184225
-6.000203,60,351.969391,False,False,0.1101161092734683,69.42381589270536,23880,110.1161092734683
-5.982217,60,351.969903,False,False,0.073617109279965,54.652450618311406,23940,73.61710927996499
-5.960103,60,351.976447,False,False,0.0117965642293773,60.38980163504394,24000,11.796564229377301
-5.9551,60,355.96488,False,False,0.0238168911770319,54.65072666748577,24060,23.8168911770319
-5.998818,60,355.966871,False,False,0.0841549528487541,76.96368306145312,24120,84.1549528487541
-5.943828,60,355.980402,False,False,0.0634106109845785,46.73570604475916,24180,63.4106109845785
-6.002224,60,355.980402,False,False,0.1323699086243649,85.59029781669341,24240,132.3699086243649
-8.002505,60,359.212824,False,True,0.0999581342679447,78.60820936911097,24300,99.9581342679447
-6.002535,60,359.220363,False,False,0.0625291748649829,74.45206559129352,24360,62.5291748649829
-5.992283,60,359.224823,False,False,0.0550582117732564,71.27286871388506,24420,55.058211773256396
-5.996761,60,359.232362,False,False,0.0438838237213864,73.6278543473557,24480,43.8838237213864
-5.977827,60,363.194005,False,False,0.027474632630229,64.24672146268301,24540,27.474632630229
-8.005791,60,363.194999,False,True,0.0324390477882735,80.61440204730268,24600,32.4390477882735
-6.004283,60,363.208086,False,False,0.0516125507558938,77.97633614948538,24660,51.6125507558938
-5.915055,60,363.210084,False,False,0.0053766352502225,55.444219651862106,24720,5.3766352502225
-5.998271,60,366.272004,False,False,0.0046451115854862,75.52506902710311,24780,4.6451115854862
-6.001652,60,366.27806,False,False,0.1282703578667539,84.9069513922189,24840,128.2703578667539
-5.939638,60,366.283142,False,False,0.0172964214495642,56.8914160148479,24900,17.2964214495642
-6.007677,60,366.29068,False,False,0.041055970145697,71.7989459564338,24960,41.055970145697
-5.969986,60,370.227706,False,False,0.0050130970087871,67.32104962519692,25020,5.0130970087871
-5.984279,60,370.231699,False,False,0.0415108923638145,64.21565188698835,25080,41.5108923638145
-6.004111,60,370.233242,False,False,0.0620331248121671,83.28291949313535,25140,62.0331248121671
-5.973152,60,370.235244,False,False,0.028269430821165,63.25178750224936,25200,28.269430821165
-5.981621,60,373.326771,False,False,0.0027784688254153,67.93560408279973,25260,2.7784688254153
-5.999968,60,373.334309,False,False,0.1285969580599805,71.81963861834528,25320,128.5969580599805
-5.991005,60,373.33777,False,False,0.0115547719138733,72.33215688693042,25380,11.5547719138733
-6.014021,60,373.344308,False,False,0.0239825973840366,83.40856506895592,25440,23.9825973840366
-6.015303,60,377.29348,False,False,0.0201403372040715,86.77135947987328,25500,20.1403372040715
-6.113732,60,377.298775,False,False,0.0305368145501494,87.54392189814507,25560,30.5368145501494
-6.01415,60,377.30002,False,False,0.0193498934270427,87.69026796221897,25620,19.3498934270427
-6.003366,60,377.307312,False,False,0.0069502339812235,82.13196197206594,25680,6.950233981223501
-6.001951,60,380.434598,False,False,0.0049937339790714,76.50077030839553,25740,4.9937339790714
-6.002318,60,380.438588,False,False,0.0709116538880419,82.3701621020227,25800,70.9116538880419
-6.151764,60,380.442136,False,False,0.0098500067555436,80.42135407299115,25860,9.8500067555436
-5.791838,60,380.444137,False,False,0.0237127779145339,65.90556522307787,25920,23.712777914533902
-6.007462,60,384.396733,False,False,0.0159879175069575,79.87342375895841,25980,15.987917506957501
-6.004654,60,384.397731,False,False,0.0034923969331827,81.08090582248597,26040,3.4923969331827
-5.987328,60,384.407268,False,False,0.0073002707618003,66.25463847548771,26100,7.3002707618003
-6.00597,60,384.408269,False,False,0.0236460282550654,87.79981850837686,26160,23.6460282550654
-6.004563,60,387.519878,False,False,0.0705996849700346,78.68396018617267,26220,70.5996849700346
-5.999652,60,387.521874,False,False,0.065862799193409,71.97569281937626,26280,65.862799193409
-5.790269,60,387.526416,False,False,0.0302964921739416,63.06449843526327,26340,30.296492173941598
-5.925045,60,387.530408,False,False,0.0152328677725298,53.48174731269928,26400,15.232867772529799
-5.999855,60,391.489881,False,False,0.1037348758606263,75.0043034052757,26460,103.7348758606263
-8.007504,60,391.492424,False,True,0.0638930988593414,86.65109529142865,26520,63.8930988593414
-5.99671,60,391.493884,False,False,0.0129933316562378,80.47895979707728,26580,12.993331656237801
-8.169534,60,391.495424,False,True,0.0766822628213028,83.16840674117425,26640,76.6822628213028
-5.994201,60,394.579346,False,False,0.018361249709986,73.21205142346828,26700,18.361249709986
-5.995157,60,394.581343,False,False,0.0433518225547782,73.79267843973,26760,43.3518225547782
-6.00124,60,394.586884,False,False,0.1009856225023358,87.67289686071993,26820,100.9856225023358
-6.015794,60,394.586884,False,False,0.0845293623258766,79.89435149922585,26880,84.5293623258766
-6.00581,60,397.63799,False,False,0.0487928676173105,84.29725290182115,26940,48.7928676173105
-7.99997,60,397.640125,False,True,0.0216201894471117,79.06262692586449,27000,21.6201894471117
-6.004336,60,397.646526,False,False,0.0927940173878866,80.6235344441824,27060,92.7940173878866
-5.965128,60,397.647045,False,False,0.0269557524751586,58.23813275491634,27120,26.9557524751586
-5.999705,60,401.637867,False,False,0.0632051196035428,84.1880355875197,27180,63.205119603542805
-6.001678,60,401.644405,False,False,0.0821096934543071,84.52374470530854,27240,82.1096934543071
-6.005572,60,401.650904,False,False,0.0610042905132524,87.81788820876795,27300,61.0042905132524
-6.00505,60,401.658442,False,False,0.0057524267485337,80.85582679651021,27360,5.7524267485337
-5.997607,60,404.83413,False,False,0.0980541276591651,71.84495688792819,27420,98.0541276591651
-5.997552,60,404.834598,False,False,0.0378987353476974,78.78497160111556,27480,37.898735347697404
-5.98449,60,404.838142,False,False,0.0383441746027398,62.65222777140082,27540,38.3441746027398
-5.914146,60,404.838595,False,False,0.011512729752768,49.908197364679005,27600,11.512729752768
-5.998579,60,408.808928,False,False,0.0684165870963087,74.57708464685761,27660,68.4165870963087
-5.959374,60,408.816467,False,False,0.0235245109953441,60.98139050333153,27720,23.5245109953441
-6.124803,60,408.819937,False,False,0.0077299147897464,67.7819460222062,27780,7.729914789746401
-6.043063,60,408.824479,False,False,0.0434064331118457,75.55391032993887,27840,43.4064331118457
-6.010493,60,411.890953,False,False,0.0155296833439168,78.91236546384796,27900,15.529683343916801
-6.001781,60,411.891946,False,False,0.0866214679611985,88.90273320947406,27960,86.6214679611985
-6.110118,60,411.893477,False,False,0.0038963703972601,66.13945322548247,28020,3.8963703972601
-6.000867,60,411.893477,False,False,0.0905205293641937,76.50085449093037,28080,90.5205293641937
-7.982426,60,415.874765,False,True,0.012328059874473,69.36682938301496,28140,12.328059874473
-5.999997,60,415.87828,False,False,0.0436976529680966,78.3766890163379,28200,43.6976529680966
-5.96518,60,415.879319,False,False,0.0014023286535613,65.75184360579368,28260,1.4023286535613
-5.996514,60,415.885819,False,False,0.020561065663075,79.22446190532551,28320,20.561065663075002
-6.000833,60,419.018459,False,False,0.0354794850641496,76.34329030425218,28380,35.4794850641496
-6.010055,60,419.023835,False,False,0.0262950563308354,87.57392635109801,28440,26.2950563308354
-5.986471,60,419.027349,False,False,0.010559206630342,73.68221857316675,28500,10.559206630342
-5.994412,60,419.032461,False,False,0.0421004434064981,72.05088775075184,28560,42.1004434064981
-5.999655,60,422.954484,False,False,0.0433374163133345,78.81154129627485,28620,43.3374163133345
-6.0018,60,422.954484,False,False,0.0968700796472479,83.11309246914242,28680,96.8700796472479
-6.054626,60,422.968024,False,False,0.0351898723967121,65.19291341142035,28740,35.1898723967121
-7.991523,60,422.97102,False,True,0.0057123248449373,71.28142696794602,28800,5.7123248449373
-6.011296,60,426.042709,False,False,0.0055601924588505,89.75019782426536,28860,5.5601924588505005
-6.000104,60,426.050247,False,False,0.0659264045561924,79.12571641082432,28920,65.92640455619241
-6.005195,60,426.05074,False,False,0.0409599599315123,70.49363231428778,28980,40.9599599315123
-5.993204,60,426.056278,False,False,0.0508340597131372,69.26586071826284,29040,50.8340597131372
-6.000447,60,430.023155,False,False,0.105706322192318,73.77765475069518,29100,105.706322192318
-6.003646,60,430.02615,False,False,0.0182220356956639,84.21979083768971,29160,18.222035695663898
-6.006198,60,430.030694,False,False,0.062000274864938,88.5147551491922,29220,62.000274864938
-5.996146,60,430.035684,False,False,0.0661087800926195,72.78301824801375,29280,66.1087800926195
-8.000536,60,433.17703,False,True,0.0244178962413819,76.88220870090034,29340,24.4178962413819
-5.974883,60,433.17703,False,False,0.0319088897581808,63.82676213256696,29400,31.9088897581808
-6.00405,60,433.183571,False,False,0.080131692213006,89.6620562753981,29460,80.131692213006
-6.005274,60,433.183571,False,False,0.0272637714610593,86.97373275002963,29520,27.2637714610593
-6.00439,60,437.2277,False,False,0.0735036380191497,89.90582514465049,29580,73.5036380191497
-6.010684,60,437.230741,False,False,0.0180694028693248,88.43899551026523,29640,18.0694028693248
-6.064185,60,437.23092,False,False,0.0202018257635057,85.98430201173635,29700,20.2018257635057
-6.000224,60,437.236245,False,False,0.1057737975181544,77.94848930991989,29760,105.7737975181544
-6.005149,60,440.35277,False,False,0.0230478443186645,81.05930016912916,29820,23.0478443186645
-6.000353,60,440.359313,False,False,0.1033513796153727,71.9977929646653,29880,103.35137961537271
-6.010302,60,440.366074,False,False,0.075807141270675,88.37401485013055,29940,75.807141270675
-10.009032,60,440.372612,False,True,0.0101631854601935,81.79658307115685,30000,10.1631854601935
-8.020817,60,444.262975,False,True,0.024895619659979,83.74825080933256,30060,24.895619659978998
-6.014837,60,444.267316,False,False,0.0302332069422241,72.48334705704293,30120,30.2332069422241
-7.965477,60,444.269528,False,True,0.0302383209335625,60.43070515704752,30180,30.238320933562502
-6.001905,60,444.274854,False,False,0.0426668423694389,81.10258266206722,30240,42.666842369438896
-6.011874,60,447.355504,False,False,0.0132243468910685,88.93756868244147,30300,13.2243468910685
-6.003089,60,447.363043,False,False,0.0314256308308904,85.52064621867927,30360,31.4256308308904
-5.995565,60,447.369776,False,False,0.0023348200651693,82.67556510726595,30420,2.3348200651693003
-6.007047,60,447.377315,False,False,0.0342734656915102,87.00915062823096,30480,34.2734656915102
-6.088199,60,450.482248,False,False,0.0619196347567942,87.15771032666552,30540,61.919634756794196
-6.011977,60,450.485243,False,False,0.0116226715241919,89.05293682028471,30600,11.6226715241919
-6.002458,60,450.489786,False,False,0.0847713170247443,83.9687851071328,30660,84.7713170247443
-6.005222,60,450.493783,False,False,0.0731852826969568,87.42724790808036,30720,73.1852826969568
-6.003378,60,454.41505,False,False,0.0877922386806992,83.60640906206393,30780,87.7922386806992
-6.009164,60,454.420044,False,False,0.0043885969662636,88.37625949572057,30840,4.3885969662636
-6.002786,60,454.423592,False,False,0.0411112368191547,80.2449939185468,30900,41.1112368191547
-6.00904,60,454.427583,False,False,0.0507903208725552,84.22486679622347,30960,50.7903208725552
-5.980798,60,457.52059,False,False,0.0197021668498018,68.80693846383797,31020,19.7021668498018
-6.001652,60,457.52059,False,False,0.0754713636253534,84.05489719959742,31080,75.47136362535339
-5.992108,60,457.52713,False,False,0.0196241007658681,69.28345645767328,31140,19.6241007658681
-6.006283,60,457.532112,False,False,0.0258720198886477,74.36088460003793,31200,25.8720198886477
-7.998472,60,461.533293,False,True,0.0423172958108814,84.15688034758878,31260,42.317295810881404
-5.618487,60,461.541329,False,False,0.0590177304381582,87.02270009685776,31320,59.0177304381582
-6.011444,60,461.543886,False,False,0.0117709969891495,86.34335692668076,31380,11.7709969891495
-5.976171,60,461.544874,False,False,0.0046247175937394,71.56113162657351,31440,4.6247175937394
-5.989032,60,464.634425,False,False,0.030378222802981,70.35363062497026,31500,30.378222802981
-6.003303,60,464.640975,False,False,0.0671998613719432,84.79762404416228,31560,67.1998613719432
-5.879223,60,464.643466,False,False,0.0363124075479796,83.27300611953888,31620,36.312407547979596
-6.005394,60,464.650008,False,False,0.0268715232107468,84.9681809442277,31680,26.8715232107468
-6.001297,60,468.586808,False,False,0.0866018269259848,86.79379962911585,31740,86.6018269259848
-6.002252,60,468.590353,False,False,0.0504007309358842,81.49080096155147,31800,50.4007309358842
-6.015579,60,468.592805,False,False,0.0152097352614976,85.46028870869391,31860,15.2097352614976
-5.990836,60,468.600344,False,False,0.0215189557265792,79.83391875884453,31920,21.5189557265792
-5.999975,60,471.713884,False,False,0.1116959744273997,76.81387622245724,31980,111.6959744273997
-6.00137,60,471.716879,False,False,0.0880572087183714,88.42502061115505,32040,88.0572087183714
-6.009457,60,471.718422,False,False,0.0134350638599771,88.89090045915317,32100,13.4350638599771
-6.002347,60,471.721423,False,False,0.0534656071093136,84.40526378860898,32160,53.465607109313595
-6.002295,60,475.630889,False,False,0.0520851721331077,82.08362103488737,32220,52.0851721331077
-6.000144,60,475.633883,False,False,0.0879229426361337,83.24793013918011,32280,87.92294263613371
-6.018609,60,475.638427,False,False,0.0438523050062372,86.6229842976741,32340,43.8523050062372
-6.012376,60,475.641421,False,False,0.0221131042403228,85.37830943810192,32400,22.1131042403228
-5.991048,60,478.768644,False,False,0.0008707031498569,83.396222120272,32460,0.8707031498569
-6.005605,60,478.773639,False,False,0.0335707465712915,89.82895138825164,32520,33.5707465712915
-5.993174,60,478.777184,False,False,0.0623426045024251,71.86439342812096,32580,62.3426045024251
-6.003528,60,478.781178,False,False,0.0591574116258821,78.56875232581524,32640,59.157411625882105
-6.002674,60,482.721724,False,False,0.0376117402959529,86.24785074968176,32700,37.6117402959529
-6.016739,60,482.723721,False,False,0.0063420956021777,89.67810004869449,32760,6.3420956021777
-6.004567,60,482.728262,False,False,0.051303474835431,83.69098205455589,32820,51.303474835431
-5.993284,60,482.730259,False,False,0.0238413667754958,74.6243466826338,32880,23.8413667754958
-6.013747,60,485.857266,False,False,0.0109922929843752,87.80417040229572,32940,10.9922929843752
-6.001792,60,485.858275,False,False,0.0141568480841514,84.96524610976766,33000,14.1568480841514
-6.01178,60,485.862205,False,False,0.000481210546126,89.79474759837488,33060,0.481210546126
-6.004909,60,485.865813,False,False,0.0579144699571409,87.127834066101,33120,57.914469957140895
-6.002297,60,489.778031,False,False,0.0392782950659227,83.83962145213629,33180,39.278295065922705
-5.99941,60,489.783049,False,False,0.003631206741858,81.70752386380998,33240,3.631206741858
-6.011063,60,489.783571,False,False,0.0552620182208491,85.27888363345814,33300,55.2620182208491
-6.006747,60,489.789589,False,False,0.0494782302657009,83.7665515102392,33360,49.478230265700894
-5.999022,60,492.927528,False,False,0.0153481263492505,75.22113051842858,33420,15.3481263492505
-8.004175,60,492.930523,False,True,0.0537354282495959,88.24895073351871,33480,53.7354282495959
-5.855191,60,492.932062,False,False,0.0209533821834164,78.49082447244787,33540,20.953382183416398
-5.985377,60,492.937061,False,False,0.0028934119053081,74.21707909118695,33600,2.8934119053081
-6.001732,60,496.882684,False,False,0.0176201021738393,84.23390467144573,33660,17.6201021738393
-5.998745,60,496.885683,False,False,0.0758191915625526,74.4461581447236,33720,75.81919156255259
-8.00943,60,496.892226,False,True,0.0022248833310993,80.04768726371891,33780,2.2248833310992997
-6.111264,60,496.894223,False,False,0.0092584762547817,84.10893776398278,33840,9.258476254781701
-8.001657,60,499.998877,False,True,0.0854416005553845,85.17521010538034,33900,85.4416005553845
-6.003437,60,499.998877,False,False,0.0745547021989432,83.33317950939326,33960,74.55470219894319
-8.115177,60,500.000396,False,True,0.0017884032788356,88.41908209838671,34020,1.7884032788356001
-5.998725,60,500.002415,False,False,0.0373646132549925,70.63322169611932,34080,37.3646132549925
-5.991349,60,503.98891,False,False,0.0143257891291235,77.19281790017317,34140,14.3257891291235
-6.000417,60,503.997445,False,False,0.0205447092056589,85.40567404304207,34200,20.5447092056589
-6.001951,60,504.001915,False,False,0.0480307052394514,80.45266854924489,34260,48.0307052394514
-6.112879,60,504.002442,False,False,0.024680860803771,75.87182924460285,34320,24.680860803771
-5.986336,60,507.112572,False,False,0.0633594414017727,62.04668077963719,34380,63.3594414017727
-6.003742,60,507.114552,False,False,0.0036023993437001,81.73537677582378,34440,3.6023993437001
-8.004005,60,507.126661,False,True,0.0296822421356489,80.0708555424496,34500,29.6822421356489
-6.003272,60,507.132179,False,False,0.0138142844411618,80.58600277296081,34560,13.8142844411618
-6.113611,60,510.238793,False,False,0.0130553626325464,78.70076901363802,34620,13.0553626325464
-5.996698,60,510.245335,False,False,0.0506815718190971,76.98545873988535,34680,50.681571819097094
-6.009385,60,510.250836,False,False,0.0119557378067391,80.79058051901868,34740,11.9557378067391
-6.007878,60,510.257322,False,False,0.0117982468250025,87.12561709220375,34800,11.7982468250025
-5.999185,60,514.182313,False,False,0.0919227556712486,78.23099995739159,34860,91.9227556712486
-5.998364,60,514.183307,False,False,0.0600023436550053,77.96500269899306,34920,60.0023436550053
-5.997486,60,514.191844,False,False,0.0404875344236814,76.65350780807799,34980,40.4875344236814
-5.999604,60,514.192835,False,False,0.1165398151808176,73.2498666891945,35040,116.5398151808176
-6.000803,60,517.338139,False,False,0.1042677530398523,85.94077986719648,35100,104.26775303985231
-6.153261,60,517.338139,False,False,0.0672304806583105,62.002647222864745,35160,67.2304806583105
-6.003753,60,517.34514,False,False,0.0506066865227439,86.18348331332324,35220,50.6066865227439
-5.992857,60,517.345678,False,False,0.0115258326093489,72.21019196814251,35280,11.5258326093489
-6.000517,60,521.367726,False,False,0.0351330341164985,74.074512000338,35340,35.1330341164985
-5.99527,60,521.374267,False,False,0.0326608114682238,71.21731550720456,35400,32.6608114682238
-9.996534,60,521.374536,False,True,0.0030115593017366,74.54302420153839,35460,3.0115593017366002
-5.986637,60,521.383075,False,False,0.0004938735378109,75.89345655488191,35520,0.4938735378109
-6.00112,60,524.433759,False,False,0.0046399385441459,82.52219306933351,35580,4.6399385441459
-6.12129,60,524.442319,False,False,0.0346350650384395,73.3122018033302,35640,34.6350650384395
-6.087142,60,524.445313,False,False,0.0170719999369081,80.16437572803423,35700,17.0719999369081
-6.001862,60,524.445773,False,False,0.1193479834053111,88.78450295457603,35760,119.3479834053111
-6.001463,60,528.434659,False,False,0.0133554708202017,81.58702715083591,35820,13.355470820201699
-6.006674,60,528.438655,False,False,0.039642099726582,81.79737222061985,35880,39.642099726582
-6.171051,60,528.441201,False,False,0.0366415988526251,86.0047816445734,35940,36.6415988526251
-6.007119,60,528.443202,False,False,0.0327374622738207,86.29248028512738,36000,32.7374622738207
-6.006861,60,531.65417,False,False,0.0211067991224623,88.38857377134082,36060,21.1067991224623
-6.005785,60,531.660698,False,False,0.069144684177498,88.43322214515793,36120,69.14468417749801
-6.004143,60,531.660714,False,False,0.0819316926574225,87.32178625057446,36180,81.9316926574225
-6.008013,60,531.67038,False,False,0.023431659653385,85.80368950495176,36240,23.431659653385
-5.994152,60,535.603033,False,False,0.0506577989407639,71.21507737419503,36300,50.657798940763904
-6.006767,60,535.609578,False,False,0.0688231041361868,84.91250863307911,36360,68.8231041361868
-5.9967,60,535.610485,False,False,0.0952082922953405,63.62349144672957,36420,95.2082922953405
-5.992315,60,535.618023,False,False,0.0527039383759592,64.06753944801434,36480,52.7039383759592
-6.001734,60,538.765785,False,False,0.0954799000580233,78.91821725381972,36540,95.4799000580233
-6.006931,60,538.766787,False,False,0.0036588958083658,81.49766613205209,36600,3.6588958083658003
-6.001048,60,538.77942,False,False,0.0090208338614514,83.8512943508732,36660,9.0208338614514
-6.11745,60,538.77942,False,False,0.0322508062469342,73.76579180019223,36720,32.250806246934204
-6.013278,60,542.763793,False,False,0.0530876111999703,89.10613932799245,36780,53.0876111999703
-6.039521,60,542.770789,False,False,0.0823267023717263,72.12115937433964,36840,82.3267023717263
-6.004847,60,542.772316,False,False,0.0093411473392633,79.91851855997197,36900,9.341147339263301
-5.969275,60,542.781323,False,False,0.0598735295552737,89.03702205592846,36960,59.8735295552737
-6.004882,60,545.956404,False,False,0.0290176589687448,80.83019116111824,37020,29.0176589687448
-6.000517,60,545.962968,False,False,0.0302166461577367,79.88145177387979,37080,30.216646157736697
-6.005471,60,545.966018,False,False,0.0108225653839015,80.16581451371017,37140,10.8225653839015
-6.000723,60,545.972562,False,False,0.0121685924626008,76.68490831209252,37200,12.1685924626008
-5.993387,60,549.950927,False,False,0.0371615849235532,70.88564106733918,37260,37.1615849235532
-6.001998,60,549.956602,False,False,0.0128187230941173,77.10975901289311,37320,12.8187230941173
-6.001913,60,549.960461,False,False,0.0583217570202261,79.40089244942187,37380,58.3217570202261
-6.00526,60,549.96414,False,False,0.0050140902392383,81.02278367619616,37440,5.0140902392383
-5.991795,60,553.03672,False,False,0.0932299745429844,59.45685955896831,37500,93.2299745429844
-5.913149,60,553.041193,False,False,0.000109060218546,79.73493025218156,37560,0.109060218546
-6.015347,60,553.045246,False,False,0.0226322786553505,89.50095243056518,37620,22.632278655350497
-5.996054,60,553.047736,False,False,0.0008727590776052,79.15467539538331,37680,0.8727590776052
-5.99472,60,556.953348,False,False,0.021120723076649,73.07020253803378,37740,21.120723076649
-5.957981,60,556.960887,False,False,0.0286176313636316,83.68122432389997,37800,28.617631363631602
-6.001791,60,556.96337,False,False,0.0669132940522532,75.89770515058335,37860,66.9132940522532
-5.997686,60,556.970908,False,False,0.0934724342326165,66.81381413024681,37920,93.47243423261651
-6.005363,60,560.105345,False,False,0.1006080894031941,69.74571845112533,37980,100.6080894031941
-5.987757,60,560.105345,False,False,0.0941997976049917,82.61793724286741,38040,94.1997976049917
-6.011314,60,560.112884,False,False,0.0189917553592657,86.07588265241942,38100,18.9917553592657
-6.011777,60,560.115881,False,False,0.0311860676795905,88.81695298305175,38160,31.1860676795905
-5.967619,60,563.27685,False,False,0.0121919158219578,65.68378486724012,38220,12.1919158219578
-7.950269,60,563.281862,False,True,0.0575902125465145,48.87743991386019,38280,57.5902125465145
-5.895254,60,563.292444,False,False,0.0121617702834249,79.37865794737347,38340,12.1617702834249
-6.006762,60,563.294441,False,False,0.0132690564267721,85.20582176104725,38400,13.2690564267721
-6.005783,60,567.219923,False,False,0.0218166612526802,78.09674858843348,38460,21.816661252680202
-6.001604,60,567.227945,False,False,0.1429332139331728,82.43001145290508,38520,142.9332139331728
-6.003363,60,567.231483,False,False,0.0170502373895758,67.5098991341764,38580,17.050237389575802
-6.000688,60,567.235483,False,False,0.0067716906235936,77.18762459052041,38640,6.771690623593599
-5.989157,60,570.512939,False,False,0.0060117785229217,75.32796205525611,38700,6.011778522921699
-6.005323,60,570.520469,False,False,0.0460226378608647,79.70761895972899,38760,46.0226378608647
-5.996346,60,570.52701,False,False,0.023400097168145,71.76348871756868,38820,23.400097168145
-5.997313,60,570.528008,False,False,0.1162604020228105,61.0202644888324,38880,116.2604020228105
-8.005869,60,574.537601,False,True,0.08353195099196,83.90218009492824,38940,83.53195099195999
-6.006684,60,574.540594,False,False,0.0652288589245725,89.8290388525639,39000,65.2288589245725
-6.006015,60,574.546132,False,False,0.0254711573167763,83.87749028285651,39060,25.4711573167763
-6.005006,60,574.547132,False,False,0.0659222585450973,88.75138226003489,39120,65.92225854509729
-5.995329,60,577.588044,False,False,0.0239682703893285,76.74593523903201,39180,23.9682703893285
-5.958772,60,577.592044,False,False,0.0514580309066271,51.66978931345932,39240,51.4580309066271
-6.008653,60,577.593144,False,False,0.0972081226211756,83.17632033245529,39300,97.2081226211756
-6.007815,60,577.601578,False,False,0.0038727115450547,84.72851084564603,39360,3.8727115450547003
-6.005009,60,581.589468,False,False,0.0518865111696976,80.18322156482719,39420,51.8865111696976
-5.992813,60,581.590466,False,False,0.0487211601437537,67.33386715253337,39480,48.7211601437537
-5.99691,60,581.597007,False,False,0.0552392289979614,74.46327629838264,39540,55.239228997961405
-6.008116,60,581.597007,False,False,0.0342439525499784,74.84180766487316,39600,34.243952549978395
-5.988789,60,584.674526,False,False,0.0433489999079763,67.8224672135805,39660,43.3489999079763
-6.103038,60,584.675605,False,False,0.0296617248189153,85.27467940437387,39720,29.6617248189153
-6.002795,60,584.684141,False,False,0.033586521872545,87.70909066547804,39780,33.586521872545
-5.99369,60,584.685137,False,False,0.044342063646506,71.39849094575251,39840,44.342063646506006
-6.017179,60,588.700902,False,False,0.0216226336386405,87.50159374882118,39900,21.6226336386405
-6.00956,60,588.707444,False,False,0.0097871627766679,85.05691365696046,39960,9.7871627766679
-6.010663,60,588.709894,False,False,0.0727388814278697,66.07776108549885,40020,72.7388814278697
-6.003562,60,588.714437,False,False,0.1253233465571097,82.88700719109204,40080,125.32334655710969
-6.111944,60,591.771837,False,False,0.0436756663985191,85.08968899611304,40140,43.6756663985191
-6.003974,60,591.781835,False,False,0.0598057303580371,88.11873071064537,40200,59.8057303580371
-6.001416,60,591.784373,False,False,0.0555446735166149,81.77598341693015,40260,55.5446735166149
-6.002683,60,591.791371,False,False,0.0814432555440377,82.88936131752351,40320,81.4432555440377
